probability,segment,action,expected_value,decision,timestamp,request_id,model_version
0.99,high_risk,premium_retention_offer,68.8,Send premium retention offer,2026-05-05T10:18:54.817Z,1777976334817,v1
0.43,low_medium,no_action,0,No action,2026-05-05T10:18:54.817Z,1777976334817,v1
1,high_risk,premium_retention_offer,70,Send premium retention offer,2026-05-05T10:18:54.817Z,1777976334817,v1
0,low_risk,no_action,0,No action,2026-05-05T10:18:54.817Z,1777976334817,v1
0,low_risk,no_action,0,No action,2026-05-05T10:18:54.817Z,1777976334817,v1
1,high_risk,premium_retention_offer,70,Send premium retention offer,2026-05-05T10:18:54.817Z,1777976334817,v1
0,low_risk,no_action,0,No action,2026-05-05T10:18:54.817Z,1777976334817,v1
1,high_risk,premium_retention_offer,70,Send premium retention offer,2026-05-05T10:18:54.817Z,1777976334817,v1
0,low_risk,no_action,0,No action,2026-05-05T10:18:54.817Z,1777976334817,v1
0,low_risk,no_action,0,No action,2026-05-05T10:18:54.817Z,1777976334817,v1
0,low_risk,no_action,0,No action,2026-05-05T10:18:54.817Z,1777976334817,v1
0,low_risk,no_action,0,No action,2026-05-05T10:18:54.817Z,1777976334817,v1
0,low_risk,no_action,0,No action,2026-05-05T10:18:54.817Z,1777976334817,v1
0,low_risk,no_action,0,No action,2026-05-05T10:18:54.817Z,1777976334817,v1
0,low_risk,no_action,0,No action,2026-05-05T10:18:54.817Z,1777976334817,v1
0,low_risk,no_action,0,No action,2026-05-05T10:18:54.817Z,1777976334817,v1
0.66,medium_risk,email_campaign,24.7,Send email campaign,2026-05-05T10:18:54.817Z,1777976334817,v1
0,low_risk,no_action,0,No action,2026-05-05T10:18:54.817Z,1777976334817,v1
0,low_risk,no_action,0,No action,2026-05-05T10:18:54.817Z,1777976334817,v1
0,low_risk,no_action,0,No action,2026-05-05T10:18:54.817Z,1777976334817,v1
0,low_risk,no_action,0,No action,2026-05-05T10:18:54.817Z,1777976334817,v1
0,low_risk,no_action,0,No action,2026-05-05T10:18:54.817Z,1777976334817,v1
1,high_risk,premium_retention_offer,70,Send premium retention offer,2026-05-05T10:18:54.817Z,1777976334817,v1
0,low_risk,no_action,0,No action,2026-05-05T10:18:54.817Z,1777976334817,v1
0,low_risk,no_action,0,No action,2026-05-05T10:18:54.817Z,1777976334817,v1
0,low_risk,no_action,0,No action,2026-05-05T10:18:54.817Z,1777976334817,v1
0,low_risk,no_action,0,No action,2026-05-05T10:18:54.817Z,1777976334817,v1
0,low_risk,no_action,0,No action,2026-05-05T10:18:54.817Z,1777976334817,v1
0,low_risk,no_action,0,No action,2026-05-05T10:18:54.817Z,1777976334817,v1
0,low_risk,no_action,0,No action,2026-05-05T10:18:54.817Z,1777976334817,v1
0.99,high_risk,premium_retention_offer,68.8,Send premium retention offer,2026-05-05T10:18:54.817Z,1777976334817,v1
0,low_risk,no_action,0,No action,2026-05-05T10:18:54.817Z,1777976334817,v1
0,low_risk,no_action,0,No action,2026-05-05T10:18:54.817Z,1777976334817,v1
0,low_risk,no_action,0,No action,2026-05-05T10:18:54.817Z,1777976334817,v1
0,low_risk,no_action,0,No action,2026-05-05T10:18:54.817Z,1777976334817,v1
1,high_risk,premium_retention_offer,70,Send premium retention offer,2026-05-05T10:18:54.817Z,1777976334817,v1
0,low_risk,no_action,0,No action,2026-05-05T10:18:54.817Z,1777976334817,v1
0.01,low_risk,no_action,0,No action,2026-05-05T10:18:54.817Z,1777976334817,v1
0,low_risk,no_action,0,No action,2026-05-05T10:18:54.817Z,1777976334817,v1
0,low_risk,no_action,0,No action,2026-05-05T10:18:54.817Z,1777976334817,v1
0,low_risk,no_action,0,No action,2026-05-05T10:18:54.817Z,1777976334817,v1
1,high_risk,premium_retention_offer,70,Send premium retention offer,2026-05-05T10:18:54.817Z,1777976334817,v1
0,low_risk,no_action,0,No action,2026-05-05T10:18:54.817Z,1777976334817,v1
1,high_risk,premium_retention_offer,70,Send premium retention offer,2026-05-05T10:18:54.817Z,1777976334817,v1
0,low_risk,no_action,0,No action,2026-05-05T10:18:54.817Z,1777976334817,v1
0,low_risk,no_action,0,No action,2026-05-05T10:18:54.817Z,1777976334817,v1
1,high_risk,premium_retention_offer,70,Send premium retention offer,2026-05-05T10:18:54.817Z,1777976334817,v1
1,high_risk,premium_retention_offer,70,Send premium retention offer,2026-05-05T10:18:54.817Z,1777976334817,v1
0,low_risk,no_action,0,No action,2026-05-05T10:18:54.817Z,1777976334817,v1
0,low_risk,no_action,0,No action,2026-05-05T10:18:54.817Z,1777976334817,v1
0,low_risk,no_action,0,No action,2026-05-05T10:18:54.817Z,1777976334817,v1
0,low_risk,no_action,0,No action,2026-05-05T10:18:54.817Z,1777976334817,v1
0,low_risk,no_action,0,No action,2026-05-05T10:18:54.817Z,1777976334817,v1
1,high_risk,premium_retention_offer,70,Send premium retention offer,2026-05-05T10:18:54.817Z,1777976334817,v1
0.94,high_risk,premium_retention_offer,62.8,Send premium retention offer,2026-05-05T10:18:54.817Z,1777976334817,v1
0,low_risk,no_action,0,No action,2026-05-05T10:18:54.817Z,1777976334817,v1
0,low_risk,no_action,0,No action,2026-05-05T10:18:54.817Z,1777976334817,v1
0,low_risk,no_action,0,No action,2026-05-05T10:18:54.817Z,1777976334817,v1
1,high_risk,premium_retention_offer,70,Send premium retention offer,2026-05-05T10:18:54.817Z,1777976334817,v1
0,low_risk,no_action,0,No action,2026-05-05T10:18:54.817Z,1777976334817,v1
0,low_risk,no_action,0,No action,2026-05-05T10:18:54.817Z,1777976334817,v1
0,low_risk,no_action,0,No action,2026-05-05T10:18:54.817Z,1777976334817,v1
0,low_risk,no_action,0,No action,2026-05-05T10:18:54.817Z,1777976334817,v1
0,low_risk,no_action,0,No action,2026-05-05T10:18:54.817Z,1777976334817,v1
0,low_risk,no_action,0,No action,2026-05-05T10:18:54.817Z,1777976334817,v1
0.32,low_medium,no_action,0,No action,2026-05-05T10:18:54.817Z,1777976334817,v1
0.35,low_medium,no_action,0,No action,2026-05-05T10:18:54.817Z,1777976334817,v1
0.33,low_medium,no_action,0,No action,2026-05-05T10:18:54.817Z,1777976334817,v1
0.45,low_medium,no_action,0,No action,2026-05-05T10:18:54.817Z,1777976334817,v1
0.02,low_risk,no_action,0,No action,2026-05-05T10:18:54.817Z,1777976334817,v1
1,high_risk,premium_retention_offer,70,Send premium retention offer,2026-05-05T10:18:54.817Z,1777976334817,v1
0,low_risk,no_action,0,No action,2026-05-05T10:18:54.817Z,1777976334817,v1
0,low_risk,no_action,0,No action,2026-05-05T10:18:54.817Z,1777976334817,v1
0,low_risk,no_action,0,No action,2026-05-05T10:18:54.817Z,1777976334817,v1
0,low_risk,no_action,0,No action,2026-05-05T10:18:54.817Z,1777976334817,v1
0,low_risk,no_action,0,No action,2026-05-05T10:18:54.817Z,1777976334817,v1
0,low_risk,no_action,0,No action,2026-05-05T10:18:54.817Z,1777976334817,v1
0,low_risk,no_action,0,No action,2026-05-05T10:18:54.817Z,1777976334817,v1
0,low_risk,no_action,0,No action,2026-05-05T10:18:54.817Z,1777976334817,v1
0.01,low_risk,no_action,0,No action,2026-05-05T10:18:54.817Z,1777976334817,v1
0,low_risk,no_action,0,No action,2026-05-05T10:18:54.817Z,1777976334817,v1
1,high_risk,premium_retention_offer,70,Send premium retention offer,2026-05-05T10:18:54.817Z,1777976334817,v1
0,low_risk,no_action,0,No action,2026-05-05T10:18:54.817Z,1777976334817,v1
0,low_risk,no_action,0,No action,2026-05-05T10:18:54.817Z,1777976334817,v1
0,low_risk,no_action,0,No action,2026-05-05T10:18:54.817Z,1777976334817,v1
0,low_risk,no_action,0,No action,2026-05-05T10:18:54.817Z,1777976334817,v1
1,high_risk,premium_retention_offer,70,Send premium retention offer,2026-05-05T10:18:54.817Z,1777976334817,v1
0,low_risk,no_action,0,No action,2026-05-05T10:18:54.817Z,1777976334817,v1
0.99,high_risk,premium_retention_offer,68.8,Send premium retention offer,2026-05-05T10:18:54.817Z,1777976334817,v1
0,low_risk,no_action,0,No action,2026-05-05T10:18:54.817Z,1777976334817,v1
1,high_risk,premium_retention_offer,70,Send premium retention offer,2026-05-05T10:18:54.817Z,1777976334817,v1
0,low_risk,no_action,0,No action,2026-05-05T10:18:54.817Z,1777976334817,v1
0,low_risk,no_action,0,No action,2026-05-05T10:18:54.817Z,1777976334817,v1
0,low_risk,no_action,0,No action,2026-05-05T10:18:54.817Z,1777976334817,v1
0,low_risk,no_action,0,No action,2026-05-05T10:18:54.817Z,1777976334817,v1
0,low_risk,no_action,0,No action,2026-05-05T10:18:54.817Z,1777976334817,v1
0,low_risk,no_action,0,No action,2026-05-05T10:18:54.817Z,1777976334817,v1
0,low_risk,no_action,0,No action,2026-05-05T10:18:54.817Z,1777976334817,v1
0,low_risk,no_action,0,No action,2026-05-05T10:18:54.817Z,1777976334817,v1
0,low_risk,no_action,0,No action,2026-05-05T10:18:54.817Z,1777976334817,v1
0.01,low_risk,no_action,0,No action,2026-05-05T10:18:54.817Z,1777976334817,v1
0,low_risk,no_action,0,No action,2026-05-05T10:18:54.817Z,1777976334817,v1
0,low_risk,no_action,0,No action,2026-05-05T10:18:54.817Z,1777976334817,v1
0,low_risk,no_action,0,No action,2026-05-05T10:18:54.817Z,1777976334817,v1
0.96,high_risk,premium_retention_offer,65.2,Send premium retention offer,2026-05-05T10:18:54.817Z,1777976334817,v1
1,high_risk,premium_retention_offer,70,Send premium retention offer,2026-05-05T10:18:54.817Z,1777976334817,v1
0,low_risk,no_action,0,No action,2026-05-05T10:18:54.817Z,1777976334817,v1
0,low_risk,no_action,0,No action,2026-05-05T10:18:54.817Z,1777976334817,v1
0,low_risk,no_action,0,No action,2026-05-05T10:18:54.817Z,1777976334817,v1
0.96,high_risk,premium_retention_offer,65.2,Send premium retention offer,2026-05-05T10:18:54.817Z,1777976334817,v1
0,low_risk,no_action,0,No action,2026-05-05T10:18:54.817Z,1777976334817,v1
0,low_risk,no_action,0,No action,2026-05-05T10:18:54.817Z,1777976334817,v1
0,low_risk,no_action,0,No action,2026-05-05T10:18:54.817Z,1777976334817,v1
0,low_risk,no_action,0,No action,2026-05-05T10:18:54.817Z,1777976334817,v1
0.99,high_risk,premium_retention_offer,68.8,Send premium retention offer,2026-05-05T10:18:54.817Z,1777976334817,v1
0,low_risk,no_action,0,No action,2026-05-05T10:18:54.817Z,1777976334817,v1
0,low_risk,no_action,0,No action,2026-05-05T10:18:54.817Z,1777976334817,v1
0,low_risk,no_action,0,No action,2026-05-05T10:18:54.817Z,1777976334817,v1
1,high_risk,premium_retention_offer,70,Send premium retention offer,2026-05-05T10:18:54.817Z,1777976334817,v1
0,low_risk,no_action,0,No action,2026-05-05T10:18:54.817Z,1777976334817,v1
0,low_risk,no_action,0,No action,2026-05-05T10:18:54.817Z,1777976334817,v1
0,low_risk,no_action,0,No action,2026-05-05T10:18:54.817Z,1777976334817,v1
0,low_risk,no_action,0,No action,2026-05-05T10:18:54.817Z,1777976334817,v1
0.01,low_risk,no_action,0,No action,2026-05-05T10:18:54.817Z,1777976334817,v1
0,low_risk,no_action,0,No action,2026-05-05T10:18:54.817Z,1777976334817,v1
1,high_risk,premium_retention_offer,70,Send premium retention offer,2026-05-05T10:18:54.817Z,1777976334817,v1
0.99,high_risk,premium_retention_offer,68.8,Send premium retention offer,2026-05-05T10:18:54.817Z,1777976334817,v1
1,high_risk,premium_retention_offer,70,Send premium retention offer,2026-05-05T10:18:54.817Z,1777976334817,v1
0,low_risk,no_action,0,No action,2026-05-05T10:18:54.817Z,1777976334817,v1
0,low_risk,no_action,0,No action,2026-05-05T10:18:54.817Z,1777976334817,v1
0,low_risk,no_action,0,No action,2026-05-05T10:18:54.817Z,1777976334817,v1
0,low_risk,no_action,0,No action,2026-05-05T10:18:54.817Z,1777976334817,v1
0,low_risk,no_action,0,No action,2026-05-05T10:18:54.817Z,1777976334817,v1
0,low_risk,no_action,0,No action,2026-05-05T10:18:54.817Z,1777976334817,v1
0,low_risk,no_action,0,No action,2026-05-05T10:18:54.817Z,1777976334817,v1
0,low_risk,no_action,0,No action,2026-05-05T10:18:54.817Z,1777976334817,v1
0,low_risk,no_action,0,No action,2026-05-05T10:18:54.817Z,1777976334817,v1
0,low_risk,no_action,0,No action,2026-05-05T10:18:54.817Z,1777976334817,v1
0,low_risk,no_action,0,No action,2026-05-05T10:18:54.817Z,1777976334817,v1
0.98,high_risk,premium_retention_offer,67.6,Send premium retention offer,2026-05-05T10:18:54.817Z,1777976334817,v1
0,low_risk,no_action,0,No action,2026-05-05T10:18:54.817Z,1777976334817,v1
0,low_risk,no_action,0,No action,2026-05-05T10:18:54.817Z,1777976334817,v1
0,low_risk,no_action,0,No action,2026-05-05T10:18:54.817Z,1777976334817,v1
1,high_risk,premium_retention_offer,70,Send premium retention offer,2026-05-05T10:18:54.817Z,1777976334817,v1
0,low_risk,no_action,0,No action,2026-05-05T10:18:54.817Z,1777976334817,v1
0,low_risk,no_action,0,No action,2026-05-05T10:18:54.817Z,1777976334817,v1
0,low_risk,no_action,0,No action,2026-05-05T10:18:54.817Z,1777976334817,v1
0,low_risk,no_action,0,No action,2026-05-05T10:18:54.817Z,1777976334817,v1
0.01,low_risk,no_action,0,No action,2026-05-05T10:18:54.817Z,1777976334817,v1
0,low_risk,no_action,0,No action,2026-05-05T10:18:54.817Z,1777976334817,v1
0,low_risk,no_action,0,No action,2026-05-05T10:18:54.817Z,1777976334817,v1
1,high_risk,premium_retention_offer,70,Send premium retention offer,2026-05-05T10:18:54.817Z,1777976334817,v1
0,low_risk,no_action,0,No action,2026-05-05T10:18:54.817Z,1777976334817,v1
0,low_risk,no_action,0,No action,2026-05-05T10:18:54.817Z,1777976334817,v1
0,low_risk,no_action,0,No action,2026-05-05T10:18:54.817Z,1777976334817,v1
1,high_risk,premium_retention_offer,70,Send premium retention offer,2026-05-05T10:18:54.817Z,1777976334817,v1
0,low_risk,no_action,0,No action,2026-05-05T10:18:54.817Z,1777976334817,v1
0,low_risk,no_action,0,No action,2026-05-05T10:18:54.817Z,1777976334817,v1
0,low_risk,no_action,0,No action,2026-05-05T10:18:54.817Z,1777976334817,v1
0,low_risk,no_action,0,No action,2026-05-05T10:18:54.817Z,1777976334817,v1
0,low_risk,no_action,0,No action,2026-05-05T10:18:54.817Z,1777976334817,v1
0,low_risk,no_action,0,No action,2026-05-05T10:18:54.817Z,1777976334817,v1
0,low_risk,no_action,0,No action,2026-05-05T10:18:54.817Z,1777976334817,v1
0,low_risk,no_action,0,No action,2026-05-05T10:18:54.817Z,1777976334817,v1
1,high_risk,premium_retention_offer,70,Send premium retention offer,2026-05-05T10:18:54.817Z,1777976334817,v1
0,low_risk,no_action,0,No action,2026-05-05T10:18:54.817Z,1777976334817,v1
0.98,high_risk,premium_retention_offer,67.6,Send premium retention offer,2026-05-05T10:18:54.817Z,1777976334817,v1
0,low_risk,no_action,0,No action,2026-05-05T10:18:54.817Z,1777976334817,v1
0.98,high_risk,premium_retention_offer,67.6,Send premium retention offer,2026-05-05T10:18:54.817Z,1777976334817,v1
0,low_risk,no_action,0,No action,2026-05-05T10:18:54.817Z,1777976334817,v1
0,low_risk,no_action,0,No action,2026-05-05T10:18:54.817Z,1777976334817,v1
0.37,low_medium,no_action,0,No action,2026-05-05T10:18:54.817Z,1777976334817,v1
1,high_risk,premium_retention_offer,70,Send premium retention offer,2026-05-05T10:18:54.817Z,1777976334817,v1
0.47,low_medium,no_action,0,No action,2026-05-05T10:18:54.817Z,1777976334817,v1
0,low_risk,no_action,0,No action,2026-05-05T10:18:54.817Z,1777976334817,v1
0,low_risk,no_action,0,No action,2026-05-05T10:18:54.817Z,1777976334817,v1
0,low_risk,no_action,0,No action,2026-05-05T10:18:54.817Z,1777976334817,v1
0,low_risk,no_action,0,No action,2026-05-05T10:18:54.817Z,1777976334817,v1
0,low_risk,no_action,0,No action,2026-05-05T10:18:54.817Z,1777976334817,v1
1,high_risk,premium_retention_offer,70,Send premium retention offer,2026-05-05T10:18:54.817Z,1777976334817,v1
0,low_risk,no_action,0,No action,2026-05-05T10:18:54.817Z,1777976334817,v1
0,low_risk,no_action,0,No action,2026-05-05T10:18:54.817Z,1777976334817,v1
0,low_risk,no_action,0,No action,2026-05-05T10:18:54.817Z,1777976334817,v1
0,low_risk,no_action,0,No action,2026-05-05T10:18:54.817Z,1777976334817,v1
1,high_risk,premium_retention_offer,70,Send premium retention offer,2026-05-05T10:18:54.817Z,1777976334817,v1
0,low_risk,no_action,0,No action,2026-05-05T10:18:54.817Z,1777976334817,v1
0.01,low_risk,no_action,0,No action,2026-05-05T10:18:54.817Z,1777976334817,v1
0.01,low_risk,no_action,0,No action,2026-05-05T10:18:54.817Z,1777976334817,v1
0,low_risk,no_action,0,No action,2026-05-05T10:18:54.817Z,1777976334817,v1
0,low_risk,no_action,0,No action,2026-05-05T10:18:54.817Z,1777976334817,v1
0.99,high_risk,premium_retention_offer,68.8,Send premium retention offer,2026-05-05T10:18:54.817Z,1777976334817,v1
0,low_risk,no_action,0,No action,2026-05-05T10:18:54.817Z,1777976334817,v1
0,low_risk,no_action,0,No action,2026-05-05T10:18:54.817Z,1777976334817,v1
0,low_risk,no_action,0,No action,2026-05-05T10:18:54.817Z,1777976334817,v1
0,low_risk,no_action,0,No action,2026-05-05T10:18:54.817Z,1777976334817,v1
0.02,low_risk,no_action,0,No action,2026-05-05T10:18:54.817Z,1777976334817,v1
0,low_risk,no_action,0,No action,2026-05-05T10:18:54.817Z,1777976334817,v1
0,low_risk,no_action,0,No action,2026-05-05T10:18:54.817Z,1777976334817,v1
0,low_risk,no_action,0,No action,2026-05-05T10:18:54.817Z,1777976334817,v1
0,low_risk,no_action,0,No action,2026-05-05T10:18:54.817Z,1777976334817,v1
0,low_risk,no_action,0,No action,2026-05-05T10:18:54.817Z,1777976334817,v1
0,low_risk,no_action,0,No action,2026-05-05T10:18:54.817Z,1777976334817,v1
0.99,high_risk,premium_retention_offer,68.8,Send premium retention offer,2026-05-05T10:18:54.817Z,1777976334817,v1
0.98,high_risk,premium_retention_offer,67.6,Send premium retention offer,2026-05-05T10:18:54.817Z,1777976334817,v1
0,low_risk,no_action,0,No action,2026-05-05T10:18:54.817Z,1777976334817,v1
0,low_risk,no_action,0,No action,2026-05-05T10:18:54.817Z,1777976334817,v1
0.99,high_risk,premium_retention_offer,68.8,Send premium retention offer,2026-05-05T10:18:54.817Z,1777976334817,v1
0,low_risk,no_action,0,No action,2026-05-05T10:18:54.817Z,1777976334817,v1
1,high_risk,premium_retention_offer,70,Send premium retention offer,2026-05-05T10:18:54.817Z,1777976334817,v1
0,low_risk,no_action,0,No action,2026-05-05T10:18:54.817Z,1777976334817,v1
0,low_risk,no_action,0,No action,2026-05-05T10:18:54.817Z,1777976334817,v1
0,low_risk,no_action,0,No action,2026-05-05T10:18:54.817Z,1777976334817,v1
0,low_risk,no_action,0,No action,2026-05-05T10:18:54.817Z,1777976334817,v1
0,low_risk,no_action,0,No action,2026-05-05T10:18:54.817Z,1777976334817,v1
0,low_risk,no_action,0,No action,2026-05-05T10:18:54.817Z,1777976334817,v1
1,high_risk,premium_retention_offer,70,Send premium retention offer,2026-05-05T10:18:54.817Z,1777976334817,v1
0,low_risk,no_action,0,No action,2026-05-05T10:18:54.817Z,1777976334817,v1
0,low_risk,no_action,0,No action,2026-05-05T10:18:54.817Z,1777976334817,v1
0.98,high_risk,premium_retention_offer,67.6,Send premium retention offer,2026-05-05T10:18:54.817Z,1777976334817,v1
1,high_risk,premium_retention_offer,70,Send premium retention offer,2026-05-05T10:18:54.817Z,1777976334817,v1
0,low_risk,no_action,0,No action,2026-05-05T10:18:54.817Z,1777976334817,v1
0.01,low_risk,no_action,0,No action,2026-05-05T10:18:54.818Z,1777976334817,v1
0,low_risk,no_action,0,No action,2026-05-05T10:18:54.818Z,1777976334817,v1
0.98,high_risk,premium_retention_offer,67.6,Send premium retention offer,2026-05-05T10:18:54.818Z,1777976334817,v1
1,high_risk,premium_retention_offer,70,Send premium retention offer,2026-05-05T10:18:54.818Z,1777976334817,v1
0,low_risk,no_action,0,No action,2026-05-05T10:18:54.818Z,1777976334817,v1
0,low_risk,no_action,0,No action,2026-05-05T10:18:54.818Z,1777976334817,v1
0.98,high_risk,premium_retention_offer,67.6,Send premium retention offer,2026-05-05T10:18:54.818Z,1777976334817,v1
0.98,high_risk,premium_retention_offer,67.6,Send premium retention offer,2026-05-05T10:18:54.818Z,1777976334817,v1
0,low_risk,no_action,0,No action,2026-05-05T10:18:54.818Z,1777976334817,v1
0,low_risk,no_action,0,No action,2026-05-05T10:18:54.818Z,1777976334817,v1
0,low_risk,no_action,0,No action,2026-05-05T10:18:54.818Z,1777976334817,v1
0,low_risk,no_action,0,No action,2026-05-05T10:18:54.818Z,1777976334817,v1
0,low_risk,no_action,0,No action,2026-05-05T10:18:54.818Z,1777976334817,v1
0,low_risk,no_action,0,No action,2026-05-05T10:18:54.818Z,1777976334817,v1
1,high_risk,premium_retention_offer,70,Send premium retention offer,2026-05-05T10:18:54.818Z,1777976334817,v1
0,low_risk,no_action,0,No action,2026-05-05T10:18:54.818Z,1777976334817,v1
1,high_risk,premium_retention_offer,70,Send premium retention offer,2026-05-05T10:18:54.818Z,1777976334817,v1
1,high_risk,premium_retention_offer,70,Send premium retention offer,2026-05-05T10:18:54.818Z,1777976334817,v1
0,low_risk,no_action,0,No action,2026-05-05T10:18:54.818Z,1777976334817,v1
0,low_risk,no_action,0,No action,2026-05-05T10:18:54.818Z,1777976334817,v1
0,low_risk,no_action,0,No action,2026-05-05T10:18:54.818Z,1777976334817,v1
0,low_risk,no_action,0,No action,2026-05-05T10:18:54.818Z,1777976334817,v1
0.98,high_risk,premium_retention_offer,67.6,Send premium retention offer,2026-05-05T10:18:54.818Z,1777976334817,v1
0,low_risk,no_action,0,No action,2026-05-05T10:18:54.818Z,1777976334817,v1
0.98,high_risk,premium_retention_offer,67.6,Send premium retention offer,2026-05-05T10:18:54.818Z,1777976334817,v1
0,low_risk,no_action,0,No action,2026-05-05T10:18:54.818Z,1777976334817,v1
0.01,low_risk,no_action,0,No action,2026-05-05T10:18:54.818Z,1777976334817,v1
0,low_risk,no_action,0,No action,2026-05-05T10:18:54.818Z,1777976334817,v1
1,high_risk,premium_retention_offer,70,Send premium retention offer,2026-05-05T10:18:54.818Z,1777976334817,v1
0,low_risk,no_action,0,No action,2026-05-05T10:18:54.818Z,1777976334817,v1
0,low_risk,no_action,0,No action,2026-05-05T10:18:54.818Z,1777976334817,v1
0,low_risk,no_action,0,No action,2026-05-05T10:18:54.818Z,1777976334817,v1
0,low_risk,no_action,0,No action,2026-05-05T10:18:54.818Z,1777976334817,v1
0,low_risk,no_action,0,No action,2026-05-05T10:18:54.818Z,1777976334817,v1
0,low_risk,no_action,0,No action,2026-05-05T10:18:54.818Z,1777976334817,v1
0,low_risk,no_action,0,No action,2026-05-05T10:18:54.818Z,1777976334817,v1
0,low_risk,no_action,0,No action,2026-05-05T10:18:54.818Z,1777976334817,v1
0,low_risk,no_action,0,No action,2026-05-05T10:18:54.818Z,1777976334817,v1
0,low_risk,no_action,0,No action,2026-05-05T10:18:54.818Z,1777976334817,v1
0,low_risk,no_action,0,No action,2026-05-05T10:18:54.818Z,1777976334817,v1
0,low_risk,no_action,0,No action,2026-05-05T10:18:54.818Z,1777976334817,v1
0,low_risk,no_action,0,No action,2026-05-05T10:18:54.818Z,1777976334817,v1
0,low_risk,no_action,0,No action,2026-05-05T10:18:54.818Z,1777976334817,v1
0,low_risk,no_action,0,No action,2026-05-05T10:18:54.818Z,1777976334817,v1
0,low_risk,no_action,0,No action,2026-05-05T10:18:54.818Z,1777976334817,v1
0,low_risk,no_action,0,No action,2026-05-05T10:18:54.818Z,1777976334817,v1
0,low_risk,no_action,0,No action,2026-05-05T10:18:54.818Z,1777976334817,v1
1,high_risk,premium_retention_offer,70,Send premium retention offer,2026-05-05T10:18:54.818Z,1777976334817,v1
0,low_risk,no_action,0,No action,2026-05-05T10:18:54.818Z,1777976334817,v1
0,low_risk,no_action,0,No action,2026-05-05T10:18:54.818Z,1777976334817,v1
1,high_risk,premium_retention_offer,70,Send premium retention offer,2026-05-05T10:18:54.818Z,1777976334817,v1
0,low_risk,no_action,0,No action,2026-05-05T10:18:54.818Z,1777976334817,v1
0,low_risk,no_action,0,No action,2026-05-05T10:18:54.818Z,1777976334817,v1
0,low_risk,no_action,0,No action,2026-05-05T10:18:54.818Z,1777976334817,v1
0,low_risk,no_action,0,No action,2026-05-05T10:18:54.818Z,1777976334817,v1
0.98,high_risk,premium_retention_offer,67.6,Send premium retention offer,2026-05-05T10:18:54.818Z,1777976334817,v1
0.01,low_risk,no_action,0,No action,2026-05-05T10:18:54.818Z,1777976334817,v1
0,low_risk,no_action,0,No action,2026-05-05T10:18:54.818Z,1777976334817,v1
1,high_risk,premium_retention_offer,70,Send premium retention offer,2026-05-05T10:18:54.818Z,1777976334817,v1
0,low_risk,no_action,0,No action,2026-05-05T10:18:54.818Z,1777976334817,v1
0.01,low_risk,no_action,0,No action,2026-05-05T10:18:54.818Z,1777976334817,v1
1,high_risk,premium_retention_offer,70,Send premium retention offer,2026-05-05T10:18:54.818Z,1777976334817,v1
0,low_risk,no_action,0,No action,2026-05-05T10:18:54.818Z,1777976334817,v1
0.01,low_risk,no_action,0,No action,2026-05-05T10:18:54.818Z,1777976334817,v1
0,low_risk,no_action,0,No action,2026-05-05T10:18:54.818Z,1777976334817,v1
0.01,low_risk,no_action,0,No action,2026-05-05T10:18:54.818Z,1777976334817,v1
0,low_risk,no_action,0,No action,2026-05-05T10:18:54.818Z,1777976334817,v1
0,low_risk,no_action,0,No action,2026-05-05T10:18:54.818Z,1777976334817,v1
0,low_risk,no_action,0,No action,2026-05-05T10:18:54.818Z,1777976334817,v1
0.01,low_risk,no_action,0,No action,2026-05-05T10:18:54.818Z,1777976334817,v1
0,low_risk,no_action,0,No action,2026-05-05T10:18:54.818Z,1777976334817,v1
0,low_risk,no_action,0,No action,2026-05-05T10:18:54.818Z,1777976334817,v1
1,high_risk,premium_retention_offer,70,Send premium retention offer,2026-05-05T10:18:54.818Z,1777976334817,v1
0,low_risk,no_action,0,No action,2026-05-05T10:18:54.818Z,1777976334817,v1
0,low_risk,no_action,0,No action,2026-05-05T10:18:54.818Z,1777976334817,v1
0,low_risk,no_action,0,No action,2026-05-05T10:18:54.818Z,1777976334817,v1
1,high_risk,premium_retention_offer,70,Send premium retention offer,2026-05-05T10:18:54.818Z,1777976334817,v1
0,low_risk,no_action,0,No action,2026-05-05T10:18:54.818Z,1777976334817,v1
0,low_risk,no_action,0,No action,2026-05-05T10:18:54.818Z,1777976334817,v1
0,low_risk,no_action,0,No action,2026-05-05T10:18:54.818Z,1777976334817,v1
0,low_risk,no_action,0,No action,2026-05-05T10:18:54.818Z,1777976334817,v1
0,low_risk,no_action,0,No action,2026-05-05T10:18:54.818Z,1777976334817,v1
0,low_risk,no_action,0,No action,2026-05-05T10:18:54.818Z,1777976334817,v1
0,low_risk,no_action,0,No action,2026-05-05T10:18:54.818Z,1777976334817,v1
0,low_risk,no_action,0,No action,2026-05-05T10:18:54.818Z,1777976334817,v1
1,high_risk,premium_retention_offer,70,Send premium retention offer,2026-05-05T10:18:54.818Z,1777976334817,v1
0,low_risk,no_action,0,No action,2026-05-05T10:18:54.818Z,1777976334817,v1
1,high_risk,premium_retention_offer,70,Send premium retention offer,2026-05-05T10:18:54.818Z,1777976334817,v1
0,low_risk,no_action,0,No action,2026-05-05T10:18:54.818Z,1777976334817,v1
0,low_risk,no_action,0,No action,2026-05-05T10:18:54.818Z,1777976334817,v1
0,low_risk,no_action,0,No action,2026-05-05T10:18:54.818Z,1777976334817,v1
0,low_risk,no_action,0,No action,2026-05-05T10:18:54.818Z,1777976334817,v1
0.05,low_risk,no_action,0,No action,2026-05-05T10:18:54.818Z,1777976334817,v1
0,low_risk,no_action,0,No action,2026-05-05T10:18:54.818Z,1777976334817,v1
0,low_risk,no_action,0,No action,2026-05-05T10:18:54.818Z,1777976334817,v1
1,high_risk,premium_retention_offer,70,Send premium retention offer,2026-05-05T10:18:54.818Z,1777976334817,v1
0,low_risk,no_action,0,No action,2026-05-05T10:18:54.818Z,1777976334817,v1
0,low_risk,no_action,0,No action,2026-05-05T10:18:54.818Z,1777976334817,v1
0,low_risk,no_action,0,No action,2026-05-05T10:18:54.818Z,1777976334817,v1
0,low_risk,no_action,0,No action,2026-05-05T10:18:54.818Z,1777976334817,v1
0,low_risk,no_action,0,No action,2026-05-05T10:18:54.818Z,1777976334817,v1
0.99,high_risk,premium_retention_offer,68.8,Send premium retention offer,2026-05-05T10:18:54.818Z,1777976334817,v1
0,low_risk,no_action,0,No action,2026-05-05T10:18:54.818Z,1777976334817,v1
0,low_risk,no_action,0,No action,2026-05-05T10:18:54.818Z,1777976334817,v1
0,low_risk,no_action,0,No action,2026-05-05T10:18:54.818Z,1777976334817,v1
0,low_risk,no_action,0,No action,2026-05-05T10:18:54.818Z,1777976334817,v1
1,high_risk,premium_retention_offer,70,Send premium retention offer,2026-05-05T10:18:54.818Z,1777976334817,v1
0,low_risk,no_action,0,No action,2026-05-05T10:18:54.818Z,1777976334817,v1
0,low_risk,no_action,0,No action,2026-05-05T10:18:54.818Z,1777976334817,v1
0,low_risk,no_action,0,No action,2026-05-05T10:18:54.818Z,1777976334817,v1
0,low_risk,no_action,0,No action,2026-05-05T10:18:54.818Z,1777976334817,v1
0.01,low_risk,no_action,0,No action,2026-05-05T10:18:54.818Z,1777976334817,v1
1,high_risk,premium_retention_offer,70,Send premium retention offer,2026-05-05T10:18:54.818Z,1777976334817,v1
0.01,low_risk,no_action,0,No action,2026-05-05T10:18:54.818Z,1777976334817,v1
0.97,high_risk,premium_retention_offer,66.4,Send premium retention offer,2026-05-05T10:18:54.818Z,1777976334817,v1
0.01,low_risk,no_action,0,No action,2026-05-05T10:18:54.818Z,1777976334817,v1
0,low_risk,no_action,0,No action,2026-05-05T10:18:54.818Z,1777976334817,v1
1,high_risk,premium_retention_offer,70,Send premium retention offer,2026-05-05T10:18:54.818Z,1777976334817,v1
1,high_risk,premium_retention_offer,70,Send premium retention offer,2026-05-05T10:18:54.818Z,1777976334817,v1
0.98,high_risk,premium_retention_offer,67.6,Send premium retention offer,2026-05-05T10:18:54.818Z,1777976334817,v1
0,low_risk,no_action,0,No action,2026-05-05T10:18:54.818Z,1777976334817,v1
0,low_risk,no_action,0,No action,2026-05-05T10:18:54.818Z,1777976334817,v1
0,low_risk,no_action,0,No action,2026-05-05T10:18:54.818Z,1777976334817,v1
0,low_risk,no_action,0,No action,2026-05-05T10:18:54.818Z,1777976334817,v1
0,low_risk,no_action,0,No action,2026-05-05T10:18:54.818Z,1777976334817,v1
0,low_risk,no_action,0,No action,2026-05-05T10:18:54.818Z,1777976334817,v1
0,low_risk,no_action,0,No action,2026-05-05T10:18:54.818Z,1777976334817,v1
0,low_risk,no_action,0,No action,2026-05-05T10:18:54.818Z,1777976334817,v1
0,low_risk,no_action,0,No action,2026-05-05T10:18:54.818Z,1777976334817,v1
0,low_risk,no_action,0,No action,2026-05-05T10:18:54.818Z,1777976334817,v1
0,low_risk,no_action,0,No action,2026-05-05T10:18:54.818Z,1777976334817,v1
0,low_risk,no_action,0,No action,2026-05-05T10:18:54.818Z,1777976334817,v1
0,low_risk,no_action,0,No action,2026-05-05T10:18:54.818Z,1777976334817,v1
0,low_risk,no_action,0,No action,2026-05-05T10:18:54.818Z,1777976334817,v1
0,low_risk,no_action,0,No action,2026-05-05T10:18:54.818Z,1777976334817,v1
0,low_risk,no_action,0,No action,2026-05-05T10:18:54.818Z,1777976334817,v1
1,high_risk,premium_retention_offer,70,Send premium retention offer,2026-05-05T10:18:54.818Z,1777976334817,v1
0,low_risk,no_action,0,No action,2026-05-05T10:18:54.818Z,1777976334817,v1
0,low_risk,no_action,0,No action,2026-05-05T10:18:54.818Z,1777976334817,v1
0,low_risk,no_action,0,No action,2026-05-05T10:18:54.818Z,1777976334817,v1
1,high_risk,premium_retention_offer,70,Send premium retention offer,2026-05-05T10:18:54.818Z,1777976334817,v1
0,low_risk,no_action,0,No action,2026-05-05T10:18:54.818Z,1777976334817,v1
0,low_risk,no_action,0,No action,2026-05-05T10:18:54.818Z,1777976334817,v1
0,low_risk,no_action,0,No action,2026-05-05T10:18:54.818Z,1777976334817,v1
0,low_risk,no_action,0,No action,2026-05-05T10:18:54.818Z,1777976334817,v1
0,low_risk,no_action,0,No action,2026-05-05T10:18:54.818Z,1777976334817,v1
0,low_risk,no_action,0,No action,2026-05-05T10:18:54.818Z,1777976334817,v1
0,low_risk,no_action,0,No action,2026-05-05T10:18:54.818Z,1777976334817,v1
0,low_risk,no_action,0,No action,2026-05-05T10:18:54.818Z,1777976334817,v1
0,low_risk,no_action,0,No action,2026-05-05T10:18:54.818Z,1777976334817,v1
0,low_risk,no_action,0,No action,2026-05-05T10:18:54.818Z,1777976334817,v1
0,low_risk,no_action,0,No action,2026-05-05T10:18:54.818Z,1777976334817,v1
0,low_risk,no_action,0,No action,2026-05-05T10:18:54.818Z,1777976334817,v1
0,low_risk,no_action,0,No action,2026-05-05T10:18:54.818Z,1777976334817,v1
0,low_risk,no_action,0,No action,2026-05-05T10:18:54.818Z,1777976334817,v1
0.99,high_risk,premium_retention_offer,68.8,Send premium retention offer,2026-05-05T10:18:54.818Z,1777976334817,v1
0,low_risk,no_action,0,No action,2026-05-05T10:18:54.818Z,1777976334817,v1
0,low_risk,no_action,0,No action,2026-05-05T10:18:54.818Z,1777976334817,v1
1,high_risk,premium_retention_offer,70,Send premium retention offer,2026-05-05T10:18:54.818Z,1777976334817,v1
0,low_risk,no_action,0,No action,2026-05-05T10:18:54.818Z,1777976334817,v1
0.01,low_risk,no_action,0,No action,2026-05-05T10:18:54.818Z,1777976334817,v1
0,low_risk,no_action,0,No action,2026-05-05T10:18:54.818Z,1777976334817,v1
0,low_risk,no_action,0,No action,2026-05-05T10:18:54.818Z,1777976334817,v1
0,low_risk,no_action,0,No action,2026-05-05T10:18:54.818Z,1777976334817,v1
0,low_risk,no_action,0,No action,2026-05-05T10:18:54.818Z,1777976334817,v1
0,low_risk,no_action,0,No action,2026-05-05T10:18:54.818Z,1777976334817,v1
0,low_risk,no_action,0,No action,2026-05-05T10:18:54.818Z,1777976334817,v1
0,low_risk,no_action,0,No action,2026-05-05T10:18:54.818Z,1777976334817,v1
0,low_risk,no_action,0,No action,2026-05-05T10:18:54.818Z,1777976334817,v1
0,low_risk,no_action,0,No action,2026-05-05T10:18:54.818Z,1777976334817,v1
0,low_risk,no_action,0,No action,2026-05-05T10:18:54.818Z,1777976334817,v1
1,high_risk,premium_retention_offer,70,Send premium retention offer,2026-05-05T10:18:54.818Z,1777976334817,v1
0.99,high_risk,premium_retention_offer,68.8,Send premium retention offer,2026-05-05T10:18:54.818Z,1777976334817,v1
0,low_risk,no_action,0,No action,2026-05-05T10:18:54.818Z,1777976334817,v1
0.01,low_risk,no_action,0,No action,2026-05-05T10:18:54.818Z,1777976334817,v1
0,low_risk,no_action,0,No action,2026-05-05T10:18:54.818Z,1777976334817,v1
0,low_risk,no_action,0,No action,2026-05-05T10:18:54.818Z,1777976334817,v1
0,low_risk,no_action,0,No action,2026-05-05T10:18:54.818Z,1777976334817,v1
0.99,high_risk,premium_retention_offer,68.8,Send premium retention offer,2026-05-05T10:18:54.818Z,1777976334817,v1
0,low_risk,no_action,0,No action,2026-05-05T10:18:54.818Z,1777976334817,v1
0,low_risk,no_action,0,No action,2026-05-05T10:18:54.818Z,1777976334817,v1
0,low_risk,no_action,0,No action,2026-05-05T10:18:54.818Z,1777976334817,v1
0,low_risk,no_action,0,No action,2026-05-05T10:18:54.818Z,1777976334817,v1
0,low_risk,no_action,0,No action,2026-05-05T10:18:54.818Z,1777976334817,v1
0,low_risk,no_action,0,No action,2026-05-05T10:18:54.818Z,1777976334817,v1
1,high_risk,premium_retention_offer,70,Send premium retention offer,2026-05-05T10:18:54.818Z,1777976334817,v1
0,low_risk,no_action,0,No action,2026-05-05T10:18:54.818Z,1777976334817,v1
0,low_risk,no_action,0,No action,2026-05-05T10:18:54.818Z,1777976334817,v1
0,low_risk,no_action,0,No action,2026-05-05T10:18:54.818Z,1777976334817,v1
0,low_risk,no_action,0,No action,2026-05-05T10:18:54.818Z,1777976334817,v1
0,low_risk,no_action,0,No action,2026-05-05T10:18:54.818Z,1777976334817,v1
0,low_risk,no_action,0,No action,2026-05-05T10:18:54.818Z,1777976334817,v1
1,high_risk,premium_retention_offer,70,Send premium retention offer,2026-05-05T10:18:54.818Z,1777976334817,v1
0,low_risk,no_action,0,No action,2026-05-05T10:18:54.818Z,1777976334817,v1
0,low_risk,no_action,0,No action,2026-05-05T10:18:54.818Z,1777976334817,v1
1,high_risk,premium_retention_offer,70,Send premium retention offer,2026-05-05T10:18:54.818Z,1777976334817,v1
0,low_risk,no_action,0,No action,2026-05-05T10:18:54.818Z,1777976334817,v1
0,low_risk,no_action,0,No action,2026-05-05T10:18:54.818Z,1777976334817,v1
0,low_risk,no_action,0,No action,2026-05-05T10:18:54.818Z,1777976334817,v1
1,high_risk,premium_retention_offer,70,Send premium retention offer,2026-05-05T10:18:54.818Z,1777976334817,v1
0,low_risk,no_action,0,No action,2026-05-05T10:18:54.818Z,1777976334817,v1
1,high_risk,premium_retention_offer,70,Send premium retention offer,2026-05-05T10:18:54.818Z,1777976334817,v1
0,low_risk,no_action,0,No action,2026-05-05T10:18:54.818Z,1777976334817,v1
0,low_risk,no_action,0,No action,2026-05-05T10:18:54.818Z,1777976334817,v1
0,low_risk,no_action,0,No action,2026-05-05T10:18:54.818Z,1777976334817,v1
0,low_risk,no_action,0,No action,2026-05-05T10:18:54.818Z,1777976334817,v1
0,low_risk,no_action,0,No action,2026-05-05T10:18:54.818Z,1777976334817,v1
0,low_risk,no_action,0,No action,2026-05-05T10:18:54.818Z,1777976334817,v1
1,high_risk,premium_retention_offer,70,Send premium retention offer,2026-05-05T10:18:54.818Z,1777976334817,v1
0.99,high_risk,premium_retention_offer,68.8,Send premium retention offer,2026-05-05T10:18:54.818Z,1777976334817,v1
0,low_risk,no_action,0,No action,2026-05-05T10:18:54.818Z,1777976334817,v1
0,low_risk,no_action,0,No action,2026-05-05T10:18:54.818Z,1777976334817,v1
1,high_risk,premium_retention_offer,70,Send premium retention offer,2026-05-05T10:18:54.818Z,1777976334817,v1
0,low_risk,no_action,0,No action,2026-05-05T10:18:54.818Z,1777976334817,v1
0,low_risk,no_action,0,No action,2026-05-05T10:18:54.818Z,1777976334817,v1
0,low_risk,no_action,0,No action,2026-05-05T10:18:54.818Z,1777976334817,v1
0,low_risk,no_action,0,No action,2026-05-05T10:18:54.818Z,1777976334817,v1
0,low_risk,no_action,0,No action,2026-05-05T10:18:54.818Z,1777976334817,v1
0,low_risk,no_action,0,No action,2026-05-05T10:18:54.818Z,1777976334817,v1
0,low_risk,no_action,0,No action,2026-05-05T10:18:54.818Z,1777976334817,v1
0,low_risk,no_action,0,No action,2026-05-05T10:18:54.818Z,1777976334817,v1
0,low_risk,no_action,0,No action,2026-05-05T10:18:54.818Z,1777976334817,v1
0,low_risk,no_action,0,No action,2026-05-05T10:18:54.818Z,1777976334817,v1
1,high_risk,premium_retention_offer,70,Send premium retention offer,2026-05-05T10:18:54.818Z,1777976334817,v1
0,low_risk,no_action,0,No action,2026-05-05T10:18:54.818Z,1777976334817,v1
0,low_risk,no_action,0,No action,2026-05-05T10:18:54.818Z,1777976334817,v1
0,low_risk,no_action,0,No action,2026-05-05T10:18:54.818Z,1777976334817,v1
1,high_risk,premium_retention_offer,70,Send premium retention offer,2026-05-05T10:18:54.818Z,1777976334817,v1
0,low_risk,no_action,0,No action,2026-05-05T10:18:54.818Z,1777976334817,v1
0,low_risk,no_action,0,No action,2026-05-05T10:18:54.818Z,1777976334817,v1
0,low_risk,no_action,0,No action,2026-05-05T10:18:54.818Z,1777976334817,v1
0,low_risk,no_action,0,No action,2026-05-05T10:18:54.818Z,1777976334817,v1
0,low_risk,no_action,0,No action,2026-05-05T10:18:54.818Z,1777976334817,v1
0,low_risk,no_action,0,No action,2026-05-05T10:18:54.818Z,1777976334817,v1
0,low_risk,no_action,0,No action,2026-05-05T10:18:54.818Z,1777976334817,v1
0.01,low_risk,no_action,0,No action,2026-05-05T10:18:54.818Z,1777976334817,v1
0,low_risk,no_action,0,No action,2026-05-05T10:18:54.818Z,1777976334817,v1
1,high_risk,premium_retention_offer,70,Send premium retention offer,2026-05-05T10:18:54.818Z,1777976334817,v1
0,low_risk,no_action,0,No action,2026-05-05T10:18:54.818Z,1777976334817,v1
0,low_risk,no_action,0,No action,2026-05-05T10:18:54.818Z,1777976334817,v1
0,low_risk,no_action,0,No action,2026-05-05T10:18:54.818Z,1777976334817,v1
0,low_risk,no_action,0,No action,2026-05-05T10:18:54.818Z,1777976334817,v1
1,high_risk,premium_retention_offer,70,Send premium retention offer,2026-05-05T10:18:54.818Z,1777976334817,v1
0,low_risk,no_action,0,No action,2026-05-05T10:18:54.818Z,1777976334817,v1
0,low_risk,no_action,0,No action,2026-05-05T10:18:54.818Z,1777976334817,v1
0,low_risk,no_action,0,No action,2026-05-05T10:18:54.818Z,1777976334817,v1
1,high_risk,premium_retention_offer,70,Send premium retention offer,2026-05-05T10:18:54.818Z,1777976334817,v1
0,low_risk,no_action,0,No action,2026-05-05T10:18:54.818Z,1777976334817,v1
0,low_risk,no_action,0,No action,2026-05-05T10:18:54.818Z,1777976334817,v1
0,low_risk,no_action,0,No action,2026-05-05T10:18:54.818Z,1777976334817,v1
0.99,high_risk,premium_retention_offer,68.8,Send premium retention offer,2026-05-05T10:18:54.818Z,1777976334817,v1
0,low_risk,no_action,0,No action,2026-05-05T10:18:54.818Z,1777976334817,v1
0,low_risk,no_action,0,No action,2026-05-05T10:18:54.818Z,1777976334817,v1
0,low_risk,no_action,0,No action,2026-05-05T10:18:54.818Z,1777976334817,v1
1,high_risk,premium_retention_offer,70,Send premium retention offer,2026-05-05T10:18:54.818Z,1777976334817,v1
0,low_risk,no_action,0,No action,2026-05-05T10:18:54.818Z,1777976334817,v1
0,low_risk,no_action,0,No action,2026-05-05T10:18:54.818Z,1777976334817,v1
0,low_risk,no_action,0,No action,2026-05-05T10:18:54.818Z,1777976334817,v1
0,low_risk,no_action,0,No action,2026-05-05T10:18:54.818Z,1777976334817,v1
0,low_risk,no_action,0,No action,2026-05-05T10:18:54.818Z,1777976334817,v1
0,low_risk,no_action,0,No action,2026-05-05T10:18:54.818Z,1777976334817,v1
0.01,low_risk,no_action,0,No action,2026-05-05T10:18:54.818Z,1777976334817,v1
0,low_risk,no_action,0,No action,2026-05-05T10:18:54.818Z,1777976334817,v1
0.99,high_risk,premium_retention_offer,68.8,Send premium retention offer,2026-05-05T10:18:54.818Z,1777976334817,v1
0,low_risk,no_action,0,No action,2026-05-05T10:18:54.818Z,1777976334817,v1
0,low_risk,no_action,0,No action,2026-05-05T10:18:54.818Z,1777976334817,v1
0.99,high_risk,premium_retention_offer,68.8,Send premium retention offer,2026-05-05T10:18:54.818Z,1777976334817,v1
0,low_risk,no_action,0,No action,2026-05-05T10:18:54.818Z,1777976334817,v1
0,low_risk,no_action,0,No action,2026-05-05T10:18:54.818Z,1777976334817,v1
0,low_risk,no_action,0,No action,2026-05-05T10:18:54.818Z,1777976334817,v1
0.01,low_risk,no_action,0,No action,2026-05-05T10:18:54.818Z,1777976334817,v1
0,low_risk,no_action,0,No action,2026-05-05T10:18:54.818Z,1777976334817,v1
1,high_risk,premium_retention_offer,70,Send premium retention offer,2026-05-05T10:18:54.818Z,1777976334817,v1
0.98,high_risk,premium_retention_offer,67.6,Send premium retention offer,2026-05-05T10:18:54.818Z,1777976334817,v1
0,low_risk,no_action,0,No action,2026-05-05T10:18:54.818Z,1777976334817,v1
0,low_risk,no_action,0,No action,2026-05-05T10:18:54.818Z,1777976334817,v1
0,low_risk,no_action,0,No action,2026-05-05T10:18:54.818Z,1777976334817,v1
0,low_risk,no_action,0,No action,2026-05-05T10:18:54.818Z,1777976334817,v1
0.99,high_risk,premium_retention_offer,68.8,Send premium retention offer,2026-05-05T10:18:54.818Z,1777976334817,v1
0,low_risk,no_action,0,No action,2026-05-05T10:18:54.818Z,1777976334817,v1
0,low_risk,no_action,0,No action,2026-05-05T10:18:54.818Z,1777976334817,v1
1,high_risk,premium_retention_offer,70,Send premium retention offer,2026-05-05T10:18:54.818Z,1777976334817,v1
0,low_risk,no_action,0,No action,2026-05-05T10:18:54.818Z,1777976334817,v1
0,low_risk,no_action,0,No action,2026-05-05T10:18:54.818Z,1777976334817,v1
0,low_risk,no_action,0,No action,2026-05-05T10:18:54.818Z,1777976334817,v1
0,low_risk,no_action,0,No action,2026-05-05T10:18:54.818Z,1777976334817,v1
0,low_risk,no_action,0,No action,2026-05-05T10:18:54.818Z,1777976334817,v1
0,low_risk,no_action,0,No action,2026-05-05T10:18:54.818Z,1777976334817,v1
0,low_risk,no_action,0,No action,2026-05-05T10:18:54.818Z,1777976334817,v1
0,low_risk,no_action,0,No action,2026-05-05T10:18:54.818Z,1777976334817,v1
0,low_risk,no_action,0,No action,2026-05-05T10:18:54.818Z,1777976334817,v1
0,low_risk,no_action,0,No action,2026-05-05T10:18:54.818Z,1777976334817,v1
0,low_risk,no_action,0,No action,2026-05-05T10:18:54.818Z,1777976334817,v1
0.99,high_risk,premium_retention_offer,68.8,Send premium retention offer,2026-05-05T10:18:54.818Z,1777976334817,v1
0,low_risk,no_action,0,No action,2026-05-05T10:18:54.818Z,1777976334817,v1
0.99,high_risk,premium_retention_offer,68.8,Send premium retention offer,2026-05-05T10:18:54.818Z,1777976334817,v1
0,low_risk,no_action,0,No action,2026-05-05T10:18:54.818Z,1777976334817,v1
0.99,high_risk,premium_retention_offer,68.8,Send premium retention offer,2026-05-05T10:18:54.818Z,1777976334817,v1
0,low_risk,no_action,0,No action,2026-05-05T10:18:54.818Z,1777976334817,v1
1,high_risk,premium_retention_offer,70,Send premium retention offer,2026-05-05T10:18:54.818Z,1777976334817,v1
0.01,low_risk,no_action,0,No action,2026-05-05T10:18:54.818Z,1777976334817,v1
0,low_risk,no_action,0,No action,2026-05-05T10:18:54.818Z,1777976334817,v1
0,low_risk,no_action,0,No action,2026-05-05T10:18:54.818Z,1777976334817,v1
0,low_risk,no_action,0,No action,2026-05-05T10:18:54.818Z,1777976334817,v1
0,low_risk,no_action,0,No action,2026-05-05T10:18:54.818Z,1777976334817,v1
0,low_risk,no_action,0,No action,2026-05-05T10:18:54.818Z,1777976334817,v1
0,low_risk,no_action,0,No action,2026-05-05T10:18:54.818Z,1777976334817,v1
1,high_risk,premium_retention_offer,70,Send premium retention offer,2026-05-05T10:18:54.818Z,1777976334817,v1
0,low_risk,no_action,0,No action,2026-05-05T10:18:54.818Z,1777976334817,v1
0,low_risk,no_action,0,No action,2026-05-05T10:18:54.818Z,1777976334817,v1
0,low_risk,no_action,0,No action,2026-05-05T10:18:54.818Z,1777976334817,v1
0,low_risk,no_action,0,No action,2026-05-05T10:18:54.818Z,1777976334817,v1
0,low_risk,no_action,0,No action,2026-05-05T10:18:54.818Z,1777976334817,v1
0.01,low_risk,no_action,0,No action,2026-05-05T10:18:54.818Z,1777976334817,v1
0.99,high_risk,premium_retention_offer,68.8,Send premium retention offer,2026-05-05T10:18:54.818Z,1777976334817,v1
0,low_risk,no_action,0,No action,2026-05-05T10:18:54.818Z,1777976334817,v1
0,low_risk,no_action,0,No action,2026-05-05T10:18:54.818Z,1777976334817,v1
0.99,high_risk,premium_retention_offer,68.8,Send premium retention offer,2026-05-05T10:18:54.818Z,1777976334817,v1
0.99,high_risk,premium_retention_offer,68.8,Send premium retention offer,2026-05-05T10:18:54.818Z,1777976334817,v1
0,low_risk,no_action,0,No action,2026-05-05T10:18:54.818Z,1777976334817,v1
0,low_risk,no_action,0,No action,2026-05-05T10:18:54.818Z,1777976334817,v1
0,low_risk,no_action,0,No action,2026-05-05T10:18:54.818Z,1777976334817,v1
1,high_risk,premium_retention_offer,70,Send premium retention offer,2026-05-05T10:18:54.818Z,1777976334817,v1
1,high_risk,premium_retention_offer,70,Send premium retention offer,2026-05-05T10:18:54.818Z,1777976334817,v1
0,low_risk,no_action,0,No action,2026-05-05T10:18:54.818Z,1777976334817,v1
0,low_risk,no_action,0,No action,2026-05-05T10:18:54.818Z,1777976334817,v1
0,low_risk,no_action,0,No action,2026-05-05T10:18:54.818Z,1777976334817,v1
0,low_risk,no_action,0,No action,2026-05-05T10:18:54.818Z,1777976334817,v1
0,low_risk,no_action,0,No action,2026-05-05T10:18:54.818Z,1777976334817,v1
0,low_risk,no_action,0,No action,2026-05-05T10:18:54.818Z,1777976334817,v1
0.99,high_risk,premium_retention_offer,68.8,Send premium retention offer,2026-05-05T10:18:54.818Z,1777976334817,v1
0,low_risk,no_action,0,No action,2026-05-05T10:18:54.818Z,1777976334817,v1
0,low_risk,no_action,0,No action,2026-05-05T10:18:54.818Z,1777976334817,v1
0,low_risk,no_action,0,No action,2026-05-05T10:18:54.818Z,1777976334817,v1
1,high_risk,premium_retention_offer,70,Send premium retention offer,2026-05-05T10:18:54.818Z,1777976334817,v1
0,low_risk,no_action,0,No action,2026-05-05T10:18:54.818Z,1777976334817,v1
1,high_risk,premium_retention_offer,70,Send premium retention offer,2026-05-05T10:18:54.818Z,1777976334817,v1
0,low_risk,no_action,0,No action,2026-05-05T10:18:54.818Z,1777976334817,v1
0.02,low_risk,no_action,0,No action,2026-05-05T10:18:54.818Z,1777976334817,v1
0,low_risk,no_action,0,No action,2026-05-05T10:18:54.818Z,1777976334817,v1
0,low_risk,no_action,0,No action,2026-05-05T10:18:54.818Z,1777976334817,v1
0,low_risk,no_action,0,No action,2026-05-05T10:18:54.818Z,1777976334817,v1
1,high_risk,premium_retention_offer,70,Send premium retention offer,2026-05-05T10:18:54.818Z,1777976334817,v1
0,low_risk,no_action,0,No action,2026-05-05T10:18:54.818Z,1777976334817,v1
0,low_risk,no_action,0,No action,2026-05-05T10:18:54.818Z,1777976334817,v1
1,high_risk,premium_retention_offer,70,Send premium retention offer,2026-05-05T10:18:54.818Z,1777976334817,v1
0,low_risk,no_action,0,No action,2026-05-05T10:18:54.818Z,1777976334817,v1
0,low_risk,no_action,0,No action,2026-05-05T10:18:54.818Z,1777976334817,v1
0,low_risk,no_action,0,No action,2026-05-05T10:18:54.818Z,1777976334817,v1
0,low_risk,no_action,0,No action,2026-05-05T10:18:54.818Z,1777976334817,v1
1,high_risk,premium_retention_offer,70,Send premium retention offer,2026-05-05T10:18:54.818Z,1777976334817,v1
0,low_risk,no_action,0,No action,2026-05-05T10:18:54.818Z,1777976334817,v1
0.99,high_risk,premium_retention_offer,68.8,Send premium retention offer,2026-05-05T10:18:54.818Z,1777976334817,v1
0,low_risk,no_action,0,No action,2026-05-05T10:18:54.818Z,1777976334817,v1
0,low_risk,no_action,0,No action,2026-05-05T10:18:54.818Z,1777976334817,v1
0,low_risk,no_action,0,No action,2026-05-05T10:18:54.818Z,1777976334817,v1
0,low_risk,no_action,0,No action,2026-05-05T10:18:54.818Z,1777976334817,v1
0,low_risk,no_action,0,No action,2026-05-05T10:18:54.818Z,1777976334817,v1
0,low_risk,no_action,0,No action,2026-05-05T10:18:54.818Z,1777976334817,v1
0,low_risk,no_action,0,No action,2026-05-05T10:18:54.818Z,1777976334817,v1
0.99,high_risk,premium_retention_offer,68.8,Send premium retention offer,2026-05-05T10:18:54.818Z,1777976334817,v1
0,low_risk,no_action,0,No action,2026-05-05T10:18:54.818Z,1777976334817,v1
0,low_risk,no_action,0,No action,2026-05-05T10:18:54.818Z,1777976334817,v1
1,high_risk,premium_retention_offer,70,Send premium retention offer,2026-05-05T10:18:54.818Z,1777976334817,v1
1,high_risk,premium_retention_offer,70,Send premium retention offer,2026-05-05T10:18:54.818Z,1777976334817,v1
1,high_risk,premium_retention_offer,70,Send premium retention offer,2026-05-05T10:18:54.818Z,1777976334817,v1
0,low_risk,no_action,0,No action,2026-05-05T10:18:54.818Z,1777976334817,v1
0,low_risk,no_action,0,No action,2026-05-05T10:18:54.819Z,1777976334817,v1
0.98,high_risk,premium_retention_offer,67.6,Send premium retention offer,2026-05-05T10:18:54.819Z,1777976334817,v1
1,high_risk,premium_retention_offer,70,Send premium retention offer,2026-05-05T10:18:54.819Z,1777976334817,v1
0,low_risk,no_action,0,No action,2026-05-05T10:18:54.819Z,1777976334817,v1
0,low_risk,no_action,0,No action,2026-05-05T10:18:54.819Z,1777976334817,v1
0,low_risk,no_action,0,No action,2026-05-05T10:18:54.819Z,1777976334817,v1
0,low_risk,no_action,0,No action,2026-05-05T10:18:54.819Z,1777976334817,v1
0,low_risk,no_action,0,No action,2026-05-05T10:18:54.819Z,1777976334817,v1
0,low_risk,no_action,0,No action,2026-05-05T10:18:54.819Z,1777976334817,v1
0,low_risk,no_action,0,No action,2026-05-05T10:18:54.819Z,1777976334817,v1
1,high_risk,premium_retention_offer,70,Send premium retention offer,2026-05-05T10:18:54.819Z,1777976334817,v1
0,low_risk,no_action,0,No action,2026-05-05T10:18:54.819Z,1777976334817,v1
0.99,high_risk,premium_retention_offer,68.8,Send premium retention offer,2026-05-05T10:18:54.819Z,1777976334817,v1
0,low_risk,no_action,0,No action,2026-05-05T10:18:54.819Z,1777976334817,v1
0,low_risk,no_action,0,No action,2026-05-05T10:18:54.819Z,1777976334817,v1
1,high_risk,premium_retention_offer,70,Send premium retention offer,2026-05-05T10:18:54.819Z,1777976334817,v1
0,low_risk,no_action,0,No action,2026-05-05T10:18:54.819Z,1777976334817,v1
0,low_risk,no_action,0,No action,2026-05-05T10:18:54.819Z,1777976334817,v1
0,low_risk,no_action,0,No action,2026-05-05T10:18:54.819Z,1777976334817,v1
0,low_risk,no_action,0,No action,2026-05-05T10:18:54.819Z,1777976334817,v1
0,low_risk,no_action,0,No action,2026-05-05T10:18:54.819Z,1777976334817,v1
0.01,low_risk,no_action,0,No action,2026-05-05T10:18:54.819Z,1777976334817,v1
0,low_risk,no_action,0,No action,2026-05-05T10:18:54.819Z,1777976334817,v1
0,low_risk,no_action,0,No action,2026-05-05T10:18:54.819Z,1777976334817,v1
0,low_risk,no_action,0,No action,2026-05-05T10:18:54.819Z,1777976334817,v1
0,low_risk,no_action,0,No action,2026-05-05T10:18:54.819Z,1777976334817,v1
0,low_risk,no_action,0,No action,2026-05-05T10:18:54.819Z,1777976334817,v1
1,high_risk,premium_retention_offer,70,Send premium retention offer,2026-05-05T10:18:54.819Z,1777976334817,v1
0,low_risk,no_action,0,No action,2026-05-05T10:18:54.819Z,1777976334817,v1
0.99,high_risk,premium_retention_offer,68.8,Send premium retention offer,2026-05-05T10:18:54.819Z,1777976334817,v1
0,low_risk,no_action,0,No action,2026-05-05T10:18:54.819Z,1777976334817,v1
0,low_risk,no_action,0,No action,2026-05-05T10:18:54.819Z,1777976334817,v1
0,low_risk,no_action,0,No action,2026-05-05T10:18:54.819Z,1777976334817,v1
0.01,low_risk,no_action,0,No action,2026-05-05T10:18:54.819Z,1777976334817,v1
0,low_risk,no_action,0,No action,2026-05-05T10:18:54.819Z,1777976334817,v1
0,low_risk,no_action,0,No action,2026-05-05T10:18:54.819Z,1777976334817,v1
0,low_risk,no_action,0,No action,2026-05-05T10:18:54.819Z,1777976334817,v1
0,low_risk,no_action,0,No action,2026-05-05T10:18:54.819Z,1777976334817,v1
0,low_risk,no_action,0,No action,2026-05-05T10:18:54.819Z,1777976334817,v1
0.01,low_risk,no_action,0,No action,2026-05-05T10:18:54.819Z,1777976334817,v1
0,low_risk,no_action,0,No action,2026-05-05T10:18:54.819Z,1777976334817,v1
0,low_risk,no_action,0,No action,2026-05-05T10:18:54.819Z,1777976334817,v1
1,high_risk,premium_retention_offer,70,Send premium retention offer,2026-05-05T10:18:54.819Z,1777976334817,v1
1,high_risk,premium_retention_offer,70,Send premium retention offer,2026-05-05T10:18:54.819Z,1777976334817,v1
0,low_risk,no_action,0,No action,2026-05-05T10:18:54.819Z,1777976334817,v1
0,low_risk,no_action,0,No action,2026-05-05T10:18:54.819Z,1777976334817,v1
0.99,high_risk,premium_retention_offer,68.8,Send premium retention offer,2026-05-05T10:18:54.819Z,1777976334817,v1
0,low_risk,no_action,0,No action,2026-05-05T10:18:54.819Z,1777976334817,v1
0,low_risk,no_action,0,No action,2026-05-05T10:18:54.819Z,1777976334817,v1
0,low_risk,no_action,0,No action,2026-05-05T10:18:54.819Z,1777976334817,v1
0,low_risk,no_action,0,No action,2026-05-05T10:18:54.819Z,1777976334817,v1
0.01,low_risk,no_action,0,No action,2026-05-05T10:18:54.819Z,1777976334817,v1
1,high_risk,premium_retention_offer,70,Send premium retention offer,2026-05-05T10:18:54.819Z,1777976334817,v1
0,low_risk,no_action,0,No action,2026-05-05T10:18:54.819Z,1777976334817,v1
0,low_risk,no_action,0,No action,2026-05-05T10:18:54.819Z,1777976334817,v1
1,high_risk,premium_retention_offer,70,Send premium retention offer,2026-05-05T10:18:54.819Z,1777976334817,v1
0.99,high_risk,premium_retention_offer,68.8,Send premium retention offer,2026-05-05T10:18:54.819Z,1777976334817,v1
1,high_risk,premium_retention_offer,70,Send premium retention offer,2026-05-05T10:18:54.819Z,1777976334817,v1
0,low_risk,no_action,0,No action,2026-05-05T10:18:54.819Z,1777976334817,v1
0,low_risk,no_action,0,No action,2026-05-05T10:18:54.819Z,1777976334817,v1
0,low_risk,no_action,0,No action,2026-05-05T10:18:54.819Z,1777976334817,v1
0,low_risk,no_action,0,No action,2026-05-05T10:18:54.819Z,1777976334817,v1
0,low_risk,no_action,0,No action,2026-05-05T10:18:54.819Z,1777976334817,v1
0,low_risk,no_action,0,No action,2026-05-05T10:18:54.819Z,1777976334817,v1
0,low_risk,no_action,0,No action,2026-05-05T10:18:54.819Z,1777976334817,v1
1,high_risk,premium_retention_offer,70,Send premium retention offer,2026-05-05T10:18:54.819Z,1777976334817,v1
0,low_risk,no_action,0,No action,2026-05-05T10:18:54.819Z,1777976334817,v1
0,low_risk,no_action,0,No action,2026-05-05T10:18:54.819Z,1777976334817,v1
0,low_risk,no_action,0,No action,2026-05-05T10:18:54.819Z,1777976334817,v1
0,low_risk,no_action,0,No action,2026-05-05T10:18:54.819Z,1777976334817,v1
0,low_risk,no_action,0,No action,2026-05-05T10:18:54.819Z,1777976334817,v1
0,low_risk,no_action,0,No action,2026-05-05T10:18:54.819Z,1777976334817,v1
0,low_risk,no_action,0,No action,2026-05-05T10:18:54.819Z,1777976334817,v1
0.01,low_risk,no_action,0,No action,2026-05-05T10:18:54.819Z,1777976334817,v1
0,low_risk,no_action,0,No action,2026-05-05T10:18:54.819Z,1777976334817,v1
0,low_risk,no_action,0,No action,2026-05-05T10:18:54.819Z,1777976334817,v1
0,low_risk,no_action,0,No action,2026-05-05T10:18:54.819Z,1777976334817,v1
0,low_risk,no_action,0,No action,2026-05-05T10:18:54.819Z,1777976334817,v1
0,low_risk,no_action,0,No action,2026-05-05T10:18:54.819Z,1777976334817,v1
0,low_risk,no_action,0,No action,2026-05-05T10:18:54.819Z,1777976334817,v1
0,low_risk,no_action,0,No action,2026-05-05T10:18:54.819Z,1777976334817,v1
0.02,low_risk,no_action,0,No action,2026-05-05T10:18:54.819Z,1777976334817,v1
0,low_risk,no_action,0,No action,2026-05-05T10:18:54.819Z,1777976334817,v1
0,low_risk,no_action,0,No action,2026-05-05T10:18:54.819Z,1777976334817,v1
0,low_risk,no_action,0,No action,2026-05-05T10:18:54.819Z,1777976334817,v1
0,low_risk,no_action,0,No action,2026-05-05T10:18:54.819Z,1777976334817,v1
0,low_risk,no_action,0,No action,2026-05-05T10:18:54.819Z,1777976334817,v1
0,low_risk,no_action,0,No action,2026-05-05T10:18:54.819Z,1777976334817,v1
0,low_risk,no_action,0,No action,2026-05-05T10:18:54.819Z,1777976334817,v1
1,high_risk,premium_retention_offer,70,Send premium retention offer,2026-05-05T10:18:54.819Z,1777976334817,v1
0,low_risk,no_action,0,No action,2026-05-05T10:18:54.819Z,1777976334817,v1
0,low_risk,no_action,0,No action,2026-05-05T10:18:54.819Z,1777976334817,v1
0,low_risk,no_action,0,No action,2026-05-05T10:18:54.819Z,1777976334817,v1
0.01,low_risk,no_action,0,No action,2026-05-05T10:18:54.819Z,1777976334817,v1
0,low_risk,no_action,0,No action,2026-05-05T10:18:54.819Z,1777976334817,v1
0,low_risk,no_action,0,No action,2026-05-05T10:18:54.819Z,1777976334817,v1
0,low_risk,no_action,0,No action,2026-05-05T10:18:54.819Z,1777976334817,v1
0.99,high_risk,premium_retention_offer,68.8,Send premium retention offer,2026-05-05T10:18:54.819Z,1777976334817,v1
0,low_risk,no_action,0,No action,2026-05-05T10:18:54.819Z,1777976334817,v1
1,high_risk,premium_retention_offer,70,Send premium retention offer,2026-05-05T10:18:54.819Z,1777976334817,v1
1,high_risk,premium_retention_offer,70,Send premium retention offer,2026-05-05T10:18:54.819Z,1777976334817,v1
0,low_risk,no_action,0,No action,2026-05-05T10:18:54.819Z,1777976334817,v1
0,low_risk,no_action,0,No action,2026-05-05T10:18:54.819Z,1777976334817,v1
0,low_risk,no_action,0,No action,2026-05-05T10:18:54.819Z,1777976334817,v1
0,low_risk,no_action,0,No action,2026-05-05T10:18:54.819Z,1777976334817,v1
0,low_risk,no_action,0,No action,2026-05-05T10:18:54.819Z,1777976334817,v1
0,low_risk,no_action,0,No action,2026-05-05T10:18:54.819Z,1777976334817,v1
0,low_risk,no_action,0,No action,2026-05-05T10:18:54.819Z,1777976334817,v1
1,high_risk,premium_retention_offer,70,Send premium retention offer,2026-05-05T10:18:54.819Z,1777976334817,v1
1,high_risk,premium_retention_offer,70,Send premium retention offer,2026-05-05T10:18:54.819Z,1777976334817,v1
0,low_risk,no_action,0,No action,2026-05-05T10:18:54.819Z,1777976334817,v1
0,low_risk,no_action,0,No action,2026-05-05T10:18:54.819Z,1777976334817,v1
0,low_risk,no_action,0,No action,2026-05-05T10:18:54.819Z,1777976334817,v1
0,low_risk,no_action,0,No action,2026-05-05T10:18:54.819Z,1777976334817,v1
0,low_risk,no_action,0,No action,2026-05-05T10:18:54.819Z,1777976334817,v1
0,low_risk,no_action,0,No action,2026-05-05T10:18:54.819Z,1777976334817,v1
0,low_risk,no_action,0,No action,2026-05-05T10:18:54.819Z,1777976334817,v1
1,high_risk,premium_retention_offer,70,Send premium retention offer,2026-05-05T10:18:54.819Z,1777976334817,v1
0,low_risk,no_action,0,No action,2026-05-05T10:18:54.819Z,1777976334817,v1
0,low_risk,no_action,0,No action,2026-05-05T10:18:54.819Z,1777976334817,v1
0,low_risk,no_action,0,No action,2026-05-05T10:18:54.819Z,1777976334817,v1
0,low_risk,no_action,0,No action,2026-05-05T10:18:54.819Z,1777976334817,v1
0,low_risk,no_action,0,No action,2026-05-05T10:18:54.819Z,1777976334817,v1
0,low_risk,no_action,0,No action,2026-05-05T10:18:54.819Z,1777976334817,v1
0,low_risk,no_action,0,No action,2026-05-05T10:18:54.819Z,1777976334817,v1
0,low_risk,no_action,0,No action,2026-05-05T10:18:54.819Z,1777976334817,v1
0.98,high_risk,premium_retention_offer,67.6,Send premium retention offer,2026-05-05T10:18:54.819Z,1777976334817,v1
0,low_risk,no_action,0,No action,2026-05-05T10:18:54.819Z,1777976334817,v1
0,low_risk,no_action,0,No action,2026-05-05T10:18:54.819Z,1777976334817,v1
0,low_risk,no_action,0,No action,2026-05-05T10:18:54.819Z,1777976334817,v1
0,low_risk,no_action,0,No action,2026-05-05T10:18:54.819Z,1777976334817,v1
0,low_risk,no_action,0,No action,2026-05-05T10:18:54.819Z,1777976334817,v1
1,high_risk,premium_retention_offer,70,Send premium retention offer,2026-05-05T10:18:54.819Z,1777976334817,v1
0.99,high_risk,premium_retention_offer,68.8,Send premium retention offer,2026-05-05T10:18:54.819Z,1777976334817,v1
0,low_risk,no_action,0,No action,2026-05-05T10:18:54.819Z,1777976334817,v1
0.01,low_risk,no_action,0,No action,2026-05-05T10:18:54.819Z,1777976334817,v1
0,low_risk,no_action,0,No action,2026-05-05T10:18:54.819Z,1777976334817,v1
0,low_risk,no_action,0,No action,2026-05-05T10:18:54.819Z,1777976334817,v1
0,low_risk,no_action,0,No action,2026-05-05T10:18:54.819Z,1777976334817,v1
0.01,low_risk,no_action,0,No action,2026-05-05T10:18:54.819Z,1777976334817,v1
0,low_risk,no_action,0,No action,2026-05-05T10:18:54.819Z,1777976334817,v1
0.99,high_risk,premium_retention_offer,68.8,Send premium retention offer,2026-05-05T10:18:54.819Z,1777976334817,v1
0,low_risk,no_action,0,No action,2026-05-05T10:18:54.819Z,1777976334817,v1
0,low_risk,no_action,0,No action,2026-05-05T10:18:54.819Z,1777976334817,v1
0,low_risk,no_action,0,No action,2026-05-05T10:18:54.819Z,1777976334817,v1
0.98,high_risk,premium_retention_offer,67.6,Send premium retention offer,2026-05-05T10:18:54.819Z,1777976334817,v1
1,high_risk,premium_retention_offer,70,Send premium retention offer,2026-05-05T10:18:54.819Z,1777976334817,v1
0,low_risk,no_action,0,No action,2026-05-05T10:18:54.819Z,1777976334817,v1
0,low_risk,no_action,0,No action,2026-05-05T10:18:54.819Z,1777976334817,v1
0,low_risk,no_action,0,No action,2026-05-05T10:18:54.819Z,1777976334817,v1
0,low_risk,no_action,0,No action,2026-05-05T10:18:54.819Z,1777976334817,v1
0,low_risk,no_action,0,No action,2026-05-05T10:18:54.819Z,1777976334817,v1
0,low_risk,no_action,0,No action,2026-05-05T10:18:54.819Z,1777976334817,v1
0,low_risk,no_action,0,No action,2026-05-05T10:18:54.819Z,1777976334817,v1
0,low_risk,no_action,0,No action,2026-05-05T10:18:54.819Z,1777976334817,v1
0.99,high_risk,premium_retention_offer,68.8,Send premium retention offer,2026-05-05T10:18:54.819Z,1777976334817,v1
0,low_risk,no_action,0,No action,2026-05-05T10:18:54.819Z,1777976334817,v1
0,low_risk,no_action,0,No action,2026-05-05T10:18:54.819Z,1777976334817,v1
0,low_risk,no_action,0,No action,2026-05-05T10:18:54.819Z,1777976334817,v1
0,low_risk,no_action,0,No action,2026-05-05T10:18:54.819Z,1777976334817,v1
0,low_risk,no_action,0,No action,2026-05-05T10:18:54.819Z,1777976334817,v1
0,low_risk,no_action,0,No action,2026-05-05T10:18:54.819Z,1777976334817,v1
0,low_risk,no_action,0,No action,2026-05-05T10:18:54.819Z,1777976334817,v1
0.01,low_risk,no_action,0,No action,2026-05-05T10:18:54.819Z,1777976334817,v1
0,low_risk,no_action,0,No action,2026-05-05T10:18:54.819Z,1777976334817,v1
0,low_risk,no_action,0,No action,2026-05-05T10:18:54.819Z,1777976334817,v1
0,low_risk,no_action,0,No action,2026-05-05T10:18:54.819Z,1777976334817,v1
0,low_risk,no_action,0,No action,2026-05-05T10:18:54.819Z,1777976334817,v1
0,low_risk,no_action,0,No action,2026-05-05T10:18:54.819Z,1777976334817,v1
0,low_risk,no_action,0,No action,2026-05-05T10:18:54.819Z,1777976334817,v1
0,low_risk,no_action,0,No action,2026-05-05T10:18:54.819Z,1777976334817,v1
0,low_risk,no_action,0,No action,2026-05-05T10:18:54.819Z,1777976334817,v1
0,low_risk,no_action,0,No action,2026-05-05T10:18:54.819Z,1777976334817,v1
0.99,high_risk,premium_retention_offer,68.8,Send premium retention offer,2026-05-05T10:18:54.819Z,1777976334817,v1
1,high_risk,premium_retention_offer,70,Send premium retention offer,2026-05-05T10:18:54.819Z,1777976334817,v1
0.02,low_risk,no_action,0,No action,2026-05-05T10:18:54.819Z,1777976334817,v1
1,high_risk,premium_retention_offer,70,Send premium retention offer,2026-05-05T10:18:54.819Z,1777976334817,v1
0,low_risk,no_action,0,No action,2026-05-05T10:18:54.819Z,1777976334817,v1
0,low_risk,no_action,0,No action,2026-05-05T10:18:54.819Z,1777976334817,v1
1,high_risk,premium_retention_offer,70,Send premium retention offer,2026-05-05T10:18:54.819Z,1777976334817,v1
0,low_risk,no_action,0,No action,2026-05-05T10:18:54.819Z,1777976334817,v1
1,high_risk,premium_retention_offer,70,Send premium retention offer,2026-05-05T10:18:54.819Z,1777976334817,v1
0.95,high_risk,premium_retention_offer,64,Send premium retention offer,2026-05-05T10:18:54.819Z,1777976334817,v1
0,low_risk,no_action,0,No action,2026-05-05T10:18:54.819Z,1777976334817,v1
0,low_risk,no_action,0,No action,2026-05-05T10:18:54.819Z,1777976334817,v1
0,low_risk,no_action,0,No action,2026-05-05T10:18:54.819Z,1777976334817,v1
1,high_risk,premium_retention_offer,70,Send premium retention offer,2026-05-05T10:18:54.819Z,1777976334817,v1
0,low_risk,no_action,0,No action,2026-05-05T10:18:54.819Z,1777976334817,v1
1,high_risk,premium_retention_offer,70,Send premium retention offer,2026-05-05T10:18:54.819Z,1777976334817,v1
1,high_risk,premium_retention_offer,70,Send premium retention offer,2026-05-05T10:18:54.819Z,1777976334817,v1
0,low_risk,no_action,0,No action,2026-05-05T10:18:54.819Z,1777976334817,v1
0,low_risk,no_action,0,No action,2026-05-05T10:18:54.819Z,1777976334817,v1
0,low_risk,no_action,0,No action,2026-05-05T10:18:54.819Z,1777976334817,v1
0,low_risk,no_action,0,No action,2026-05-05T10:18:54.819Z,1777976334817,v1
0,low_risk,no_action,0,No action,2026-05-05T10:18:54.819Z,1777976334817,v1
0,low_risk,no_action,0,No action,2026-05-05T10:18:54.819Z,1777976334817,v1
1,high_risk,premium_retention_offer,70,Send premium retention offer,2026-05-05T10:18:54.819Z,1777976334817,v1
0,low_risk,no_action,0,No action,2026-05-05T10:18:54.819Z,1777976334817,v1
0,low_risk,no_action,0,No action,2026-05-05T10:18:54.819Z,1777976334817,v1
0,low_risk,no_action,0,No action,2026-05-05T10:18:54.819Z,1777976334817,v1
0,low_risk,no_action,0,No action,2026-05-05T10:18:54.819Z,1777976334817,v1
0.01,low_risk,no_action,0,No action,2026-05-05T10:18:54.819Z,1777976334817,v1
0,low_risk,no_action,0,No action,2026-05-05T10:18:54.819Z,1777976334817,v1
0,low_risk,no_action,0,No action,2026-05-05T10:18:54.819Z,1777976334817,v1
0.01,low_risk,no_action,0,No action,2026-05-05T10:18:54.819Z,1777976334817,v1
0,low_risk,no_action,0,No action,2026-05-05T10:18:54.819Z,1777976334817,v1
0,low_risk,no_action,0,No action,2026-05-05T10:18:54.819Z,1777976334817,v1
0,low_risk,no_action,0,No action,2026-05-05T10:18:54.819Z,1777976334817,v1
0,low_risk,no_action,0,No action,2026-05-05T10:18:54.819Z,1777976334817,v1
0,low_risk,no_action,0,No action,2026-05-05T10:18:54.819Z,1777976334817,v1
0,low_risk,no_action,0,No action,2026-05-05T10:18:54.819Z,1777976334817,v1
0,low_risk,no_action,0,No action,2026-05-05T10:18:54.819Z,1777976334817,v1
0,low_risk,no_action,0,No action,2026-05-05T10:18:54.819Z,1777976334817,v1
0,low_risk,no_action,0,No action,2026-05-05T10:18:54.819Z,1777976334817,v1
0,low_risk,no_action,0,No action,2026-05-05T10:18:54.819Z,1777976334817,v1
0,low_risk,no_action,0,No action,2026-05-05T10:18:54.819Z,1777976334817,v1
0,low_risk,no_action,0,No action,2026-05-05T10:18:54.819Z,1777976334817,v1
1,high_risk,premium_retention_offer,70,Send premium retention offer,2026-05-05T10:18:54.819Z,1777976334817,v1
0,low_risk,no_action,0,No action,2026-05-05T10:18:54.819Z,1777976334817,v1
0,low_risk,no_action,0,No action,2026-05-05T10:18:54.819Z,1777976334817,v1
0,low_risk,no_action,0,No action,2026-05-05T10:18:54.819Z,1777976334817,v1
0.01,low_risk,no_action,0,No action,2026-05-05T10:18:54.819Z,1777976334817,v1
0,low_risk,no_action,0,No action,2026-05-05T10:18:54.819Z,1777976334817,v1
0,low_risk,no_action,0,No action,2026-05-05T10:18:54.819Z,1777976334817,v1
0,low_risk,no_action,0,No action,2026-05-05T10:18:54.819Z,1777976334817,v1
1,high_risk,premium_retention_offer,70,Send premium retention offer,2026-05-05T10:18:54.819Z,1777976334817,v1
0,low_risk,no_action,0,No action,2026-05-05T10:18:54.819Z,1777976334817,v1
0,low_risk,no_action,0,No action,2026-05-05T10:18:54.819Z,1777976334817,v1
0,low_risk,no_action,0,No action,2026-05-05T10:18:54.819Z,1777976334817,v1
1,high_risk,premium_retention_offer,70,Send premium retention offer,2026-05-05T10:18:54.819Z,1777976334817,v1
0,low_risk,no_action,0,No action,2026-05-05T10:18:54.819Z,1777976334817,v1
0,low_risk,no_action,0,No action,2026-05-05T10:18:54.819Z,1777976334817,v1
0,low_risk,no_action,0,No action,2026-05-05T10:18:54.819Z,1777976334817,v1
0,low_risk,no_action,0,No action,2026-05-05T10:18:54.819Z,1777976334817,v1
0,low_risk,no_action,0,No action,2026-05-05T10:18:54.819Z,1777976334817,v1
1,high_risk,premium_retention_offer,70,Send premium retention offer,2026-05-05T10:18:54.819Z,1777976334817,v1
0,low_risk,no_action,0,No action,2026-05-05T10:18:54.819Z,1777976334817,v1
0,low_risk,no_action,0,No action,2026-05-05T10:18:54.819Z,1777976334817,v1
0,low_risk,no_action,0,No action,2026-05-05T10:18:54.819Z,1777976334817,v1
0,low_risk,no_action,0,No action,2026-05-05T10:18:54.819Z,1777976334817,v1
0,low_risk,no_action,0,No action,2026-05-05T10:18:54.819Z,1777976334817,v1
0,low_risk,no_action,0,No action,2026-05-05T10:18:54.819Z,1777976334817,v1
0,low_risk,no_action,0,No action,2026-05-05T10:18:54.819Z,1777976334817,v1
0.01,low_risk,no_action,0,No action,2026-05-05T10:18:54.819Z,1777976334817,v1
0,low_risk,no_action,0,No action,2026-05-05T10:18:54.819Z,1777976334817,v1
0,low_risk,no_action,0,No action,2026-05-05T10:18:54.819Z,1777976334817,v1
0,low_risk,no_action,0,No action,2026-05-05T10:18:54.819Z,1777976334817,v1
0,low_risk,no_action,0,No action,2026-05-05T10:18:54.819Z,1777976334817,v1
0,low_risk,no_action,0,No action,2026-05-05T10:18:54.819Z,1777976334817,v1
0,low_risk,no_action,0,No action,2026-05-05T10:18:54.819Z,1777976334817,v1
1,high_risk,premium_retention_offer,70,Send premium retention offer,2026-05-05T10:18:54.819Z,1777976334817,v1
0,low_risk,no_action,0,No action,2026-05-05T10:18:54.819Z,1777976334817,v1
1,high_risk,premium_retention_offer,70,Send premium retention offer,2026-05-05T10:18:54.819Z,1777976334817,v1
0,low_risk,no_action,0,No action,2026-05-05T10:18:54.819Z,1777976334817,v1
0,low_risk,no_action,0,No action,2026-05-05T10:18:54.819Z,1777976334817,v1
1,high_risk,premium_retention_offer,70,Send premium retention offer,2026-05-05T10:18:54.819Z,1777976334817,v1
0,low_risk,no_action,0,No action,2026-05-05T10:18:54.819Z,1777976334817,v1
0,low_risk,no_action,0,No action,2026-05-05T10:18:54.819Z,1777976334817,v1
0,low_risk,no_action,0,No action,2026-05-05T10:18:54.819Z,1777976334817,v1
0,low_risk,no_action,0,No action,2026-05-05T10:18:54.819Z,1777976334817,v1
0,low_risk,no_action,0,No action,2026-05-05T10:18:54.819Z,1777976334817,v1
0,low_risk,no_action,0,No action,2026-05-05T10:18:54.819Z,1777976334817,v1
0,low_risk,no_action,0,No action,2026-05-05T10:18:54.819Z,1777976334817,v1
1,high_risk,premium_retention_offer,70,Send premium retention offer,2026-05-05T10:18:54.819Z,1777976334817,v1
0,low_risk,no_action,0,No action,2026-05-05T10:18:54.819Z,1777976334817,v1
0,low_risk,no_action,0,No action,2026-05-05T10:18:54.819Z,1777976334817,v1
0,low_risk,no_action,0,No action,2026-05-05T10:18:54.819Z,1777976334817,v1
0,low_risk,no_action,0,No action,2026-05-05T10:18:54.819Z,1777976334817,v1
1,high_risk,premium_retention_offer,70,Send premium retention offer,2026-05-05T10:18:54.819Z,1777976334817,v1
0,low_risk,no_action,0,No action,2026-05-05T10:18:54.819Z,1777976334817,v1
0,low_risk,no_action,0,No action,2026-05-05T10:18:54.819Z,1777976334817,v1
1,high_risk,premium_retention_offer,70,Send premium retention offer,2026-05-05T10:18:54.819Z,1777976334817,v1
1,high_risk,premium_retention_offer,70,Send premium retention offer,2026-05-05T10:18:54.819Z,1777976334817,v1
0.96,high_risk,premium_retention_offer,65.2,Send premium retention offer,2026-05-05T10:18:54.819Z,1777976334817,v1
0,low_risk,no_action,0,No action,2026-05-05T10:18:54.819Z,1777976334817,v1
0,low_risk,no_action,0,No action,2026-05-05T10:18:54.819Z,1777976334817,v1
0,low_risk,no_action,0,No action,2026-05-05T10:18:54.819Z,1777976334817,v1
0,low_risk,no_action,0,No action,2026-05-05T10:18:54.819Z,1777976334817,v1
0,low_risk,no_action,0,No action,2026-05-05T10:18:54.819Z,1777976334817,v1
1,high_risk,premium_retention_offer,70,Send premium retention offer,2026-05-05T10:18:54.819Z,1777976334817,v1
1,high_risk,premium_retention_offer,70,Send premium retention offer,2026-05-05T10:18:54.819Z,1777976334817,v1
0.01,low_risk,no_action,0,No action,2026-05-05T10:18:54.819Z,1777976334817,v1
0,low_risk,no_action,0,No action,2026-05-05T10:18:54.819Z,1777976334817,v1
1,high_risk,premium_retention_offer,70,Send premium retention offer,2026-05-05T10:18:54.819Z,1777976334817,v1
0,low_risk,no_action,0,No action,2026-05-05T10:18:54.819Z,1777976334817,v1
0,low_risk,no_action,0,No action,2026-05-05T10:18:54.819Z,1777976334817,v1
0,low_risk,no_action,0,No action,2026-05-05T10:18:54.819Z,1777976334817,v1
0,low_risk,no_action,0,No action,2026-05-05T10:18:54.819Z,1777976334817,v1
0,low_risk,no_action,0,No action,2026-05-05T10:18:54.819Z,1777976334817,v1
0.01,low_risk,no_action,0,No action,2026-05-05T10:18:54.819Z,1777976334817,v1
0,low_risk,no_action,0,No action,2026-05-05T10:18:54.819Z,1777976334817,v1
0,low_risk,no_action,0,No action,2026-05-05T10:18:54.819Z,1777976334817,v1
1,high_risk,premium_retention_offer,70,Send premium retention offer,2026-05-05T10:18:54.819Z,1777976334817,v1
1,high_risk,premium_retention_offer,70,Send premium retention offer,2026-05-05T10:18:54.819Z,1777976334817,v1
0,low_risk,no_action,0,No action,2026-05-05T10:18:54.819Z,1777976334817,v1
0.98,high_risk,premium_retention_offer,67.6,Send premium retention offer,2026-05-05T10:18:54.819Z,1777976334817,v1
0,low_risk,no_action,0,No action,2026-05-05T10:18:54.819Z,1777976334817,v1
0,low_risk,no_action,0,No action,2026-05-05T10:18:54.819Z,1777976334817,v1
0.01,low_risk,no_action,0,No action,2026-05-05T10:18:54.819Z,1777976334817,v1
0,low_risk,no_action,0,No action,2026-05-05T10:18:54.819Z,1777976334817,v1
0.01,low_risk,no_action,0,No action,2026-05-05T10:18:54.819Z,1777976334817,v1
0,low_risk,no_action,0,No action,2026-05-05T10:18:54.819Z,1777976334817,v1
0,low_risk,no_action,0,No action,2026-05-05T10:18:54.819Z,1777976334817,v1
0,low_risk,no_action,0,No action,2026-05-05T10:18:54.819Z,1777976334817,v1
0,low_risk,no_action,0,No action,2026-05-05T10:18:54.819Z,1777976334817,v1
1,high_risk,premium_retention_offer,70,Send premium retention offer,2026-05-05T10:18:54.819Z,1777976334817,v1
0.98,high_risk,premium_retention_offer,67.6,Send premium retention offer,2026-05-05T10:18:54.819Z,1777976334817,v1
0,low_risk,no_action,0,No action,2026-05-05T10:18:54.819Z,1777976334817,v1
0,low_risk,no_action,0,No action,2026-05-05T10:18:54.819Z,1777976334817,v1
0,low_risk,no_action,0,No action,2026-05-05T10:18:54.819Z,1777976334817,v1
1,high_risk,premium_retention_offer,70,Send premium retention offer,2026-05-05T10:18:54.819Z,1777976334817,v1
0,low_risk,no_action,0,No action,2026-05-05T10:18:54.819Z,1777976334817,v1
0.99,high_risk,premium_retention_offer,68.8,Send premium retention offer,2026-05-05T10:18:54.819Z,1777976334817,v1
0,low_risk,no_action,0,No action,2026-05-05T10:18:54.819Z,1777976334817,v1
0,low_risk,no_action,0,No action,2026-05-05T10:18:54.819Z,1777976334817,v1
0,low_risk,no_action,0,No action,2026-05-05T10:18:54.819Z,1777976334817,v1
1,high_risk,premium_retention_offer,70,Send premium retention offer,2026-05-05T10:18:54.819Z,1777976334817,v1
1,high_risk,premium_retention_offer,70,Send premium retention offer,2026-05-05T10:18:54.819Z,1777976334817,v1
0,low_risk,no_action,0,No action,2026-05-05T10:18:54.819Z,1777976334817,v1
1,high_risk,premium_retention_offer,70,Send premium retention offer,2026-05-05T10:18:54.819Z,1777976334817,v1
0,low_risk,no_action,0,No action,2026-05-05T10:18:54.819Z,1777976334817,v1
0,low_risk,no_action,0,No action,2026-05-05T10:18:54.819Z,1777976334817,v1
0,low_risk,no_action,0,No action,2026-05-05T10:18:54.819Z,1777976334817,v1
0,low_risk,no_action,0,No action,2026-05-05T10:18:54.819Z,1777976334817,v1
0,low_risk,no_action,0,No action,2026-05-05T10:18:54.819Z,1777976334817,v1
0,low_risk,no_action,0,No action,2026-05-05T10:18:54.819Z,1777976334817,v1
0,low_risk,no_action,0,No action,2026-05-05T10:18:54.819Z,1777976334817,v1
0.01,low_risk,no_action,0,No action,2026-05-05T10:18:54.819Z,1777976334817,v1
0.99,high_risk,premium_retention_offer,68.8,Send premium retention offer,2026-05-05T10:18:54.819Z,1777976334817,v1
0,low_risk,no_action,0,No action,2026-05-05T10:18:54.819Z,1777976334817,v1
0,low_risk,no_action,0,No action,2026-05-05T10:18:54.819Z,1777976334817,v1
0,low_risk,no_action,0,No action,2026-05-05T10:18:54.819Z,1777976334817,v1
0,low_risk,no_action,0,No action,2026-05-05T10:18:54.819Z,1777976334817,v1
0.99,high_risk,premium_retention_offer,68.8,Send premium retention offer,2026-05-05T10:18:54.819Z,1777976334817,v1
1,high_risk,premium_retention_offer,70,Send premium retention offer,2026-05-05T10:18:54.819Z,1777976334817,v1
0.01,low_risk,no_action,0,No action,2026-05-05T10:18:54.819Z,1777976334817,v1
0,low_risk,no_action,0,No action,2026-05-05T10:18:54.819Z,1777976334817,v1
0,low_risk,no_action,0,No action,2026-05-05T10:18:54.819Z,1777976334817,v1
0,low_risk,no_action,0,No action,2026-05-05T10:18:54.819Z,1777976334817,v1
0,low_risk,no_action,0,No action,2026-05-05T10:18:54.819Z,1777976334817,v1
0,low_risk,no_action,0,No action,2026-05-05T10:18:54.819Z,1777976334817,v1
0,low_risk,no_action,0,No action,2026-05-05T10:18:54.819Z,1777976334817,v1
0,low_risk,no_action,0,No action,2026-05-05T10:18:54.819Z,1777976334817,v1
0,low_risk,no_action,0,No action,2026-05-05T10:18:54.819Z,1777976334817,v1
0,low_risk,no_action,0,No action,2026-05-05T10:18:54.819Z,1777976334817,v1
1,high_risk,premium_retention_offer,70,Send premium retention offer,2026-05-05T10:18:54.819Z,1777976334817,v1
0.02,low_risk,no_action,0,No action,2026-05-05T10:18:54.819Z,1777976334817,v1
0,low_risk,no_action,0,No action,2026-05-05T10:18:54.819Z,1777976334817,v1
1,high_risk,premium_retention_offer,70,Send premium retention offer,2026-05-05T10:18:54.819Z,1777976334817,v1
0,low_risk,no_action,0,No action,2026-05-05T10:18:54.819Z,1777976334817,v1
0,low_risk,no_action,0,No action,2026-05-05T10:18:54.819Z,1777976334817,v1
0,low_risk,no_action,0,No action,2026-05-05T10:18:54.819Z,1777976334817,v1
0,low_risk,no_action,0,No action,2026-05-05T10:18:54.819Z,1777976334817,v1
0,low_risk,no_action,0,No action,2026-05-05T10:18:54.819Z,1777976334817,v1
1,high_risk,premium_retention_offer,70,Send premium retention offer,2026-05-05T10:18:54.819Z,1777976334817,v1
0,low_risk,no_action,0,No action,2026-05-05T10:18:54.819Z,1777976334817,v1
0,low_risk,no_action,0,No action,2026-05-05T10:18:54.819Z,1777976334817,v1
0.01,low_risk,no_action,0,No action,2026-05-05T10:18:54.819Z,1777976334817,v1
1,high_risk,premium_retention_offer,70,Send premium retention offer,2026-05-05T10:18:54.819Z,1777976334817,v1
1,high_risk,premium_retention_offer,70,Send premium retention offer,2026-05-05T10:18:54.819Z,1777976334817,v1
0,low_risk,no_action,0,No action,2026-05-05T10:18:54.819Z,1777976334817,v1
1,high_risk,premium_retention_offer,70,Send premium retention offer,2026-05-05T10:18:54.819Z,1777976334817,v1
0,low_risk,no_action,0,No action,2026-05-05T10:18:54.819Z,1777976334817,v1
0,low_risk,no_action,0,No action,2026-05-05T10:18:54.819Z,1777976334817,v1
0,low_risk,no_action,0,No action,2026-05-05T10:18:54.819Z,1777976334817,v1
0,low_risk,no_action,0,No action,2026-05-05T10:18:54.819Z,1777976334817,v1
0.98,high_risk,premium_retention_offer,67.6,Send premium retention offer,2026-05-05T10:18:54.819Z,1777976334817,v1
0,low_risk,no_action,0,No action,2026-05-05T10:18:54.819Z,1777976334817,v1
0,low_risk,no_action,0,No action,2026-05-05T10:18:54.819Z,1777976334817,v1
0,low_risk,no_action,0,No action,2026-05-05T10:18:54.819Z,1777976334817,v1
0,low_risk,no_action,0,No action,2026-05-05T10:18:54.819Z,1777976334817,v1
0,low_risk,no_action,0,No action,2026-05-05T10:18:54.819Z,1777976334817,v1
0,low_risk,no_action,0,No action,2026-05-05T10:18:54.819Z,1777976334817,v1
0,low_risk,no_action,0,No action,2026-05-05T10:18:54.819Z,1777976334817,v1
0,low_risk,no_action,0,No action,2026-05-05T10:18:54.819Z,1777976334817,v1
1,high_risk,premium_retention_offer,70,Send premium retention offer,2026-05-05T10:18:54.819Z,1777976334817,v1
1,high_risk,premium_retention_offer,70,Send premium retention offer,2026-05-05T10:18:54.819Z,1777976334817,v1
0,low_risk,no_action,0,No action,2026-05-05T10:18:54.819Z,1777976334817,v1
0,low_risk,no_action,0,No action,2026-05-05T10:18:54.819Z,1777976334817,v1
0,low_risk,no_action,0,No action,2026-05-05T10:18:54.819Z,1777976334817,v1
0,low_risk,no_action,0,No action,2026-05-05T10:18:54.819Z,1777976334817,v1
0.01,low_risk,no_action,0,No action,2026-05-05T10:18:54.819Z,1777976334817,v1
0,low_risk,no_action,0,No action,2026-05-05T10:18:54.819Z,1777976334817,v1
0,low_risk,no_action,0,No action,2026-05-05T10:18:54.819Z,1777976334817,v1
0,low_risk,no_action,0,No action,2026-05-05T10:18:54.819Z,1777976334817,v1
0,low_risk,no_action,0,No action,2026-05-05T10:18:54.819Z,1777976334817,v1
0,low_risk,no_action,0,No action,2026-05-05T10:18:54.819Z,1777976334817,v1
0,low_risk,no_action,0,No action,2026-05-05T10:18:54.819Z,1777976334817,v1
1,high_risk,premium_retention_offer,70,Send premium retention offer,2026-05-05T10:18:54.819Z,1777976334817,v1
0,low_risk,no_action,0,No action,2026-05-05T10:18:54.819Z,1777976334817,v1
0,low_risk,no_action,0,No action,2026-05-05T10:18:54.819Z,1777976334817,v1
0,low_risk,no_action,0,No action,2026-05-05T10:18:54.819Z,1777976334817,v1
0,low_risk,no_action,0,No action,2026-05-05T10:18:54.819Z,1777976334817,v1
0,low_risk,no_action,0,No action,2026-05-05T10:18:54.819Z,1777976334817,v1
0,low_risk,no_action,0,No action,2026-05-05T10:18:54.819Z,1777976334817,v1
1,high_risk,premium_retention_offer,70,Send premium retention offer,2026-05-05T10:18:54.819Z,1777976334817,v1
0,low_risk,no_action,0,No action,2026-05-05T10:18:54.819Z,1777976334817,v1
0,low_risk,no_action,0,No action,2026-05-05T10:18:54.819Z,1777976334817,v1
0,low_risk,no_action,0,No action,2026-05-05T10:18:54.819Z,1777976334817,v1
0.99,high_risk,premium_retention_offer,68.8,Send premium retention offer,2026-05-05T10:18:54.819Z,1777976334817,v1
0,low_risk,no_action,0,No action,2026-05-05T10:18:54.819Z,1777976334817,v1
0.99,high_risk,premium_retention_offer,68.8,Send premium retention offer,2026-05-05T10:18:54.819Z,1777976334817,v1
0,low_risk,no_action,0,No action,2026-05-05T10:18:54.819Z,1777976334817,v1
0,low_risk,no_action,0,No action,2026-05-05T10:18:54.819Z,1777976334817,v1
0,low_risk,no_action,0,No action,2026-05-05T10:18:54.819Z,1777976334817,v1
0,low_risk,no_action,0,No action,2026-05-05T10:18:54.819Z,1777976334817,v1
0,low_risk,no_action,0,No action,2026-05-05T10:18:54.819Z,1777976334817,v1
0.03,low_risk,no_action,0,No action,2026-05-05T10:18:54.819Z,1777976334817,v1
0,low_risk,no_action,0,No action,2026-05-05T10:18:54.819Z,1777976334817,v1
0,low_risk,no_action,0,No action,2026-05-05T10:18:54.819Z,1777976334817,v1
0,low_risk,no_action,0,No action,2026-05-05T10:18:54.819Z,1777976334817,v1
0,low_risk,no_action,0,No action,2026-05-05T10:18:54.819Z,1777976334817,v1
0,low_risk,no_action,0,No action,2026-05-05T10:18:54.819Z,1777976334817,v1
0,low_risk,no_action,0,No action,2026-05-05T10:18:54.819Z,1777976334817,v1
0,low_risk,no_action,0,No action,2026-05-05T10:18:54.819Z,1777976334817,v1
1,high_risk,premium_retention_offer,70,Send premium retention offer,2026-05-05T10:18:54.819Z,1777976334817,v1
0,low_risk,no_action,0,No action,2026-05-05T10:18:54.819Z,1777976334817,v1
1,high_risk,premium_retention_offer,70,Send premium retention offer,2026-05-05T10:18:54.819Z,1777976334817,v1
0,low_risk,no_action,0,No action,2026-05-05T10:18:54.819Z,1777976334817,v1
0,low_risk,no_action,0,No action,2026-05-05T10:18:54.819Z,1777976334817,v1
1,high_risk,premium_retention_offer,70,Send premium retention offer,2026-05-05T10:18:54.819Z,1777976334817,v1
0,low_risk,no_action,0,No action,2026-05-05T10:18:54.819Z,1777976334817,v1
0.99,high_risk,premium_retention_offer,68.8,Send premium retention offer,2026-05-05T10:18:54.819Z,1777976334817,v1
0,low_risk,no_action,0,No action,2026-05-05T10:18:54.819Z,1777976334817,v1
0,low_risk,no_action,0,No action,2026-05-05T10:18:54.819Z,1777976334817,v1
0,low_risk,no_action,0,No action,2026-05-05T10:18:54.819Z,1777976334817,v1
0,low_risk,no_action,0,No action,2026-05-05T10:18:54.819Z,1777976334817,v1
1,high_risk,premium_retention_offer,70,Send premium retention offer,2026-05-05T10:18:54.819Z,1777976334817,v1
0,low_risk,no_action,0,No action,2026-05-05T10:18:54.819Z,1777976334817,v1
0,low_risk,no_action,0,No action,2026-05-05T10:18:54.819Z,1777976334817,v1
1,high_risk,premium_retention_offer,70,Send premium retention offer,2026-05-05T10:18:54.819Z,1777976334817,v1
0,low_risk,no_action,0,No action,2026-05-05T10:18:54.819Z,1777976334817,v1
1,high_risk,premium_retention_offer,70,Send premium retention offer,2026-05-05T10:18:54.819Z,1777976334817,v1
0,low_risk,no_action,0,No action,2026-05-05T10:18:54.819Z,1777976334817,v1
0,low_risk,no_action,0,No action,2026-05-05T10:18:54.819Z,1777976334817,v1
0,low_risk,no_action,0,No action,2026-05-05T10:18:54.819Z,1777976334817,v1
0,low_risk,no_action,0,No action,2026-05-05T10:18:54.819Z,1777976334817,v1
0,low_risk,no_action,0,No action,2026-05-05T10:18:54.819Z,1777976334817,v1
0,low_risk,no_action,0,No action,2026-05-05T10:18:54.819Z,1777976334817,v1
0,low_risk,no_action,0,No action,2026-05-05T10:18:54.819Z,1777976334817,v1
0,low_risk,no_action,0,No action,2026-05-05T10:18:54.819Z,1777976334817,v1
0,low_risk,no_action,0,No action,2026-05-05T10:18:54.819Z,1777976334817,v1
0,low_risk,no_action,0,No action,2026-05-05T10:18:54.819Z,1777976334817,v1
0,low_risk,no_action,0,No action,2026-05-05T10:18:54.819Z,1777976334817,v1
0,low_risk,no_action,0,No action,2026-05-05T10:18:54.819Z,1777976334817,v1
0,low_risk,no_action,0,No action,2026-05-05T10:18:54.819Z,1777976334817,v1
0,low_risk,no_action,0,No action,2026-05-05T10:18:54.819Z,1777976334817,v1
0,low_risk,no_action,0,No action,2026-05-05T10:18:54.819Z,1777976334817,v1
0,low_risk,no_action,0,No action,2026-05-05T10:18:54.819Z,1777976334817,v1
0,low_risk,no_action,0,No action,2026-05-05T10:18:54.819Z,1777976334817,v1
0,low_risk,no_action,0,No action,2026-05-05T10:18:54.819Z,1777976334817,v1
0,low_risk,no_action,0,No action,2026-05-05T10:18:54.819Z,1777976334817,v1
0,low_risk,no_action,0,No action,2026-05-05T10:18:54.819Z,1777976334817,v1
0,low_risk,no_action,0,No action,2026-05-05T10:18:54.819Z,1777976334817,v1
1,high_risk,premium_retention_offer,70,Send premium retention offer,2026-05-05T10:18:54.819Z,1777976334817,v1
0,low_risk,no_action,0,No action,2026-05-05T10:18:54.819Z,1777976334817,v1
0,low_risk,no_action,0,No action,2026-05-05T10:18:54.819Z,1777976334817,v1
0,low_risk,no_action,0,No action,2026-05-05T10:18:54.819Z,1777976334817,v1
1,high_risk,premium_retention_offer,70,Send premium retention offer,2026-05-05T10:18:54.820Z,1777976334817,v1
1,high_risk,premium_retention_offer,70,Send premium retention offer,2026-05-05T10:18:54.820Z,1777976334817,v1
0,low_risk,no_action,0,No action,2026-05-05T10:18:54.820Z,1777976334817,v1
1,high_risk,premium_retention_offer,70,Send premium retention offer,2026-05-05T10:18:54.820Z,1777976334817,v1
0,low_risk,no_action,0,No action,2026-05-05T10:18:54.820Z,1777976334817,v1
0,low_risk,no_action,0,No action,2026-05-05T10:18:54.820Z,1777976334817,v1
0,low_risk,no_action,0,No action,2026-05-05T10:18:54.820Z,1777976334817,v1
0,low_risk,no_action,0,No action,2026-05-05T10:18:54.820Z,1777976334817,v1
0.01,low_risk,no_action,0,No action,2026-05-05T10:18:54.820Z,1777976334817,v1
0,low_risk,no_action,0,No action,2026-05-05T10:18:54.820Z,1777976334817,v1
0,low_risk,no_action,0,No action,2026-05-05T10:18:54.820Z,1777976334817,v1
1,high_risk,premium_retention_offer,70,Send premium retention offer,2026-05-05T10:18:54.820Z,1777976334817,v1
0,low_risk,no_action,0,No action,2026-05-05T10:18:54.820Z,1777976334817,v1
0,low_risk,no_action,0,No action,2026-05-05T10:18:54.820Z,1777976334817,v1
0,low_risk,no_action,0,No action,2026-05-05T10:18:54.820Z,1777976334817,v1
0,low_risk,no_action,0,No action,2026-05-05T10:18:54.820Z,1777976334817,v1
0.99,high_risk,premium_retention_offer,68.8,Send premium retention offer,2026-05-05T10:18:54.820Z,1777976334817,v1
0,low_risk,no_action,0,No action,2026-05-05T10:18:54.820Z,1777976334817,v1
0,low_risk,no_action,0,No action,2026-05-05T10:18:54.820Z,1777976334817,v1
0.98,high_risk,premium_retention_offer,67.6,Send premium retention offer,2026-05-05T10:18:54.820Z,1777976334817,v1
1,high_risk,premium_retention_offer,70,Send premium retention offer,2026-05-05T10:18:54.820Z,1777976334817,v1
0.01,low_risk,no_action,0,No action,2026-05-05T10:18:54.820Z,1777976334817,v1
1,high_risk,premium_retention_offer,70,Send premium retention offer,2026-05-05T10:18:54.820Z,1777976334817,v1
0.98,high_risk,premium_retention_offer,67.6,Send premium retention offer,2026-05-05T10:18:54.820Z,1777976334817,v1
1,high_risk,premium_retention_offer,70,Send premium retention offer,2026-05-05T10:18:54.820Z,1777976334817,v1
0.01,low_risk,no_action,0,No action,2026-05-05T10:18:54.820Z,1777976334817,v1
0,low_risk,no_action,0,No action,2026-05-05T10:18:54.820Z,1777976334817,v1
0,low_risk,no_action,0,No action,2026-05-05T10:18:54.820Z,1777976334817,v1
0,low_risk,no_action,0,No action,2026-05-05T10:18:54.820Z,1777976334817,v1
0.01,low_risk,no_action,0,No action,2026-05-05T10:18:54.820Z,1777976334817,v1
0,low_risk,no_action,0,No action,2026-05-05T10:18:54.820Z,1777976334817,v1
0,low_risk,no_action,0,No action,2026-05-05T10:18:54.820Z,1777976334817,v1
0,low_risk,no_action,0,No action,2026-05-05T10:18:54.820Z,1777976334817,v1
0,low_risk,no_action,0,No action,2026-05-05T10:18:54.820Z,1777976334817,v1
0,low_risk,no_action,0,No action,2026-05-05T10:18:54.820Z,1777976334817,v1
0,low_risk,no_action,0,No action,2026-05-05T10:18:54.820Z,1777976334817,v1
1,high_risk,premium_retention_offer,70,Send premium retention offer,2026-05-05T10:18:54.820Z,1777976334817,v1
0,low_risk,no_action,0,No action,2026-05-05T10:18:54.820Z,1777976334817,v1
0,low_risk,no_action,0,No action,2026-05-05T10:18:54.820Z,1777976334817,v1
0.99,high_risk,premium_retention_offer,68.8,Send premium retention offer,2026-05-05T10:18:54.820Z,1777976334817,v1
1,high_risk,premium_retention_offer,70,Send premium retention offer,2026-05-05T10:18:54.820Z,1777976334817,v1
0,low_risk,no_action,0,No action,2026-05-05T10:18:54.820Z,1777976334817,v1
0,low_risk,no_action,0,No action,2026-05-05T10:18:54.820Z,1777976334817,v1
0,low_risk,no_action,0,No action,2026-05-05T10:18:54.820Z,1777976334817,v1
0,low_risk,no_action,0,No action,2026-05-05T10:18:54.820Z,1777976334817,v1
0,low_risk,no_action,0,No action,2026-05-05T10:18:54.820Z,1777976334817,v1
1,high_risk,premium_retention_offer,70,Send premium retention offer,2026-05-05T10:18:54.820Z,1777976334817,v1
0,low_risk,no_action,0,No action,2026-05-05T10:18:54.820Z,1777976334817,v1
0,low_risk,no_action,0,No action,2026-05-05T10:18:54.820Z,1777976334817,v1
0.98,high_risk,premium_retention_offer,67.6,Send premium retention offer,2026-05-05T10:18:54.820Z,1777976334817,v1
1,high_risk,premium_retention_offer,70,Send premium retention offer,2026-05-05T10:18:54.820Z,1777976334817,v1
0,low_risk,no_action,0,No action,2026-05-05T10:18:54.820Z,1777976334817,v1
0.01,low_risk,no_action,0,No action,2026-05-05T10:18:54.820Z,1777976334817,v1
0,low_risk,no_action,0,No action,2026-05-05T10:18:54.820Z,1777976334817,v1
0.02,low_risk,no_action,0,No action,2026-05-05T10:18:54.820Z,1777976334817,v1
0,low_risk,no_action,0,No action,2026-05-05T10:18:54.820Z,1777976334817,v1
0,low_risk,no_action,0,No action,2026-05-05T10:18:54.820Z,1777976334817,v1
0,low_risk,no_action,0,No action,2026-05-05T10:18:54.820Z,1777976334817,v1
0,low_risk,no_action,0,No action,2026-05-05T10:18:54.820Z,1777976334817,v1
0,low_risk,no_action,0,No action,2026-05-05T10:18:54.820Z,1777976334817,v1
0,low_risk,no_action,0,No action,2026-05-05T10:18:54.820Z,1777976334817,v1
0.99,high_risk,premium_retention_offer,68.8,Send premium retention offer,2026-05-05T10:18:54.820Z,1777976334817,v1
0,low_risk,no_action,0,No action,2026-05-05T10:18:54.820Z,1777976334817,v1
0,low_risk,no_action,0,No action,2026-05-05T10:18:54.820Z,1777976334817,v1
1,high_risk,premium_retention_offer,70,Send premium retention offer,2026-05-05T10:18:54.820Z,1777976334817,v1
0.98,high_risk,premium_retention_offer,67.6,Send premium retention offer,2026-05-05T10:18:54.820Z,1777976334817,v1
0,low_risk,no_action,0,No action,2026-05-05T10:18:54.820Z,1777976334817,v1
0.99,high_risk,premium_retention_offer,68.8,Send premium retention offer,2026-05-05T10:18:54.820Z,1777976334817,v1
1,high_risk,premium_retention_offer,70,Send premium retention offer,2026-05-05T10:18:54.820Z,1777976334817,v1
0,low_risk,no_action,0,No action,2026-05-05T10:18:54.820Z,1777976334817,v1
0,low_risk,no_action,0,No action,2026-05-05T10:18:54.820Z,1777976334817,v1
1,high_risk,premium_retention_offer,70,Send premium retention offer,2026-05-05T10:18:54.820Z,1777976334817,v1
0,low_risk,no_action,0,No action,2026-05-05T10:18:54.820Z,1777976334817,v1
0,low_risk,no_action,0,No action,2026-05-05T10:18:54.820Z,1777976334817,v1
0,low_risk,no_action,0,No action,2026-05-05T10:18:54.820Z,1777976334817,v1
0.01,low_risk,no_action,0,No action,2026-05-05T10:18:54.820Z,1777976334817,v1
1,high_risk,premium_retention_offer,70,Send premium retention offer,2026-05-05T10:18:54.820Z,1777976334817,v1
0.92,high_risk,premium_retention_offer,60.4,Send premium retention offer,2026-05-05T10:18:54.820Z,1777976334817,v1
1,high_risk,premium_retention_offer,70,Send premium retention offer,2026-05-05T10:18:54.820Z,1777976334817,v1
0,low_risk,no_action,0,No action,2026-05-05T10:18:54.820Z,1777976334817,v1
0,low_risk,no_action,0,No action,2026-05-05T10:18:54.820Z,1777976334817,v1
0,low_risk,no_action,0,No action,2026-05-05T10:18:54.820Z,1777976334817,v1
0,low_risk,no_action,0,No action,2026-05-05T10:18:54.820Z,1777976334817,v1
0.95,high_risk,premium_retention_offer,64,Send premium retention offer,2026-05-05T10:18:54.820Z,1777976334817,v1
0,low_risk,no_action,0,No action,2026-05-05T10:18:54.820Z,1777976334817,v1
0,low_risk,no_action,0,No action,2026-05-05T10:18:54.820Z,1777976334817,v1
0,low_risk,no_action,0,No action,2026-05-05T10:18:54.820Z,1777976334817,v1
0,low_risk,no_action,0,No action,2026-05-05T10:18:54.820Z,1777976334817,v1
0,low_risk,no_action,0,No action,2026-05-05T10:18:54.820Z,1777976334817,v1
0,low_risk,no_action,0,No action,2026-05-05T10:18:54.820Z,1777976334817,v1
0,low_risk,no_action,0,No action,2026-05-05T10:18:54.820Z,1777976334817,v1
0,low_risk,no_action,0,No action,2026-05-05T10:18:54.820Z,1777976334817,v1
0,low_risk,no_action,0,No action,2026-05-05T10:18:54.820Z,1777976334817,v1
0.07,low_risk,no_action,0,No action,2026-05-05T10:18:54.820Z,1777976334817,v1
1,high_risk,premium_retention_offer,70,Send premium retention offer,2026-05-05T10:18:54.820Z,1777976334817,v1
0,low_risk,no_action,0,No action,2026-05-05T10:18:54.820Z,1777976334817,v1
0,low_risk,no_action,0,No action,2026-05-05T10:18:54.820Z,1777976334817,v1
0,low_risk,no_action,0,No action,2026-05-05T10:18:54.820Z,1777976334817,v1
0.99,high_risk,premium_retention_offer,68.8,Send premium retention offer,2026-05-05T10:18:54.820Z,1777976334817,v1
0,low_risk,no_action,0,No action,2026-05-05T10:18:54.820Z,1777976334817,v1
0,low_risk,no_action,0,No action,2026-05-05T10:18:54.820Z,1777976334817,v1
0.05,low_risk,no_action,0,No action,2026-05-05T10:18:54.820Z,1777976334817,v1
0,low_risk,no_action,0,No action,2026-05-05T10:18:54.820Z,1777976334817,v1
0,low_risk,no_action,0,No action,2026-05-05T10:18:54.820Z,1777976334817,v1
0,low_risk,no_action,0,No action,2026-05-05T10:18:54.820Z,1777976334817,v1
0,low_risk,no_action,0,No action,2026-05-05T10:18:54.820Z,1777976334817,v1
0,low_risk,no_action,0,No action,2026-05-05T10:18:54.820Z,1777976334817,v1
0.99,high_risk,premium_retention_offer,68.8,Send premium retention offer,2026-05-05T10:18:54.820Z,1777976334817,v1
0,low_risk,no_action,0,No action,2026-05-05T10:18:54.820Z,1777976334817,v1
0.02,low_risk,no_action,0,No action,2026-05-05T10:18:54.820Z,1777976334817,v1
0,low_risk,no_action,0,No action,2026-05-05T10:18:54.820Z,1777976334817,v1
0,low_risk,no_action,0,No action,2026-05-05T10:18:54.820Z,1777976334817,v1
1,high_risk,premium_retention_offer,70,Send premium retention offer,2026-05-05T10:18:54.820Z,1777976334817,v1
0,low_risk,no_action,0,No action,2026-05-05T10:18:54.820Z,1777976334817,v1
1,high_risk,premium_retention_offer,70,Send premium retention offer,2026-05-05T10:18:54.820Z,1777976334817,v1
0.99,high_risk,premium_retention_offer,68.8,Send premium retention offer,2026-05-05T10:18:54.820Z,1777976334817,v1
0,low_risk,no_action,0,No action,2026-05-05T10:18:54.820Z,1777976334817,v1
0,low_risk,no_action,0,No action,2026-05-05T10:18:54.820Z,1777976334817,v1
0,low_risk,no_action,0,No action,2026-05-05T10:18:54.820Z,1777976334817,v1
0,low_risk,no_action,0,No action,2026-05-05T10:18:54.820Z,1777976334817,v1
0,low_risk,no_action,0,No action,2026-05-05T10:18:54.820Z,1777976334817,v1
0,low_risk,no_action,0,No action,2026-05-05T10:18:54.820Z,1777976334817,v1
0,low_risk,no_action,0,No action,2026-05-05T10:18:54.820Z,1777976334817,v1
0,low_risk,no_action,0,No action,2026-05-05T10:18:54.820Z,1777976334817,v1
0,low_risk,no_action,0,No action,2026-05-05T10:18:54.820Z,1777976334817,v1
1,high_risk,premium_retention_offer,70,Send premium retention offer,2026-05-05T10:18:54.820Z,1777976334817,v1
0,low_risk,no_action,0,No action,2026-05-05T10:18:54.820Z,1777976334817,v1
0,low_risk,no_action,0,No action,2026-05-05T10:18:54.820Z,1777976334817,v1
1,high_risk,premium_retention_offer,70,Send premium retention offer,2026-05-05T10:18:54.820Z,1777976334817,v1
0,low_risk,no_action,0,No action,2026-05-05T10:18:54.820Z,1777976334817,v1
0,low_risk,no_action,0,No action,2026-05-05T10:18:54.820Z,1777976334817,v1
0.01,low_risk,no_action,0,No action,2026-05-05T10:18:54.820Z,1777976334817,v1
0.99,high_risk,premium_retention_offer,68.8,Send premium retention offer,2026-05-05T10:18:54.820Z,1777976334817,v1
0,low_risk,no_action,0,No action,2026-05-05T10:18:54.820Z,1777976334817,v1
0,low_risk,no_action,0,No action,2026-05-05T10:18:54.820Z,1777976334817,v1
0,low_risk,no_action,0,No action,2026-05-05T10:18:54.820Z,1777976334817,v1
1,high_risk,premium_retention_offer,70,Send premium retention offer,2026-05-05T10:18:54.820Z,1777976334817,v1
0,low_risk,no_action,0,No action,2026-05-05T10:18:54.820Z,1777976334817,v1
0,low_risk,no_action,0,No action,2026-05-05T10:18:54.820Z,1777976334817,v1
0,low_risk,no_action,0,No action,2026-05-05T10:18:54.820Z,1777976334817,v1
0,low_risk,no_action,0,No action,2026-05-05T10:18:54.820Z,1777976334817,v1
1,high_risk,premium_retention_offer,70,Send premium retention offer,2026-05-05T10:18:54.820Z,1777976334817,v1
0,low_risk,no_action,0,No action,2026-05-05T10:18:54.820Z,1777976334817,v1
1,high_risk,premium_retention_offer,70,Send premium retention offer,2026-05-05T10:18:54.820Z,1777976334817,v1
0,low_risk,no_action,0,No action,2026-05-05T10:18:54.820Z,1777976334817,v1
0,low_risk,no_action,0,No action,2026-05-05T10:18:54.820Z,1777976334817,v1
0.98,high_risk,premium_retention_offer,67.6,Send premium retention offer,2026-05-05T10:18:54.820Z,1777976334817,v1
1,high_risk,premium_retention_offer,70,Send premium retention offer,2026-05-05T10:18:54.820Z,1777976334817,v1
0.01,low_risk,no_action,0,No action,2026-05-05T10:18:54.820Z,1777976334817,v1
0,low_risk,no_action,0,No action,2026-05-05T10:18:54.820Z,1777976334817,v1
0.01,low_risk,no_action,0,No action,2026-05-05T10:18:54.820Z,1777976334817,v1
0,low_risk,no_action,0,No action,2026-05-05T10:18:54.820Z,1777976334817,v1
0,low_risk,no_action,0,No action,2026-05-05T10:18:54.820Z,1777976334817,v1
0,low_risk,no_action,0,No action,2026-05-05T10:18:54.820Z,1777976334817,v1
0,low_risk,no_action,0,No action,2026-05-05T10:18:54.820Z,1777976334817,v1
1,high_risk,premium_retention_offer,70,Send premium retention offer,2026-05-05T10:18:54.820Z,1777976334817,v1
0,low_risk,no_action,0,No action,2026-05-05T10:18:54.820Z,1777976334817,v1
0,low_risk,no_action,0,No action,2026-05-05T10:18:54.820Z,1777976334817,v1
0,low_risk,no_action,0,No action,2026-05-05T10:18:54.820Z,1777976334817,v1
0,low_risk,no_action,0,No action,2026-05-05T10:18:54.820Z,1777976334817,v1
0,low_risk,no_action,0,No action,2026-05-05T10:18:54.820Z,1777976334817,v1
0,low_risk,no_action,0,No action,2026-05-05T10:18:54.820Z,1777976334817,v1
0,low_risk,no_action,0,No action,2026-05-05T10:18:54.820Z,1777976334817,v1
0,low_risk,no_action,0,No action,2026-05-05T10:18:54.820Z,1777976334817,v1
0.99,high_risk,premium_retention_offer,68.8,Send premium retention offer,2026-05-05T10:18:54.820Z,1777976334817,v1
0,low_risk,no_action,0,No action,2026-05-05T10:18:54.820Z,1777976334817,v1
0.97,high_risk,premium_retention_offer,66.4,Send premium retention offer,2026-05-05T10:18:54.820Z,1777976334817,v1
0,low_risk,no_action,0,No action,2026-05-05T10:18:54.820Z,1777976334817,v1
1,high_risk,premium_retention_offer,70,Send premium retention offer,2026-05-05T10:18:54.820Z,1777976334817,v1
1,high_risk,premium_retention_offer,70,Send premium retention offer,2026-05-05T10:18:54.820Z,1777976334817,v1
0,low_risk,no_action,0,No action,2026-05-05T10:18:54.820Z,1777976334817,v1
0,low_risk,no_action,0,No action,2026-05-05T10:18:54.820Z,1777976334817,v1
0.96,high_risk,premium_retention_offer,65.2,Send premium retention offer,2026-05-05T10:18:54.820Z,1777976334817,v1
0.97,high_risk,premium_retention_offer,66.4,Send premium retention offer,2026-05-05T10:18:54.820Z,1777976334817,v1
0,low_risk,no_action,0,No action,2026-05-05T10:18:54.820Z,1777976334817,v1
0,low_risk,no_action,0,No action,2026-05-05T10:18:54.820Z,1777976334817,v1
0,low_risk,no_action,0,No action,2026-05-05T10:18:54.820Z,1777976334817,v1
0,low_risk,no_action,0,No action,2026-05-05T10:18:54.820Z,1777976334817,v1
0,low_risk,no_action,0,No action,2026-05-05T10:18:54.820Z,1777976334817,v1
0,low_risk,no_action,0,No action,2026-05-05T10:18:54.820Z,1777976334817,v1
0,low_risk,no_action,0,No action,2026-05-05T10:18:54.820Z,1777976334817,v1
0,low_risk,no_action,0,No action,2026-05-05T10:18:54.820Z,1777976334817,v1
0,low_risk,no_action,0,No action,2026-05-05T10:18:54.820Z,1777976334817,v1
0,low_risk,no_action,0,No action,2026-05-05T10:18:54.820Z,1777976334817,v1
0,low_risk,no_action,0,No action,2026-05-05T10:18:54.820Z,1777976334817,v1
0,low_risk,no_action,0,No action,2026-05-05T10:18:54.820Z,1777976334817,v1
1,high_risk,premium_retention_offer,70,Send premium retention offer,2026-05-05T10:18:54.820Z,1777976334817,v1
0,low_risk,no_action,0,No action,2026-05-05T10:18:54.820Z,1777976334817,v1
0,low_risk,no_action,0,No action,2026-05-05T10:18:54.820Z,1777976334817,v1
0,low_risk,no_action,0,No action,2026-05-05T10:18:54.820Z,1777976334817,v1
0,low_risk,no_action,0,No action,2026-05-05T10:18:54.820Z,1777976334817,v1
0,low_risk,no_action,0,No action,2026-05-05T10:18:54.820Z,1777976334817,v1
0,low_risk,no_action,0,No action,2026-05-05T10:18:54.820Z,1777976334817,v1
0,low_risk,no_action,0,No action,2026-05-05T10:18:54.820Z,1777976334817,v1
0,low_risk,no_action,0,No action,2026-05-05T10:18:54.820Z,1777976334817,v1
0,low_risk,no_action,0,No action,2026-05-05T10:18:54.820Z,1777976334817,v1
0,low_risk,no_action,0,No action,2026-05-05T10:18:54.820Z,1777976334817,v1
0,low_risk,no_action,0,No action,2026-05-05T10:18:54.820Z,1777976334817,v1
0,low_risk,no_action,0,No action,2026-05-05T10:18:54.820Z,1777976334817,v1
1,high_risk,premium_retention_offer,70,Send premium retention offer,2026-05-05T10:18:54.820Z,1777976334817,v1
0,low_risk,no_action,0,No action,2026-05-05T10:18:54.820Z,1777976334817,v1
0,low_risk,no_action,0,No action,2026-05-05T10:18:54.820Z,1777976334817,v1
0,low_risk,no_action,0,No action,2026-05-05T10:18:54.820Z,1777976334817,v1
0,low_risk,no_action,0,No action,2026-05-05T10:18:54.820Z,1777976334817,v1
0,low_risk,no_action,0,No action,2026-05-05T10:18:54.820Z,1777976334817,v1
1,high_risk,premium_retention_offer,70,Send premium retention offer,2026-05-05T10:18:54.820Z,1777976334817,v1
0,low_risk,no_action,0,No action,2026-05-05T10:18:54.820Z,1777976334817,v1
0.04,low_risk,no_action,0,No action,2026-05-05T10:18:54.820Z,1777976334817,v1
1,high_risk,premium_retention_offer,70,Send premium retention offer,2026-05-05T10:18:54.820Z,1777976334817,v1
0,low_risk,no_action,0,No action,2026-05-05T10:18:54.820Z,1777976334817,v1
0.01,low_risk,no_action,0,No action,2026-05-05T10:18:54.820Z,1777976334817,v1
0,low_risk,no_action,0,No action,2026-05-05T10:18:54.820Z,1777976334817,v1
0,low_risk,no_action,0,No action,2026-05-05T10:18:54.820Z,1777976334817,v1
0,low_risk,no_action,0,No action,2026-05-05T10:18:54.820Z,1777976334817,v1
1,high_risk,premium_retention_offer,70,Send premium retention offer,2026-05-05T10:18:54.820Z,1777976334817,v1
0,low_risk,no_action,0,No action,2026-05-05T10:18:54.820Z,1777976334817,v1
0,low_risk,no_action,0,No action,2026-05-05T10:18:54.820Z,1777976334817,v1
0,low_risk,no_action,0,No action,2026-05-05T10:18:54.820Z,1777976334817,v1
0,low_risk,no_action,0,No action,2026-05-05T10:18:54.820Z,1777976334817,v1
1,high_risk,premium_retention_offer,70,Send premium retention offer,2026-05-05T10:18:54.820Z,1777976334817,v1
0,low_risk,no_action,0,No action,2026-05-05T10:18:54.820Z,1777976334817,v1
0,low_risk,no_action,0,No action,2026-05-05T10:18:54.820Z,1777976334817,v1
0,low_risk,no_action,0,No action,2026-05-05T10:18:54.820Z,1777976334817,v1
0,low_risk,no_action,0,No action,2026-05-05T10:18:54.820Z,1777976334817,v1
0,low_risk,no_action,0,No action,2026-05-05T10:18:54.820Z,1777976334817,v1
0,low_risk,no_action,0,No action,2026-05-05T10:18:54.820Z,1777976334817,v1
0,low_risk,no_action,0,No action,2026-05-05T10:18:54.820Z,1777976334817,v1
1,high_risk,premium_retention_offer,70,Send premium retention offer,2026-05-05T10:18:54.820Z,1777976334817,v1
0,low_risk,no_action,0,No action,2026-05-05T10:18:54.820Z,1777976334817,v1
0,low_risk,no_action,0,No action,2026-05-05T10:18:54.820Z,1777976334817,v1
1,high_risk,premium_retention_offer,70,Send premium retention offer,2026-05-05T10:18:54.820Z,1777976334817,v1
0,low_risk,no_action,0,No action,2026-05-05T10:18:54.820Z,1777976334817,v1
0,low_risk,no_action,0,No action,2026-05-05T10:18:54.820Z,1777976334817,v1
0,low_risk,no_action,0,No action,2026-05-05T10:18:54.820Z,1777976334817,v1
0,low_risk,no_action,0,No action,2026-05-05T10:18:54.820Z,1777976334817,v1
1,high_risk,premium_retention_offer,70,Send premium retention offer,2026-05-05T10:18:54.820Z,1777976334817,v1
0,low_risk,no_action,0,No action,2026-05-05T10:18:54.820Z,1777976334817,v1
0,low_risk,no_action,0,No action,2026-05-05T10:18:54.820Z,1777976334817,v1
0,low_risk,no_action,0,No action,2026-05-05T10:18:54.820Z,1777976334817,v1
0,low_risk,no_action,0,No action,2026-05-05T10:18:54.820Z,1777976334817,v1
0,low_risk,no_action,0,No action,2026-05-05T10:18:54.820Z,1777976334817,v1
0,low_risk,no_action,0,No action,2026-05-05T10:18:54.820Z,1777976334817,v1
0,low_risk,no_action,0,No action,2026-05-05T10:18:54.820Z,1777976334817,v1
1,high_risk,premium_retention_offer,70,Send premium retention offer,2026-05-05T10:18:54.820Z,1777976334817,v1
0,low_risk,no_action,0,No action,2026-05-05T10:18:54.820Z,1777976334817,v1
0,low_risk,no_action,0,No action,2026-05-05T10:18:54.820Z,1777976334817,v1
0,low_risk,no_action,0,No action,2026-05-05T10:18:54.820Z,1777976334817,v1
0,low_risk,no_action,0,No action,2026-05-05T10:18:54.820Z,1777976334817,v1
0,low_risk,no_action,0,No action,2026-05-05T10:18:54.820Z,1777976334817,v1
0,low_risk,no_action,0,No action,2026-05-05T10:18:54.820Z,1777976334817,v1
0,low_risk,no_action,0,No action,2026-05-05T10:18:54.820Z,1777976334817,v1
0,low_risk,no_action,0,No action,2026-05-05T10:18:54.820Z,1777976334817,v1
0,low_risk,no_action,0,No action,2026-05-05T10:18:54.820Z,1777976334817,v1
0,low_risk,no_action,0,No action,2026-05-05T10:18:54.820Z,1777976334817,v1
0,low_risk,no_action,0,No action,2026-05-05T10:18:54.820Z,1777976334817,v1
0,low_risk,no_action,0,No action,2026-05-05T10:18:54.820Z,1777976334817,v1
0,low_risk,no_action,0,No action,2026-05-05T10:18:54.820Z,1777976334817,v1
0.97,high_risk,premium_retention_offer,66.4,Send premium retention offer,2026-05-05T10:18:54.820Z,1777976334817,v1
0,low_risk,no_action,0,No action,2026-05-05T10:18:54.820Z,1777976334817,v1
0.98,high_risk,premium_retention_offer,67.6,Send premium retention offer,2026-05-05T10:18:54.820Z,1777976334817,v1
1,high_risk,premium_retention_offer,70,Send premium retention offer,2026-05-05T10:18:54.820Z,1777976334817,v1
0,low_risk,no_action,0,No action,2026-05-05T10:18:54.820Z,1777976334817,v1
0,low_risk,no_action,0,No action,2026-05-05T10:18:54.820Z,1777976334817,v1
0,low_risk,no_action,0,No action,2026-05-05T10:18:54.820Z,1777976334817,v1
0,low_risk,no_action,0,No action,2026-05-05T10:18:54.820Z,1777976334817,v1
0.01,low_risk,no_action,0,No action,2026-05-05T10:18:54.820Z,1777976334817,v1
0.99,high_risk,premium_retention_offer,68.8,Send premium retention offer,2026-05-05T10:18:54.820Z,1777976334817,v1
0,low_risk,no_action,0,No action,2026-05-05T10:18:54.820Z,1777976334817,v1
0.99,high_risk,premium_retention_offer,68.8,Send premium retention offer,2026-05-05T10:18:54.820Z,1777976334817,v1
0,low_risk,no_action,0,No action,2026-05-05T10:18:54.820Z,1777976334817,v1
0,low_risk,no_action,0,No action,2026-05-05T10:18:54.820Z,1777976334817,v1
1,high_risk,premium_retention_offer,70,Send premium retention offer,2026-05-05T10:18:54.820Z,1777976334817,v1
0.99,high_risk,premium_retention_offer,68.8,Send premium retention offer,2026-05-05T10:18:54.820Z,1777976334817,v1
0,low_risk,no_action,0,No action,2026-05-05T10:18:54.820Z,1777976334817,v1
0,low_risk,no_action,0,No action,2026-05-05T10:18:54.820Z,1777976334817,v1
0,low_risk,no_action,0,No action,2026-05-05T10:18:54.820Z,1777976334817,v1
0,low_risk,no_action,0,No action,2026-05-05T10:18:54.820Z,1777976334817,v1
0.99,high_risk,premium_retention_offer,68.8,Send premium retention offer,2026-05-05T10:18:54.820Z,1777976334817,v1
0,low_risk,no_action,0,No action,2026-05-05T10:18:54.820Z,1777976334817,v1
0,low_risk,no_action,0,No action,2026-05-05T10:18:54.820Z,1777976334817,v1
0,low_risk,no_action,0,No action,2026-05-05T10:18:54.820Z,1777976334817,v1
0,low_risk,no_action,0,No action,2026-05-05T10:18:54.820Z,1777976334817,v1
1,high_risk,premium_retention_offer,70,Send premium retention offer,2026-05-05T10:18:54.820Z,1777976334817,v1
0.99,high_risk,premium_retention_offer,68.8,Send premium retention offer,2026-05-05T10:18:54.820Z,1777976334817,v1
0,low_risk,no_action,0,No action,2026-05-05T10:18:54.820Z,1777976334817,v1
0,low_risk,no_action,0,No action,2026-05-05T10:18:54.820Z,1777976334817,v1
0,low_risk,no_action,0,No action,2026-05-05T10:18:54.820Z,1777976334817,v1
0,low_risk,no_action,0,No action,2026-05-05T10:18:54.820Z,1777976334817,v1
0,low_risk,no_action,0,No action,2026-05-05T10:18:54.820Z,1777976334817,v1
1,high_risk,premium_retention_offer,70,Send premium retention offer,2026-05-05T10:18:54.820Z,1777976334817,v1
0,low_risk,no_action,0,No action,2026-05-05T10:18:54.820Z,1777976334817,v1
0,low_risk,no_action,0,No action,2026-05-05T10:18:54.820Z,1777976334817,v1
0.01,low_risk,no_action,0,No action,2026-05-05T10:18:54.820Z,1777976334817,v1
0,low_risk,no_action,0,No action,2026-05-05T10:18:54.820Z,1777976334817,v1
0.96,high_risk,premium_retention_offer,65.2,Send premium retention offer,2026-05-05T10:18:54.820Z,1777976334817,v1
0.99,high_risk,premium_retention_offer,68.8,Send premium retention offer,2026-05-05T10:18:54.820Z,1777976334817,v1
0,low_risk,no_action,0,No action,2026-05-05T10:18:54.820Z,1777976334817,v1
0,low_risk,no_action,0,No action,2026-05-05T10:18:54.820Z,1777976334817,v1
0.99,high_risk,premium_retention_offer,68.8,Send premium retention offer,2026-05-05T10:18:54.820Z,1777976334817,v1
0,low_risk,no_action,0,No action,2026-05-05T10:18:54.820Z,1777976334817,v1
0,low_risk,no_action,0,No action,2026-05-05T10:18:54.820Z,1777976334817,v1
0,low_risk,no_action,0,No action,2026-05-05T10:18:54.820Z,1777976334817,v1
0,low_risk,no_action,0,No action,2026-05-05T10:18:54.820Z,1777976334817,v1
0,low_risk,no_action,0,No action,2026-05-05T10:18:54.820Z,1777976334817,v1
0,low_risk,no_action,0,No action,2026-05-05T10:18:54.820Z,1777976334817,v1
1,high_risk,premium_retention_offer,70,Send premium retention offer,2026-05-05T10:18:54.820Z,1777976334817,v1
1,high_risk,premium_retention_offer,70,Send premium retention offer,2026-05-05T10:18:54.820Z,1777976334817,v1
0,low_risk,no_action,0,No action,2026-05-05T10:18:54.820Z,1777976334817,v1
1,high_risk,premium_retention_offer,70,Send premium retention offer,2026-05-05T10:18:54.820Z,1777976334817,v1
0,low_risk,no_action,0,No action,2026-05-05T10:18:54.820Z,1777976334817,v1
0,low_risk,no_action,0,No action,2026-05-05T10:18:54.820Z,1777976334817,v1
0,low_risk,no_action,0,No action,2026-05-05T10:18:54.820Z,1777976334817,v1
0,low_risk,no_action,0,No action,2026-05-05T10:18:54.820Z,1777976334817,v1
0,low_risk,no_action,0,No action,2026-05-05T10:18:54.820Z,1777976334817,v1
0,low_risk,no_action,0,No action,2026-05-05T10:18:54.820Z,1777976334817,v1
0,low_risk,no_action,0,No action,2026-05-05T10:18:54.820Z,1777976334817,v1
0,low_risk,no_action,0,No action,2026-05-05T10:18:54.820Z,1777976334817,v1
0,low_risk,no_action,0,No action,2026-05-05T10:18:54.820Z,1777976334817,v1
0,low_risk,no_action,0,No action,2026-05-05T10:18:54.820Z,1777976334817,v1
1,high_risk,premium_retention_offer,70,Send premium retention offer,2026-05-05T10:18:54.820Z,1777976334817,v1
0,low_risk,no_action,0,No action,2026-05-05T10:18:54.820Z,1777976334817,v1
1,high_risk,premium_retention_offer,70,Send premium retention offer,2026-05-05T10:18:54.820Z,1777976334817,v1
0,low_risk,no_action,0,No action,2026-05-05T10:18:54.820Z,1777976334817,v1
1,high_risk,premium_retention_offer,70,Send premium retention offer,2026-05-05T10:18:54.820Z,1777976334817,v1
0,low_risk,no_action,0,No action,2026-05-05T10:18:54.820Z,1777976334817,v1
0,low_risk,no_action,0,No action,2026-05-05T10:18:54.820Z,1777976334817,v1
0,low_risk,no_action,0,No action,2026-05-05T10:18:54.820Z,1777976334817,v1
1,high_risk,premium_retention_offer,70,Send premium retention offer,2026-05-05T10:18:54.820Z,1777976334817,v1
0,low_risk,no_action,0,No action,2026-05-05T10:18:54.820Z,1777976334817,v1
0,low_risk,no_action,0,No action,2026-05-05T10:18:54.820Z,1777976334817,v1
1,high_risk,premium_retention_offer,70,Send premium retention offer,2026-05-05T10:18:54.820Z,1777976334817,v1
0,low_risk,no_action,0,No action,2026-05-05T10:18:54.820Z,1777976334817,v1
0,low_risk,no_action,0,No action,2026-05-05T10:18:54.820Z,1777976334817,v1
0,low_risk,no_action,0,No action,2026-05-05T10:18:54.820Z,1777976334817,v1
0,low_risk,no_action,0,No action,2026-05-05T10:18:54.820Z,1777976334817,v1
1,high_risk,premium_retention_offer,70,Send premium retention offer,2026-05-05T10:18:54.820Z,1777976334817,v1
0,low_risk,no_action,0,No action,2026-05-05T10:18:54.820Z,1777976334817,v1
0,low_risk,no_action,0,No action,2026-05-05T10:18:54.820Z,1777976334817,v1
1,high_risk,premium_retention_offer,70,Send premium retention offer,2026-05-05T10:18:54.820Z,1777976334817,v1
0,low_risk,no_action,0,No action,2026-05-05T10:18:54.820Z,1777976334817,v1
0,low_risk,no_action,0,No action,2026-05-05T10:18:54.820Z,1777976334817,v1
0,low_risk,no_action,0,No action,2026-05-05T10:18:54.820Z,1777976334817,v1
0.99,high_risk,premium_retention_offer,68.8,Send premium retention offer,2026-05-05T10:18:54.820Z,1777976334817,v1
1,high_risk,premium_retention_offer,70,Send premium retention offer,2026-05-05T10:18:54.820Z,1777976334817,v1
0,low_risk,no_action,0,No action,2026-05-05T10:18:54.820Z,1777976334817,v1
0.97,high_risk,premium_retention_offer,66.4,Send premium retention offer,2026-05-05T10:18:54.820Z,1777976334817,v1
0,low_risk,no_action,0,No action,2026-05-05T10:18:54.820Z,1777976334817,v1
0,low_risk,no_action,0,No action,2026-05-05T10:18:54.820Z,1777976334817,v1
0,low_risk,no_action,0,No action,2026-05-05T10:18:54.820Z,1777976334817,v1
0,low_risk,no_action,0,No action,2026-05-05T10:18:54.820Z,1777976334817,v1
1,high_risk,premium_retention_offer,70,Send premium retention offer,2026-05-05T10:18:54.820Z,1777976334817,v1
1,high_risk,premium_retention_offer,70,Send premium retention offer,2026-05-05T10:18:54.820Z,1777976334817,v1
0.99,high_risk,premium_retention_offer,68.8,Send premium retention offer,2026-05-05T10:18:54.820Z,1777976334817,v1
0,low_risk,no_action,0,No action,2026-05-05T10:18:54.820Z,1777976334817,v1
0,low_risk,no_action,0,No action,2026-05-05T10:18:54.820Z,1777976334817,v1
0,low_risk,no_action,0,No action,2026-05-05T10:18:54.820Z,1777976334817,v1
0,low_risk,no_action,0,No action,2026-05-05T10:18:54.820Z,1777976334817,v1
0,low_risk,no_action,0,No action,2026-05-05T10:18:54.820Z,1777976334817,v1
0.99,high_risk,premium_retention_offer,68.8,Send premium retention offer,2026-05-05T10:18:54.820Z,1777976334817,v1
1,high_risk,premium_retention_offer,70,Send premium retention offer,2026-05-05T10:18:54.820Z,1777976334817,v1
0,low_risk,no_action,0,No action,2026-05-05T10:18:54.820Z,1777976334817,v1
0,low_risk,no_action,0,No action,2026-05-05T10:18:54.820Z,1777976334817,v1
0,low_risk,no_action,0,No action,2026-05-05T10:18:54.820Z,1777976334817,v1
0,low_risk,no_action,0,No action,2026-05-05T10:18:54.820Z,1777976334817,v1
1,high_risk,premium_retention_offer,70,Send premium retention offer,2026-05-05T10:18:54.820Z,1777976334817,v1
0,low_risk,no_action,0,No action,2026-05-05T10:18:54.820Z,1777976334817,v1
0,low_risk,no_action,0,No action,2026-05-05T10:18:54.820Z,1777976334817,v1
0,low_risk,no_action,0,No action,2026-05-05T10:18:54.820Z,1777976334817,v1
0,low_risk,no_action,0,No action,2026-05-05T10:18:54.820Z,1777976334817,v1
0,low_risk,no_action,0,No action,2026-05-05T10:18:54.820Z,1777976334817,v1
0,low_risk,no_action,0,No action,2026-05-05T10:18:54.820Z,1777976334817,v1
0,low_risk,no_action,0,No action,2026-05-05T10:18:54.820Z,1777976334817,v1
0,low_risk,no_action,0,No action,2026-05-05T10:18:54.820Z,1777976334817,v1
0,low_risk,no_action,0,No action,2026-05-05T10:18:54.820Z,1777976334817,v1
0,low_risk,no_action,0,No action,2026-05-05T10:18:54.820Z,1777976334817,v1
0,low_risk,no_action,0,No action,2026-05-05T10:18:54.820Z,1777976334817,v1
0,low_risk,no_action,0,No action,2026-05-05T10:18:54.820Z,1777976334817,v1
0,low_risk,no_action,0,No action,2026-05-05T10:18:54.820Z,1777976334817,v1
0.98,high_risk,premium_retention_offer,67.6,Send premium retention offer,2026-05-05T10:18:54.820Z,1777976334817,v1
0.01,low_risk,no_action,0,No action,2026-05-05T10:18:54.820Z,1777976334817,v1
0,low_risk,no_action,0,No action,2026-05-05T10:18:54.820Z,1777976334817,v1
0.99,high_risk,premium_retention_offer,68.8,Send premium retention offer,2026-05-05T10:18:54.820Z,1777976334817,v1
0,low_risk,no_action,0,No action,2026-05-05T10:18:54.820Z,1777976334817,v1
0,low_risk,no_action,0,No action,2026-05-05T10:18:54.820Z,1777976334817,v1
0,low_risk,no_action,0,No action,2026-05-05T10:18:54.820Z,1777976334817,v1
0.01,low_risk,no_action,0,No action,2026-05-05T10:18:54.820Z,1777976334817,v1
0,low_risk,no_action,0,No action,2026-05-05T10:18:54.820Z,1777976334817,v1
0,low_risk,no_action,0,No action,2026-05-05T10:18:54.820Z,1777976334817,v1
0,low_risk,no_action,0,No action,2026-05-05T10:18:54.820Z,1777976334817,v1
0,low_risk,no_action,0,No action,2026-05-05T10:18:54.820Z,1777976334817,v1
0,low_risk,no_action,0,No action,2026-05-05T10:18:54.820Z,1777976334817,v1
0,low_risk,no_action,0,No action,2026-05-05T10:18:54.820Z,1777976334817,v1
1,high_risk,premium_retention_offer,70,Send premium retention offer,2026-05-05T10:18:54.820Z,1777976334817,v1
0,low_risk,no_action,0,No action,2026-05-05T10:18:54.820Z,1777976334817,v1
1,high_risk,premium_retention_offer,70,Send premium retention offer,2026-05-05T10:18:54.820Z,1777976334817,v1
0,low_risk,no_action,0,No action,2026-05-05T10:18:54.820Z,1777976334817,v1
0,low_risk,no_action,0,No action,2026-05-05T10:18:54.820Z,1777976334817,v1
1,high_risk,premium_retention_offer,70,Send premium retention offer,2026-05-05T10:18:54.820Z,1777976334817,v1
0,low_risk,no_action,0,No action,2026-05-05T10:18:54.820Z,1777976334817,v1
0,low_risk,no_action,0,No action,2026-05-05T10:18:54.820Z,1777976334817,v1
0,low_risk,no_action,0,No action,2026-05-05T10:18:54.820Z,1777976334817,v1
0.99,high_risk,premium_retention_offer,68.8,Send premium retention offer,2026-05-05T10:18:54.820Z,1777976334817,v1
1,high_risk,premium_retention_offer,70,Send premium retention offer,2026-05-05T10:18:54.820Z,1777976334817,v1
0,low_risk,no_action,0,No action,2026-05-05T10:18:54.820Z,1777976334817,v1
1,high_risk,premium_retention_offer,70,Send premium retention offer,2026-05-05T10:18:54.820Z,1777976334817,v1
0.02,low_risk,no_action,0,No action,2026-05-05T10:18:54.820Z,1777976334817,v1
0.99,high_risk,premium_retention_offer,68.8,Send premium retention offer,2026-05-05T10:18:54.820Z,1777976334817,v1
0,low_risk,no_action,0,No action,2026-05-05T10:18:54.820Z,1777976334817,v1
1,high_risk,premium_retention_offer,70,Send premium retention offer,2026-05-05T10:18:54.820Z,1777976334817,v1
0,low_risk,no_action,0,No action,2026-05-05T10:18:54.820Z,1777976334817,v1
0,low_risk,no_action,0,No action,2026-05-05T10:18:54.820Z,1777976334817,v1
0,low_risk,no_action,0,No action,2026-05-05T10:18:54.820Z,1777976334817,v1
0,low_risk,no_action,0,No action,2026-05-05T10:18:54.820Z,1777976334817,v1
1,high_risk,premium_retention_offer,70,Send premium retention offer,2026-05-05T10:18:54.820Z,1777976334817,v1
0,low_risk,no_action,0,No action,2026-05-05T10:18:54.820Z,1777976334817,v1
0,low_risk,no_action,0,No action,2026-05-05T10:18:54.820Z,1777976334817,v1
0.98,high_risk,premium_retention_offer,67.6,Send premium retention offer,2026-05-05T10:18:54.820Z,1777976334817,v1
0,low_risk,no_action,0,No action,2026-05-05T10:18:54.820Z,1777976334817,v1
0,low_risk,no_action,0,No action,2026-05-05T10:18:54.820Z,1777976334817,v1
0,low_risk,no_action,0,No action,2026-05-05T10:18:54.820Z,1777976334817,v1
0.01,low_risk,no_action,0,No action,2026-05-05T10:18:54.820Z,1777976334817,v1
0,low_risk,no_action,0,No action,2026-05-05T10:18:54.820Z,1777976334817,v1
1,high_risk,premium_retention_offer,70,Send premium retention offer,2026-05-05T10:18:54.820Z,1777976334817,v1
1,high_risk,premium_retention_offer,70,Send premium retention offer,2026-05-05T10:18:54.820Z,1777976334817,v1
0,low_risk,no_action,0,No action,2026-05-05T10:18:54.820Z,1777976334817,v1
0.02,low_risk,no_action,0,No action,2026-05-05T10:18:54.820Z,1777976334817,v1
0,low_risk,no_action,0,No action,2026-05-05T10:18:54.820Z,1777976334817,v1
0,low_risk,no_action,0,No action,2026-05-05T10:18:54.820Z,1777976334817,v1
0,low_risk,no_action,0,No action,2026-05-05T10:18:54.820Z,1777976334817,v1
0,low_risk,no_action,0,No action,2026-05-05T10:18:54.820Z,1777976334817,v1
0,low_risk,no_action,0,No action,2026-05-05T10:18:54.820Z,1777976334817,v1
0,low_risk,no_action,0,No action,2026-05-05T10:18:54.820Z,1777976334817,v1
0.99,high_risk,premium_retention_offer,68.8,Send premium retention offer,2026-05-05T10:18:54.820Z,1777976334817,v1
0,low_risk,no_action,0,No action,2026-05-05T10:18:54.820Z,1777976334817,v1
0,low_risk,no_action,0,No action,2026-05-05T10:18:54.820Z,1777976334817,v1
0,low_risk,no_action,0,No action,2026-05-05T10:18:54.820Z,1777976334817,v1
0,low_risk,no_action,0,No action,2026-05-05T10:18:54.820Z,1777976334817,v1
0,low_risk,no_action,0,No action,2026-05-05T10:18:54.820Z,1777976334817,v1
0,low_risk,no_action,0,No action,2026-05-05T10:18:54.820Z,1777976334817,v1
0.99,high_risk,premium_retention_offer,68.8,Send premium retention offer,2026-05-05T10:18:54.820Z,1777976334817,v1
0,low_risk,no_action,0,No action,2026-05-05T10:18:54.820Z,1777976334817,v1
1,high_risk,premium_retention_offer,70,Send premium retention offer,2026-05-05T10:18:54.820Z,1777976334817,v1
0.99,high_risk,premium_retention_offer,68.8,Send premium retention offer,2026-05-05T10:18:54.820Z,1777976334817,v1
0,low_risk,no_action,0,No action,2026-05-05T10:18:54.820Z,1777976334817,v1
0,low_risk,no_action,0,No action,2026-05-05T10:18:54.820Z,1777976334817,v1
1,high_risk,premium_retention_offer,70,Send premium retention offer,2026-05-05T10:18:54.820Z,1777976334817,v1
1,high_risk,premium_retention_offer,70,Send premium retention offer,2026-05-05T10:18:54.820Z,1777976334817,v1
0,low_risk,no_action,0,No action,2026-05-05T10:18:54.820Z,1777976334817,v1
0,low_risk,no_action,0,No action,2026-05-05T10:18:54.820Z,1777976334817,v1
0,low_risk,no_action,0,No action,2026-05-05T10:18:54.820Z,1777976334817,v1
0,low_risk,no_action,0,No action,2026-05-05T10:18:54.820Z,1777976334817,v1
0,low_risk,no_action,0,No action,2026-05-05T10:18:54.820Z,1777976334817,v1
0,low_risk,no_action,0,No action,2026-05-05T10:18:54.820Z,1777976334817,v1
0,low_risk,no_action,0,No action,2026-05-05T10:18:54.820Z,1777976334817,v1
1,high_risk,premium_retention_offer,70,Send premium retention offer,2026-05-05T10:18:54.820Z,1777976334817,v1
0,low_risk,no_action,0,No action,2026-05-05T10:18:54.820Z,1777976334817,v1
0,low_risk,no_action,0,No action,2026-05-05T10:18:54.820Z,1777976334817,v1
1,high_risk,premium_retention_offer,70,Send premium retention offer,2026-05-05T10:18:54.820Z,1777976334817,v1
0,low_risk,no_action,0,No action,2026-05-05T10:18:54.820Z,1777976334817,v1
1,high_risk,premium_retention_offer,70,Send premium retention offer,2026-05-05T10:18:54.820Z,1777976334817,v1
0.01,low_risk,no_action,0,No action,2026-05-05T10:18:54.820Z,1777976334817,v1
0,low_risk,no_action,0,No action,2026-05-05T10:18:54.820Z,1777976334817,v1
0,low_risk,no_action,0,No action,2026-05-05T10:18:54.820Z,1777976334817,v1
0,low_risk,no_action,0,No action,2026-05-05T10:18:54.820Z,1777976334817,v1
0,low_risk,no_action,0,No action,2026-05-05T10:18:54.820Z,1777976334817,v1
0,low_risk,no_action,0,No action,2026-05-05T10:18:54.820Z,1777976334817,v1
0,low_risk,no_action,0,No action,2026-05-05T10:18:54.820Z,1777976334817,v1
0,low_risk,no_action,0,No action,2026-05-05T10:18:54.820Z,1777976334817,v1
0,low_risk,no_action,0,No action,2026-05-05T10:18:54.820Z,1777976334817,v1
0,low_risk,no_action,0,No action,2026-05-05T10:18:54.820Z,1777976334817,v1
0,low_risk,no_action,0,No action,2026-05-05T10:18:54.820Z,1777976334817,v1
0,low_risk,no_action,0,No action,2026-05-05T10:18:54.820Z,1777976334817,v1
0,low_risk,no_action,0,No action,2026-05-05T10:18:54.820Z,1777976334817,v1
1,high_risk,premium_retention_offer,70,Send premium retention offer,2026-05-05T10:18:54.820Z,1777976334817,v1
1,high_risk,premium_retention_offer,70,Send premium retention offer,2026-05-05T10:18:54.820Z,1777976334817,v1
0,low_risk,no_action,0,No action,2026-05-05T10:18:54.820Z,1777976334817,v1
0,low_risk,no_action,0,No action,2026-05-05T10:18:54.820Z,1777976334817,v1
0,low_risk,no_action,0,No action,2026-05-05T10:18:54.820Z,1777976334817,v1
0,low_risk,no_action,0,No action,2026-05-05T10:18:54.821Z,1777976334817,v1
0.01,low_risk,no_action,0,No action,2026-05-05T10:18:54.821Z,1777976334817,v1
0,low_risk,no_action,0,No action,2026-05-05T10:18:54.821Z,1777976334817,v1
0,low_risk,no_action,0,No action,2026-05-05T10:18:54.821Z,1777976334817,v1
0,low_risk,no_action,0,No action,2026-05-05T10:18:54.821Z,1777976334817,v1
0,low_risk,no_action,0,No action,2026-05-05T10:18:54.821Z,1777976334817,v1
0,low_risk,no_action,0,No action,2026-05-05T10:18:54.821Z,1777976334817,v1
0,low_risk,no_action,0,No action,2026-05-05T10:18:54.821Z,1777976334817,v1
0,low_risk,no_action,0,No action,2026-05-05T10:18:54.821Z,1777976334817,v1
0.01,low_risk,no_action,0,No action,2026-05-05T10:18:54.821Z,1777976334817,v1
1,high_risk,premium_retention_offer,70,Send premium retention offer,2026-05-05T10:18:54.821Z,1777976334817,v1
0,low_risk,no_action,0,No action,2026-05-05T10:18:54.821Z,1777976334817,v1
0,low_risk,no_action,0,No action,2026-05-05T10:18:54.821Z,1777976334817,v1
0,low_risk,no_action,0,No action,2026-05-05T10:18:54.821Z,1777976334817,v1
0,low_risk,no_action,0,No action,2026-05-05T10:18:54.821Z,1777976334817,v1
0,low_risk,no_action,0,No action,2026-05-05T10:18:54.821Z,1777976334817,v1
0,low_risk,no_action,0,No action,2026-05-05T10:18:54.821Z,1777976334817,v1
0,low_risk,no_action,0,No action,2026-05-05T10:18:54.821Z,1777976334817,v1
0,low_risk,no_action,0,No action,2026-05-05T10:18:54.821Z,1777976334817,v1
0,low_risk,no_action,0,No action,2026-05-05T10:18:54.821Z,1777976334817,v1
0,low_risk,no_action,0,No action,2026-05-05T10:18:54.821Z,1777976334817,v1
0.01,low_risk,no_action,0,No action,2026-05-05T10:18:54.821Z,1777976334817,v1
0,low_risk,no_action,0,No action,2026-05-05T10:18:54.821Z,1777976334817,v1
0,low_risk,no_action,0,No action,2026-05-05T10:18:54.821Z,1777976334817,v1
0,low_risk,no_action,0,No action,2026-05-05T10:18:54.821Z,1777976334817,v1
1,high_risk,premium_retention_offer,70,Send premium retention offer,2026-05-05T10:18:54.821Z,1777976334817,v1
0,low_risk,no_action,0,No action,2026-05-05T10:18:54.821Z,1777976334817,v1
0,low_risk,no_action,0,No action,2026-05-05T10:18:54.821Z,1777976334817,v1
0,low_risk,no_action,0,No action,2026-05-05T10:18:54.821Z,1777976334817,v1
0,low_risk,no_action,0,No action,2026-05-05T10:18:54.821Z,1777976334817,v1
0,low_risk,no_action,0,No action,2026-05-05T10:18:54.821Z,1777976334817,v1
0.99,high_risk,premium_retention_offer,68.8,Send premium retention offer,2026-05-05T10:18:54.821Z,1777976334817,v1
0,low_risk,no_action,0,No action,2026-05-05T10:18:54.821Z,1777976334817,v1
0.98,high_risk,premium_retention_offer,67.6,Send premium retention offer,2026-05-05T10:18:54.821Z,1777976334817,v1
0,low_risk,no_action,0,No action,2026-05-05T10:18:54.821Z,1777976334817,v1
0,low_risk,no_action,0,No action,2026-05-05T10:18:54.821Z,1777976334817,v1
0.02,low_risk,no_action,0,No action,2026-05-05T10:18:54.821Z,1777976334817,v1
0,low_risk,no_action,0,No action,2026-05-05T10:18:54.821Z,1777976334817,v1
0.99,high_risk,premium_retention_offer,68.8,Send premium retention offer,2026-05-05T10:18:54.821Z,1777976334817,v1
0,low_risk,no_action,0,No action,2026-05-05T10:18:54.821Z,1777976334817,v1
0,low_risk,no_action,0,No action,2026-05-05T10:18:54.821Z,1777976334817,v1
0,low_risk,no_action,0,No action,2026-05-05T10:18:54.821Z,1777976334817,v1
0,low_risk,no_action,0,No action,2026-05-05T10:18:54.821Z,1777976334817,v1
1,high_risk,premium_retention_offer,70,Send premium retention offer,2026-05-05T10:18:54.821Z,1777976334817,v1
0,low_risk,no_action,0,No action,2026-05-05T10:18:54.821Z,1777976334817,v1
1,high_risk,premium_retention_offer,70,Send premium retention offer,2026-05-05T10:18:54.821Z,1777976334817,v1
1,high_risk,premium_retention_offer,70,Send premium retention offer,2026-05-05T10:18:54.821Z,1777976334817,v1
0,low_risk,no_action,0,No action,2026-05-05T10:18:54.821Z,1777976334817,v1
1,high_risk,premium_retention_offer,70,Send premium retention offer,2026-05-05T10:18:54.821Z,1777976334817,v1
0,low_risk,no_action,0,No action,2026-05-05T10:18:54.821Z,1777976334817,v1
0,low_risk,no_action,0,No action,2026-05-05T10:18:54.821Z,1777976334817,v1
0,low_risk,no_action,0,No action,2026-05-05T10:18:54.821Z,1777976334817,v1
0,low_risk,no_action,0,No action,2026-05-05T10:18:54.821Z,1777976334817,v1
0,low_risk,no_action,0,No action,2026-05-05T10:18:54.821Z,1777976334817,v1
0,low_risk,no_action,0,No action,2026-05-05T10:18:54.821Z,1777976334817,v1
0,low_risk,no_action,0,No action,2026-05-05T10:18:54.821Z,1777976334817,v1
0,low_risk,no_action,0,No action,2026-05-05T10:18:54.821Z,1777976334817,v1
0,low_risk,no_action,0,No action,2026-05-05T10:18:54.821Z,1777976334817,v1
0,low_risk,no_action,0,No action,2026-05-05T10:18:54.821Z,1777976334817,v1
1,high_risk,premium_retention_offer,70,Send premium retention offer,2026-05-05T10:18:54.821Z,1777976334817,v1
0,low_risk,no_action,0,No action,2026-05-05T10:18:54.821Z,1777976334817,v1
0,low_risk,no_action,0,No action,2026-05-05T10:18:54.821Z,1777976334817,v1
0,low_risk,no_action,0,No action,2026-05-05T10:18:54.821Z,1777976334817,v1
0,low_risk,no_action,0,No action,2026-05-05T10:18:54.821Z,1777976334817,v1
0.01,low_risk,no_action,0,No action,2026-05-05T10:18:54.821Z,1777976334817,v1
0,low_risk,no_action,0,No action,2026-05-05T10:18:54.821Z,1777976334817,v1
0,low_risk,no_action,0,No action,2026-05-05T10:18:54.821Z,1777976334817,v1
0,low_risk,no_action,0,No action,2026-05-05T10:18:54.821Z,1777976334817,v1
0,low_risk,no_action,0,No action,2026-05-05T10:18:54.821Z,1777976334817,v1
0,low_risk,no_action,0,No action,2026-05-05T10:18:54.821Z,1777976334817,v1
0,low_risk,no_action,0,No action,2026-05-05T10:18:54.821Z,1777976334817,v1
0,low_risk,no_action,0,No action,2026-05-05T10:18:54.821Z,1777976334817,v1
0,low_risk,no_action,0,No action,2026-05-05T10:18:54.821Z,1777976334817,v1
0,low_risk,no_action,0,No action,2026-05-05T10:18:54.821Z,1777976334817,v1
0.99,high_risk,premium_retention_offer,68.8,Send premium retention offer,2026-05-05T10:18:54.821Z,1777976334817,v1
0,low_risk,no_action,0,No action,2026-05-05T10:18:54.821Z,1777976334817,v1
0,low_risk,no_action,0,No action,2026-05-05T10:18:54.821Z,1777976334817,v1
0,low_risk,no_action,0,No action,2026-05-05T10:18:54.821Z,1777976334817,v1
1,high_risk,premium_retention_offer,70,Send premium retention offer,2026-05-05T10:18:54.821Z,1777976334817,v1
0,low_risk,no_action,0,No action,2026-05-05T10:18:54.821Z,1777976334817,v1
0,low_risk,no_action,0,No action,2026-05-05T10:18:54.821Z,1777976334817,v1
0,low_risk,no_action,0,No action,2026-05-05T10:18:54.821Z,1777976334817,v1
0,low_risk,no_action,0,No action,2026-05-05T10:18:54.821Z,1777976334817,v1
0,low_risk,no_action,0,No action,2026-05-05T10:18:54.821Z,1777976334817,v1
0,low_risk,no_action,0,No action,2026-05-05T10:18:54.821Z,1777976334817,v1
0,low_risk,no_action,0,No action,2026-05-05T10:18:54.821Z,1777976334817,v1
0,low_risk,no_action,0,No action,2026-05-05T10:18:54.821Z,1777976334817,v1
1,high_risk,premium_retention_offer,70,Send premium retention offer,2026-05-05T10:18:54.821Z,1777976334817,v1
1,high_risk,premium_retention_offer,70,Send premium retention offer,2026-05-05T10:18:54.821Z,1777976334817,v1
0,low_risk,no_action,0,No action,2026-05-05T10:18:54.821Z,1777976334817,v1
0.02,low_risk,no_action,0,No action,2026-05-05T10:18:54.821Z,1777976334817,v1
0,low_risk,no_action,0,No action,2026-05-05T10:18:54.821Z,1777976334817,v1
0,low_risk,no_action,0,No action,2026-05-05T10:18:54.821Z,1777976334817,v1
0,low_risk,no_action,0,No action,2026-05-05T10:18:54.821Z,1777976334817,v1
0,low_risk,no_action,0,No action,2026-05-05T10:18:54.821Z,1777976334817,v1
0,low_risk,no_action,0,No action,2026-05-05T10:18:54.821Z,1777976334817,v1
0,low_risk,no_action,0,No action,2026-05-05T10:18:54.821Z,1777976334817,v1
0.99,high_risk,premium_retention_offer,68.8,Send premium retention offer,2026-05-05T10:18:54.821Z,1777976334817,v1
0,low_risk,no_action,0,No action,2026-05-05T10:18:54.821Z,1777976334817,v1
0,low_risk,no_action,0,No action,2026-05-05T10:18:54.821Z,1777976334817,v1
0,low_risk,no_action,0,No action,2026-05-05T10:18:54.821Z,1777976334817,v1
0,low_risk,no_action,0,No action,2026-05-05T10:18:54.821Z,1777976334817,v1
0.94,high_risk,premium_retention_offer,62.8,Send premium retention offer,2026-05-05T10:18:54.821Z,1777976334817,v1
0,low_risk,no_action,0,No action,2026-05-05T10:18:54.821Z,1777976334817,v1
0,low_risk,no_action,0,No action,2026-05-05T10:18:54.821Z,1777976334817,v1
1,high_risk,premium_retention_offer,70,Send premium retention offer,2026-05-05T10:18:54.821Z,1777976334817,v1
1,high_risk,premium_retention_offer,70,Send premium retention offer,2026-05-05T10:18:54.821Z,1777976334817,v1
1,high_risk,premium_retention_offer,70,Send premium retention offer,2026-05-05T10:18:54.821Z,1777976334817,v1
0,low_risk,no_action,0,No action,2026-05-05T10:18:54.821Z,1777976334817,v1
0,low_risk,no_action,0,No action,2026-05-05T10:18:54.821Z,1777976334817,v1
0,low_risk,no_action,0,No action,2026-05-05T10:18:54.821Z,1777976334817,v1
0,low_risk,no_action,0,No action,2026-05-05T10:18:54.821Z,1777976334817,v1
0,low_risk,no_action,0,No action,2026-05-05T10:18:54.821Z,1777976334817,v1
0,low_risk,no_action,0,No action,2026-05-05T10:18:54.821Z,1777976334817,v1
0,low_risk,no_action,0,No action,2026-05-05T10:18:54.821Z,1777976334817,v1
0,low_risk,no_action,0,No action,2026-05-05T10:18:54.821Z,1777976334817,v1
0,low_risk,no_action,0,No action,2026-05-05T10:18:54.821Z,1777976334817,v1
0,low_risk,no_action,0,No action,2026-05-05T10:18:54.821Z,1777976334817,v1
0,low_risk,no_action,0,No action,2026-05-05T10:18:54.821Z,1777976334817,v1
0,low_risk,no_action,0,No action,2026-05-05T10:18:54.821Z,1777976334817,v1
0,low_risk,no_action,0,No action,2026-05-05T10:18:54.821Z,1777976334817,v1
0,low_risk,no_action,0,No action,2026-05-05T10:18:54.821Z,1777976334817,v1
1,high_risk,premium_retention_offer,70,Send premium retention offer,2026-05-05T10:18:54.821Z,1777976334817,v1
0,low_risk,no_action,0,No action,2026-05-05T10:18:54.821Z,1777976334817,v1
0,low_risk,no_action,0,No action,2026-05-05T10:18:54.821Z,1777976334817,v1
0,low_risk,no_action,0,No action,2026-05-05T10:18:54.821Z,1777976334817,v1
0,low_risk,no_action,0,No action,2026-05-05T10:18:54.821Z,1777976334817,v1
1,high_risk,premium_retention_offer,70,Send premium retention offer,2026-05-05T10:18:54.821Z,1777976334817,v1
0,low_risk,no_action,0,No action,2026-05-05T10:18:54.821Z,1777976334817,v1
1,high_risk,premium_retention_offer,70,Send premium retention offer,2026-05-05T10:18:54.821Z,1777976334817,v1
0,low_risk,no_action,0,No action,2026-05-05T10:18:54.821Z,1777976334817,v1
0.01,low_risk,no_action,0,No action,2026-05-05T10:18:54.821Z,1777976334817,v1
0,low_risk,no_action,0,No action,2026-05-05T10:18:54.821Z,1777976334817,v1
1,high_risk,premium_retention_offer,70,Send premium retention offer,2026-05-05T10:18:54.821Z,1777976334817,v1
0,low_risk,no_action,0,No action,2026-05-05T10:18:54.821Z,1777976334817,v1
0,low_risk,no_action,0,No action,2026-05-05T10:18:54.821Z,1777976334817,v1
0,low_risk,no_action,0,No action,2026-05-05T10:18:54.821Z,1777976334817,v1
0,low_risk,no_action,0,No action,2026-05-05T10:18:54.821Z,1777976334817,v1
0,low_risk,no_action,0,No action,2026-05-05T10:18:54.821Z,1777976334817,v1
0.99,high_risk,premium_retention_offer,68.8,Send premium retention offer,2026-05-05T10:18:54.821Z,1777976334817,v1
0,low_risk,no_action,0,No action,2026-05-05T10:18:54.821Z,1777976334817,v1
0,low_risk,no_action,0,No action,2026-05-05T10:18:54.821Z,1777976334817,v1
0.99,high_risk,premium_retention_offer,68.8,Send premium retention offer,2026-05-05T10:18:54.821Z,1777976334817,v1
0,low_risk,no_action,0,No action,2026-05-05T10:18:54.821Z,1777976334817,v1
0,low_risk,no_action,0,No action,2026-05-05T10:18:54.821Z,1777976334817,v1
0,low_risk,no_action,0,No action,2026-05-05T10:18:54.821Z,1777976334817,v1
1,high_risk,premium_retention_offer,70,Send premium retention offer,2026-05-05T10:18:54.821Z,1777976334817,v1
0,low_risk,no_action,0,No action,2026-05-05T10:18:54.821Z,1777976334817,v1
0,low_risk,no_action,0,No action,2026-05-05T10:18:54.821Z,1777976334817,v1
0,low_risk,no_action,0,No action,2026-05-05T10:18:54.821Z,1777976334817,v1
1,high_risk,premium_retention_offer,70,Send premium retention offer,2026-05-05T10:18:54.821Z,1777976334817,v1
0,low_risk,no_action,0,No action,2026-05-05T10:18:54.821Z,1777976334817,v1
0.98,high_risk,premium_retention_offer,67.6,Send premium retention offer,2026-05-05T10:18:54.821Z,1777976334817,v1
0,low_risk,no_action,0,No action,2026-05-05T10:18:54.821Z,1777976334817,v1
0,low_risk,no_action,0,No action,2026-05-05T10:18:54.821Z,1777976334817,v1
0.01,low_risk,no_action,0,No action,2026-05-05T10:18:54.821Z,1777976334817,v1
0,low_risk,no_action,0,No action,2026-05-05T10:18:54.821Z,1777976334817,v1
0,low_risk,no_action,0,No action,2026-05-05T10:18:54.821Z,1777976334817,v1
0,low_risk,no_action,0,No action,2026-05-05T10:18:54.821Z,1777976334817,v1
0,low_risk,no_action,0,No action,2026-05-05T10:18:54.821Z,1777976334817,v1
0,low_risk,no_action,0,No action,2026-05-05T10:18:54.821Z,1777976334817,v1
0.99,high_risk,premium_retention_offer,68.8,Send premium retention offer,2026-05-05T10:18:54.821Z,1777976334817,v1
0,low_risk,no_action,0,No action,2026-05-05T10:18:54.821Z,1777976334817,v1
0,low_risk,no_action,0,No action,2026-05-05T10:18:54.821Z,1777976334817,v1
0,low_risk,no_action,0,No action,2026-05-05T10:18:54.821Z,1777976334817,v1
0.99,high_risk,premium_retention_offer,68.8,Send premium retention offer,2026-05-05T10:18:54.821Z,1777976334817,v1
0,low_risk,no_action,0,No action,2026-05-05T10:18:54.821Z,1777976334817,v1
0,low_risk,no_action,0,No action,2026-05-05T10:18:54.821Z,1777976334817,v1
0,low_risk,no_action,0,No action,2026-05-05T10:18:54.821Z,1777976334817,v1
0,low_risk,no_action,0,No action,2026-05-05T10:18:54.821Z,1777976334817,v1
0,low_risk,no_action,0,No action,2026-05-05T10:18:54.821Z,1777976334817,v1
0,low_risk,no_action,0,No action,2026-05-05T10:18:54.821Z,1777976334817,v1
0,low_risk,no_action,0,No action,2026-05-05T10:18:54.821Z,1777976334817,v1
0,low_risk,no_action,0,No action,2026-05-05T10:18:54.821Z,1777976334817,v1
0,low_risk,no_action,0,No action,2026-05-05T10:18:54.821Z,1777976334817,v1
0,low_risk,no_action,0,No action,2026-05-05T10:18:54.821Z,1777976334817,v1
0,low_risk,no_action,0,No action,2026-05-05T10:18:54.821Z,1777976334817,v1
0.99,high_risk,premium_retention_offer,68.8,Send premium retention offer,2026-05-05T10:18:54.821Z,1777976334817,v1
0,low_risk,no_action,0,No action,2026-05-05T10:18:54.821Z,1777976334817,v1
0,low_risk,no_action,0,No action,2026-05-05T10:18:54.821Z,1777976334817,v1
0,low_risk,no_action,0,No action,2026-05-05T10:18:54.821Z,1777976334817,v1
0,low_risk,no_action,0,No action,2026-05-05T10:18:54.821Z,1777976334817,v1
0,low_risk,no_action,0,No action,2026-05-05T10:18:54.821Z,1777976334817,v1
0,low_risk,no_action,0,No action,2026-05-05T10:18:54.821Z,1777976334817,v1
0.01,low_risk,no_action,0,No action,2026-05-05T10:18:54.821Z,1777976334817,v1
0,low_risk,no_action,0,No action,2026-05-05T10:18:54.821Z,1777976334817,v1
0,low_risk,no_action,0,No action,2026-05-05T10:18:54.821Z,1777976334817,v1
0,low_risk,no_action,0,No action,2026-05-05T10:18:54.821Z,1777976334817,v1
0,low_risk,no_action,0,No action,2026-05-05T10:18:54.821Z,1777976334817,v1
0,low_risk,no_action,0,No action,2026-05-05T10:18:54.821Z,1777976334817,v1
0,low_risk,no_action,0,No action,2026-05-05T10:18:54.821Z,1777976334817,v1
0,low_risk,no_action,0,No action,2026-05-05T10:18:54.821Z,1777976334817,v1
0,low_risk,no_action,0,No action,2026-05-05T10:18:54.821Z,1777976334817,v1
1,high_risk,premium_retention_offer,70,Send premium retention offer,2026-05-05T10:18:54.821Z,1777976334817,v1
0,low_risk,no_action,0,No action,2026-05-05T10:18:54.821Z,1777976334817,v1
0,low_risk,no_action,0,No action,2026-05-05T10:18:54.821Z,1777976334817,v1
0,low_risk,no_action,0,No action,2026-05-05T10:18:54.821Z,1777976334817,v1
0,low_risk,no_action,0,No action,2026-05-05T10:18:54.821Z,1777976334817,v1
0,low_risk,no_action,0,No action,2026-05-05T10:18:54.821Z,1777976334817,v1
0,low_risk,no_action,0,No action,2026-05-05T10:18:54.821Z,1777976334817,v1
0,low_risk,no_action,0,No action,2026-05-05T10:18:54.821Z,1777976334817,v1
0,low_risk,no_action,0,No action,2026-05-05T10:18:54.821Z,1777976334817,v1
0,low_risk,no_action,0,No action,2026-05-05T10:18:54.821Z,1777976334817,v1
0,low_risk,no_action,0,No action,2026-05-05T10:18:54.821Z,1777976334817,v1
0.01,low_risk,no_action,0,No action,2026-05-05T10:18:54.821Z,1777976334817,v1
0,low_risk,no_action,0,No action,2026-05-05T10:18:54.821Z,1777976334817,v1
0,low_risk,no_action,0,No action,2026-05-05T10:18:54.821Z,1777976334817,v1
0,low_risk,no_action,0,No action,2026-05-05T10:18:54.821Z,1777976334817,v1
0,low_risk,no_action,0,No action,2026-05-05T10:18:54.821Z,1777976334817,v1
0,low_risk,no_action,0,No action,2026-05-05T10:18:54.821Z,1777976334817,v1
0.01,low_risk,no_action,0,No action,2026-05-05T10:18:54.821Z,1777976334817,v1
0,low_risk,no_action,0,No action,2026-05-05T10:18:54.821Z,1777976334817,v1
0,low_risk,no_action,0,No action,2026-05-05T10:18:54.821Z,1777976334817,v1
0,low_risk,no_action,0,No action,2026-05-05T10:18:54.821Z,1777976334817,v1
0,low_risk,no_action,0,No action,2026-05-05T10:18:54.821Z,1777976334817,v1
0,low_risk,no_action,0,No action,2026-05-05T10:18:54.821Z,1777976334817,v1
0,low_risk,no_action,0,No action,2026-05-05T10:18:54.821Z,1777976334817,v1
0,low_risk,no_action,0,No action,2026-05-05T10:18:54.821Z,1777976334817,v1
1,high_risk,premium_retention_offer,70,Send premium retention offer,2026-05-05T10:18:54.821Z,1777976334817,v1
0,low_risk,no_action,0,No action,2026-05-05T10:18:54.821Z,1777976334817,v1
0,low_risk,no_action,0,No action,2026-05-05T10:18:54.821Z,1777976334817,v1
0,low_risk,no_action,0,No action,2026-05-05T10:18:54.821Z,1777976334817,v1
0.99,high_risk,premium_retention_offer,68.8,Send premium retention offer,2026-05-05T10:18:54.821Z,1777976334817,v1
0,low_risk,no_action,0,No action,2026-05-05T10:18:54.821Z,1777976334817,v1
1,high_risk,premium_retention_offer,70,Send premium retention offer,2026-05-05T10:18:54.821Z,1777976334817,v1
1,high_risk,premium_retention_offer,70,Send premium retention offer,2026-05-05T10:18:54.821Z,1777976334817,v1
0,low_risk,no_action,0,No action,2026-05-05T10:18:54.821Z,1777976334817,v1
0,low_risk,no_action,0,No action,2026-05-05T10:18:54.821Z,1777976334817,v1
0.01,low_risk,no_action,0,No action,2026-05-05T10:18:54.821Z,1777976334817,v1
0,low_risk,no_action,0,No action,2026-05-05T10:18:54.821Z,1777976334817,v1
0,low_risk,no_action,0,No action,2026-05-05T10:18:54.821Z,1777976334817,v1
0.99,high_risk,premium_retention_offer,68.8,Send premium retention offer,2026-05-05T10:18:54.821Z,1777976334817,v1
0,low_risk,no_action,0,No action,2026-05-05T10:18:54.821Z,1777976334817,v1
1,high_risk,premium_retention_offer,70,Send premium retention offer,2026-05-05T10:18:54.821Z,1777976334817,v1
0,low_risk,no_action,0,No action,2026-05-05T10:18:54.821Z,1777976334817,v1
0,low_risk,no_action,0,No action,2026-05-05T10:18:54.821Z,1777976334817,v1
1,high_risk,premium_retention_offer,70,Send premium retention offer,2026-05-05T10:18:54.821Z,1777976334817,v1
0.98,high_risk,premium_retention_offer,67.6,Send premium retention offer,2026-05-05T10:18:54.821Z,1777976334817,v1
0,low_risk,no_action,0,No action,2026-05-05T10:18:54.821Z,1777976334817,v1
0.02,low_risk,no_action,0,No action,2026-05-05T10:18:54.821Z,1777976334817,v1
0,low_risk,no_action,0,No action,2026-05-05T10:18:54.821Z,1777976334817,v1
0.01,low_risk,no_action,0,No action,2026-05-05T10:18:54.821Z,1777976334817,v1
0,low_risk,no_action,0,No action,2026-05-05T10:18:54.821Z,1777976334817,v1
0,low_risk,no_action,0,No action,2026-05-05T10:18:54.821Z,1777976334817,v1
0,low_risk,no_action,0,No action,2026-05-05T10:18:54.821Z,1777976334817,v1
0,low_risk,no_action,0,No action,2026-05-05T10:18:54.821Z,1777976334817,v1
1,high_risk,premium_retention_offer,70,Send premium retention offer,2026-05-05T10:18:54.821Z,1777976334817,v1
0,low_risk,no_action,0,No action,2026-05-05T10:18:54.821Z,1777976334817,v1
0,low_risk,no_action,0,No action,2026-05-05T10:18:54.821Z,1777976334817,v1
0,low_risk,no_action,0,No action,2026-05-05T10:18:54.821Z,1777976334817,v1
0,low_risk,no_action,0,No action,2026-05-05T10:18:54.821Z,1777976334817,v1
0,low_risk,no_action,0,No action,2026-05-05T10:18:54.821Z,1777976334817,v1
0,low_risk,no_action,0,No action,2026-05-05T10:18:54.821Z,1777976334817,v1
0,low_risk,no_action,0,No action,2026-05-05T10:18:54.821Z,1777976334817,v1
0.01,low_risk,no_action,0,No action,2026-05-05T10:18:54.821Z,1777976334817,v1
0,low_risk,no_action,0,No action,2026-05-05T10:18:54.821Z,1777976334817,v1
0,low_risk,no_action,0,No action,2026-05-05T10:18:54.821Z,1777976334817,v1
0,low_risk,no_action,0,No action,2026-05-05T10:18:54.821Z,1777976334817,v1
1,high_risk,premium_retention_offer,70,Send premium retention offer,2026-05-05T10:18:54.821Z,1777976334817,v1
0,low_risk,no_action,0,No action,2026-05-05T10:18:54.821Z,1777976334817,v1
0,low_risk,no_action,0,No action,2026-05-05T10:18:54.821Z,1777976334817,v1
0,low_risk,no_action,0,No action,2026-05-05T10:18:54.821Z,1777976334817,v1
1,high_risk,premium_retention_offer,70,Send premium retention offer,2026-05-05T10:18:54.821Z,1777976334817,v1
0.96,high_risk,premium_retention_offer,65.2,Send premium retention offer,2026-05-05T10:18:54.821Z,1777976334817,v1
0,low_risk,no_action,0,No action,2026-05-05T10:18:54.821Z,1777976334817,v1
0,low_risk,no_action,0,No action,2026-05-05T10:18:54.821Z,1777976334817,v1
0,low_risk,no_action,0,No action,2026-05-05T10:18:54.821Z,1777976334817,v1
0,low_risk,no_action,0,No action,2026-05-05T10:18:54.821Z,1777976334817,v1
0,low_risk,no_action,0,No action,2026-05-05T10:18:54.821Z,1777976334817,v1
0,low_risk,no_action,0,No action,2026-05-05T10:18:54.821Z,1777976334817,v1
0,low_risk,no_action,0,No action,2026-05-05T10:18:54.821Z,1777976334817,v1
0,low_risk,no_action,0,No action,2026-05-05T10:18:54.821Z,1777976334817,v1
0,low_risk,no_action,0,No action,2026-05-05T10:18:54.821Z,1777976334817,v1
0.99,high_risk,premium_retention_offer,68.8,Send premium retention offer,2026-05-05T10:18:54.821Z,1777976334817,v1
1,high_risk,premium_retention_offer,70,Send premium retention offer,2026-05-05T10:18:54.821Z,1777976334817,v1
0,low_risk,no_action,0,No action,2026-05-05T10:18:54.821Z,1777976334817,v1
0,low_risk,no_action,0,No action,2026-05-05T10:18:54.821Z,1777976334817,v1
0,low_risk,no_action,0,No action,2026-05-05T10:18:54.821Z,1777976334817,v1
0,low_risk,no_action,0,No action,2026-05-05T10:18:54.821Z,1777976334817,v1
0,low_risk,no_action,0,No action,2026-05-05T10:18:54.821Z,1777976334817,v1
0,low_risk,no_action,0,No action,2026-05-05T10:18:54.821Z,1777976334817,v1
0,low_risk,no_action,0,No action,2026-05-05T10:18:54.821Z,1777976334817,v1
0,low_risk,no_action,0,No action,2026-05-05T10:18:54.821Z,1777976334817,v1
1,high_risk,premium_retention_offer,70,Send premium retention offer,2026-05-05T10:18:54.821Z,1777976334817,v1
0,low_risk,no_action,0,No action,2026-05-05T10:18:54.821Z,1777976334817,v1
0,low_risk,no_action,0,No action,2026-05-05T10:18:54.821Z,1777976334817,v1
0,low_risk,no_action,0,No action,2026-05-05T10:18:54.821Z,1777976334817,v1
0,low_risk,no_action,0,No action,2026-05-05T10:18:54.821Z,1777976334817,v1
0,low_risk,no_action,0,No action,2026-05-05T10:18:54.821Z,1777976334817,v1
0,low_risk,no_action,0,No action,2026-05-05T10:18:54.821Z,1777976334817,v1
0,low_risk,no_action,0,No action,2026-05-05T10:18:54.821Z,1777976334817,v1
0,low_risk,no_action,0,No action,2026-05-05T10:18:54.821Z,1777976334817,v1
0,low_risk,no_action,0,No action,2026-05-05T10:18:54.821Z,1777976334817,v1
0,low_risk,no_action,0,No action,2026-05-05T10:18:54.821Z,1777976334817,v1
0,low_risk,no_action,0,No action,2026-05-05T10:18:54.821Z,1777976334817,v1
0.02,low_risk,no_action,0,No action,2026-05-05T10:18:54.821Z,1777976334817,v1
0,low_risk,no_action,0,No action,2026-05-05T10:18:54.821Z,1777976334817,v1
0,low_risk,no_action,0,No action,2026-05-05T10:18:54.821Z,1777976334817,v1
0,low_risk,no_action,0,No action,2026-05-05T10:18:54.821Z,1777976334817,v1
1,high_risk,premium_retention_offer,70,Send premium retention offer,2026-05-05T10:18:54.821Z,1777976334817,v1
0,low_risk,no_action,0,No action,2026-05-05T10:18:54.821Z,1777976334817,v1
0.99,high_risk,premium_retention_offer,68.8,Send premium retention offer,2026-05-05T10:18:54.821Z,1777976334817,v1
0,low_risk,no_action,0,No action,2026-05-05T10:18:54.821Z,1777976334817,v1
0.98,high_risk,premium_retention_offer,67.6,Send premium retention offer,2026-05-05T10:18:54.821Z,1777976334817,v1
0,low_risk,no_action,0,No action,2026-05-05T10:18:54.821Z,1777976334817,v1
1,high_risk,premium_retention_offer,70,Send premium retention offer,2026-05-05T10:18:54.821Z,1777976334817,v1
0,low_risk,no_action,0,No action,2026-05-05T10:18:54.821Z,1777976334817,v1
0,low_risk,no_action,0,No action,2026-05-05T10:18:54.821Z,1777976334817,v1
0,low_risk,no_action,0,No action,2026-05-05T10:18:54.821Z,1777976334817,v1
1,high_risk,premium_retention_offer,70,Send premium retention offer,2026-05-05T10:18:54.821Z,1777976334817,v1
0,low_risk,no_action,0,No action,2026-05-05T10:18:54.821Z,1777976334817,v1
0,low_risk,no_action,0,No action,2026-05-05T10:18:54.821Z,1777976334817,v1
0,low_risk,no_action,0,No action,2026-05-05T10:18:54.821Z,1777976334817,v1
1,high_risk,premium_retention_offer,70,Send premium retention offer,2026-05-05T10:18:54.821Z,1777976334817,v1
1,high_risk,premium_retention_offer,70,Send premium retention offer,2026-05-05T10:18:54.821Z,1777976334817,v1
0.01,low_risk,no_action,0,No action,2026-05-05T10:18:54.821Z,1777976334817,v1
0,low_risk,no_action,0,No action,2026-05-05T10:18:54.821Z,1777976334817,v1
0,low_risk,no_action,0,No action,2026-05-05T10:18:54.821Z,1777976334817,v1
0,low_risk,no_action,0,No action,2026-05-05T10:18:54.821Z,1777976334817,v1
0,low_risk,no_action,0,No action,2026-05-05T10:18:54.821Z,1777976334817,v1
0,low_risk,no_action,0,No action,2026-05-05T10:18:54.821Z,1777976334817,v1
0.97,high_risk,premium_retention_offer,66.4,Send premium retention offer,2026-05-05T10:18:54.821Z,1777976334817,v1
0,low_risk,no_action,0,No action,2026-05-05T10:18:54.821Z,1777976334817,v1
0.99,high_risk,premium_retention_offer,68.8,Send premium retention offer,2026-05-05T10:18:54.821Z,1777976334817,v1
0,low_risk,no_action,0,No action,2026-05-05T10:18:54.821Z,1777976334817,v1
0,low_risk,no_action,0,No action,2026-05-05T10:18:54.821Z,1777976334817,v1
0,low_risk,no_action,0,No action,2026-05-05T10:18:54.821Z,1777976334817,v1
0,low_risk,no_action,0,No action,2026-05-05T10:18:54.821Z,1777976334817,v1
0,low_risk,no_action,0,No action,2026-05-05T10:18:54.821Z,1777976334817,v1
0.01,low_risk,no_action,0,No action,2026-05-05T10:18:54.821Z,1777976334817,v1
1,high_risk,premium_retention_offer,70,Send premium retention offer,2026-05-05T10:18:54.821Z,1777976334817,v1
1,high_risk,premium_retention_offer,70,Send premium retention offer,2026-05-05T10:18:54.821Z,1777976334817,v1
1,high_risk,premium_retention_offer,70,Send premium retention offer,2026-05-05T10:18:54.821Z,1777976334817,v1
0,low_risk,no_action,0,No action,2026-05-05T10:18:54.821Z,1777976334817,v1
0,low_risk,no_action,0,No action,2026-05-05T10:18:54.821Z,1777976334817,v1
0,low_risk,no_action,0,No action,2026-05-05T10:18:54.821Z,1777976334817,v1
0,low_risk,no_action,0,No action,2026-05-05T10:18:54.821Z,1777976334817,v1
0,low_risk,no_action,0,No action,2026-05-05T10:18:54.821Z,1777976334817,v1
0.99,high_risk,premium_retention_offer,68.8,Send premium retention offer,2026-05-05T10:18:54.821Z,1777976334817,v1
0,low_risk,no_action,0,No action,2026-05-05T10:18:54.821Z,1777976334817,v1
0,low_risk,no_action,0,No action,2026-05-05T10:18:54.821Z,1777976334817,v1
0,low_risk,no_action,0,No action,2026-05-05T10:18:54.821Z,1777976334817,v1
0,low_risk,no_action,0,No action,2026-05-05T10:18:54.821Z,1777976334817,v1
0,low_risk,no_action,0,No action,2026-05-05T10:18:54.821Z,1777976334817,v1
0,low_risk,no_action,0,No action,2026-05-05T10:18:54.821Z,1777976334817,v1
0,low_risk,no_action,0,No action,2026-05-05T10:18:54.821Z,1777976334817,v1
0,low_risk,no_action,0,No action,2026-05-05T10:18:54.821Z,1777976334817,v1
0,low_risk,no_action,0,No action,2026-05-05T10:18:54.821Z,1777976334817,v1
0,low_risk,no_action,0,No action,2026-05-05T10:18:54.821Z,1777976334817,v1
0,low_risk,no_action,0,No action,2026-05-05T10:18:54.821Z,1777976334817,v1
0,low_risk,no_action,0,No action,2026-05-05T10:18:54.821Z,1777976334817,v1
0,low_risk,no_action,0,No action,2026-05-05T10:18:54.821Z,1777976334817,v1
1,high_risk,premium_retention_offer,70,Send premium retention offer,2026-05-05T10:18:54.821Z,1777976334817,v1
0.98,high_risk,premium_retention_offer,67.6,Send premium retention offer,2026-05-05T10:18:54.821Z,1777976334817,v1
0,low_risk,no_action,0,No action,2026-05-05T10:18:54.821Z,1777976334817,v1
0,low_risk,no_action,0,No action,2026-05-05T10:18:54.821Z,1777976334817,v1
0,low_risk,no_action,0,No action,2026-05-05T10:18:54.821Z,1777976334817,v1
0,low_risk,no_action,0,No action,2026-05-05T10:18:54.821Z,1777976334817,v1
0,low_risk,no_action,0,No action,2026-05-05T10:18:54.821Z,1777976334817,v1
0,low_risk,no_action,0,No action,2026-05-05T10:18:54.821Z,1777976334817,v1
0,low_risk,no_action,0,No action,2026-05-05T10:18:54.821Z,1777976334817,v1
0,low_risk,no_action,0,No action,2026-05-05T10:18:54.821Z,1777976334817,v1
0,low_risk,no_action,0,No action,2026-05-05T10:18:54.821Z,1777976334817,v1
0,low_risk,no_action,0,No action,2026-05-05T10:18:54.821Z,1777976334817,v1
0,low_risk,no_action,0,No action,2026-05-05T10:18:54.821Z,1777976334817,v1
0,low_risk,no_action,0,No action,2026-05-05T10:18:54.821Z,1777976334817,v1
0,low_risk,no_action,0,No action,2026-05-05T10:18:54.821Z,1777976334817,v1
0,low_risk,no_action,0,No action,2026-05-05T10:18:54.821Z,1777976334817,v1
0,low_risk,no_action,0,No action,2026-05-05T10:18:54.821Z,1777976334817,v1
0,low_risk,no_action,0,No action,2026-05-05T10:18:54.821Z,1777976334817,v1
0,low_risk,no_action,0,No action,2026-05-05T10:18:54.821Z,1777976334817,v1
0,low_risk,no_action,0,No action,2026-05-05T10:18:54.821Z,1777976334817,v1
0,low_risk,no_action,0,No action,2026-05-05T10:18:54.821Z,1777976334817,v1
0,low_risk,no_action,0,No action,2026-05-05T10:18:54.821Z,1777976334817,v1
1,high_risk,premium_retention_offer,70,Send premium retention offer,2026-05-05T10:18:54.821Z,1777976334817,v1
0,low_risk,no_action,0,No action,2026-05-05T10:18:54.821Z,1777976334817,v1
0,low_risk,no_action,0,No action,2026-05-05T10:18:54.821Z,1777976334817,v1
0,low_risk,no_action,0,No action,2026-05-05T10:18:54.821Z,1777976334817,v1
0,low_risk,no_action,0,No action,2026-05-05T10:18:54.821Z,1777976334817,v1
0,low_risk,no_action,0,No action,2026-05-05T10:18:54.821Z,1777976334817,v1
0,low_risk,no_action,0,No action,2026-05-05T10:18:54.821Z,1777976334817,v1
0,low_risk,no_action,0,No action,2026-05-05T10:18:54.821Z,1777976334817,v1
0,low_risk,no_action,0,No action,2026-05-05T10:18:54.821Z,1777976334817,v1
0,low_risk,no_action,0,No action,2026-05-05T10:18:54.821Z,1777976334817,v1
0,low_risk,no_action,0,No action,2026-05-05T10:18:54.821Z,1777976334817,v1
0,low_risk,no_action,0,No action,2026-05-05T10:18:54.821Z,1777976334817,v1
0,low_risk,no_action,0,No action,2026-05-05T10:18:54.821Z,1777976334817,v1
0,low_risk,no_action,0,No action,2026-05-05T10:18:54.821Z,1777976334817,v1
0.99,high_risk,premium_retention_offer,68.8,Send premium retention offer,2026-05-05T10:18:54.821Z,1777976334817,v1
0,low_risk,no_action,0,No action,2026-05-05T10:18:54.821Z,1777976334817,v1
0,low_risk,no_action,0,No action,2026-05-05T10:18:54.821Z,1777976334817,v1
0,low_risk,no_action,0,No action,2026-05-05T10:18:54.821Z,1777976334817,v1
1,high_risk,premium_retention_offer,70,Send premium retention offer,2026-05-05T10:18:54.821Z,1777976334817,v1
1,high_risk,premium_retention_offer,70,Send premium retention offer,2026-05-05T10:18:54.821Z,1777976334817,v1
0,low_risk,no_action,0,No action,2026-05-05T10:18:54.821Z,1777976334817,v1
1,high_risk,premium_retention_offer,70,Send premium retention offer,2026-05-05T10:18:54.821Z,1777976334817,v1
0,low_risk,no_action,0,No action,2026-05-05T10:18:54.821Z,1777976334817,v1
0.98,high_risk,premium_retention_offer,67.6,Send premium retention offer,2026-05-05T10:18:54.821Z,1777976334817,v1
0.99,high_risk,premium_retention_offer,68.8,Send premium retention offer,2026-05-05T10:18:54.821Z,1777976334817,v1
0.98,high_risk,premium_retention_offer,67.6,Send premium retention offer,2026-05-05T10:18:54.821Z,1777976334817,v1
0,low_risk,no_action,0,No action,2026-05-05T10:18:54.821Z,1777976334817,v1
0.01,low_risk,no_action,0,No action,2026-05-05T10:18:54.821Z,1777976334817,v1
0,low_risk,no_action,0,No action,2026-05-05T10:18:54.821Z,1777976334817,v1
0,low_risk,no_action,0,No action,2026-05-05T10:18:54.821Z,1777976334817,v1
1,high_risk,premium_retention_offer,70,Send premium retention offer,2026-05-05T10:18:54.821Z,1777976334817,v1
0,low_risk,no_action,0,No action,2026-05-05T10:18:54.821Z,1777976334817,v1
0,low_risk,no_action,0,No action,2026-05-05T10:18:54.821Z,1777976334817,v1
1,high_risk,premium_retention_offer,70,Send premium retention offer,2026-05-05T10:18:54.821Z,1777976334817,v1
0.01,low_risk,no_action,0,No action,2026-05-05T10:18:54.821Z,1777976334817,v1
0,low_risk,no_action,0,No action,2026-05-05T10:18:54.821Z,1777976334817,v1
0,low_risk,no_action,0,No action,2026-05-05T10:18:54.821Z,1777976334817,v1
0,low_risk,no_action,0,No action,2026-05-05T10:18:54.821Z,1777976334817,v1
0,low_risk,no_action,0,No action,2026-05-05T10:18:54.821Z,1777976334817,v1
0,low_risk,no_action,0,No action,2026-05-05T10:18:54.821Z,1777976334817,v1
0,low_risk,no_action,0,No action,2026-05-05T10:18:54.821Z,1777976334817,v1
0.01,low_risk,no_action,0,No action,2026-05-05T10:18:54.821Z,1777976334817,v1
1,high_risk,premium_retention_offer,70,Send premium retention offer,2026-05-05T10:18:54.821Z,1777976334817,v1
0,low_risk,no_action,0,No action,2026-05-05T10:18:54.821Z,1777976334817,v1
0,low_risk,no_action,0,No action,2026-05-05T10:18:54.821Z,1777976334817,v1
0,low_risk,no_action,0,No action,2026-05-05T10:18:54.821Z,1777976334817,v1
0,low_risk,no_action,0,No action,2026-05-05T10:18:54.821Z,1777976334817,v1
1,high_risk,premium_retention_offer,70,Send premium retention offer,2026-05-05T10:18:54.821Z,1777976334817,v1
0,low_risk,no_action,0,No action,2026-05-05T10:18:54.821Z,1777976334817,v1
0,low_risk,no_action,0,No action,2026-05-05T10:18:54.821Z,1777976334817,v1
0,low_risk,no_action,0,No action,2026-05-05T10:18:54.821Z,1777976334817,v1
0,low_risk,no_action,0,No action,2026-05-05T10:18:54.821Z,1777976334817,v1
0.98,high_risk,premium_retention_offer,67.6,Send premium retention offer,2026-05-05T10:18:54.821Z,1777976334817,v1
1,high_risk,premium_retention_offer,70,Send premium retention offer,2026-05-05T10:18:54.821Z,1777976334817,v1
0,low_risk,no_action,0,No action,2026-05-05T10:18:54.821Z,1777976334817,v1
0,low_risk,no_action,0,No action,2026-05-05T10:18:54.821Z,1777976334817,v1
0,low_risk,no_action,0,No action,2026-05-05T10:18:54.821Z,1777976334817,v1
1,high_risk,premium_retention_offer,70,Send premium retention offer,2026-05-05T10:18:54.821Z,1777976334817,v1
1,high_risk,premium_retention_offer,70,Send premium retention offer,2026-05-05T10:18:54.821Z,1777976334817,v1
1,high_risk,premium_retention_offer,70,Send premium retention offer,2026-05-05T10:18:54.821Z,1777976334817,v1
0,low_risk,no_action,0,No action,2026-05-05T10:18:54.821Z,1777976334817,v1
0,low_risk,no_action,0,No action,2026-05-05T10:18:54.821Z,1777976334817,v1
0,low_risk,no_action,0,No action,2026-05-05T10:18:54.821Z,1777976334817,v1
0,low_risk,no_action,0,No action,2026-05-05T10:18:54.821Z,1777976334817,v1
1,high_risk,premium_retention_offer,70,Send premium retention offer,2026-05-05T10:18:54.821Z,1777976334817,v1
0,low_risk,no_action,0,No action,2026-05-05T10:18:54.821Z,1777976334817,v1
1,high_risk,premium_retention_offer,70,Send premium retention offer,2026-05-05T10:18:54.821Z,1777976334817,v1
1,high_risk,premium_retention_offer,70,Send premium retention offer,2026-05-05T10:18:54.821Z,1777976334817,v1
0,low_risk,no_action,0,No action,2026-05-05T10:18:54.821Z,1777976334817,v1
0,low_risk,no_action,0,No action,2026-05-05T10:18:54.821Z,1777976334817,v1
0,low_risk,no_action,0,No action,2026-05-05T10:18:54.821Z,1777976334817,v1
0,low_risk,no_action,0,No action,2026-05-05T10:18:54.821Z,1777976334817,v1
0,low_risk,no_action,0,No action,2026-05-05T10:18:54.821Z,1777976334817,v1
0,low_risk,no_action,0,No action,2026-05-05T10:18:54.821Z,1777976334817,v1
0,low_risk,no_action,0,No action,2026-05-05T10:18:54.821Z,1777976334817,v1
0,low_risk,no_action,0,No action,2026-05-05T10:18:54.821Z,1777976334817,v1
0,low_risk,no_action,0,No action,2026-05-05T10:18:54.821Z,1777976334817,v1
0,low_risk,no_action,0,No action,2026-05-05T10:18:54.821Z,1777976334817,v1
0,low_risk,no_action,0,No action,2026-05-05T10:18:54.821Z,1777976334817,v1
0.99,high_risk,premium_retention_offer,68.8,Send premium retention offer,2026-05-05T10:18:54.821Z,1777976334817,v1
0,low_risk,no_action,0,No action,2026-05-05T10:18:54.821Z,1777976334817,v1
0,low_risk,no_action,0,No action,2026-05-05T10:18:54.821Z,1777976334817,v1
0,low_risk,no_action,0,No action,2026-05-05T10:18:54.821Z,1777976334817,v1
0,low_risk,no_action,0,No action,2026-05-05T10:18:54.821Z,1777976334817,v1
0,low_risk,no_action,0,No action,2026-05-05T10:18:54.821Z,1777976334817,v1
0,low_risk,no_action,0,No action,2026-05-05T10:18:54.821Z,1777976334817,v1
0,low_risk,no_action,0,No action,2026-05-05T10:18:54.821Z,1777976334817,v1
1,high_risk,premium_retention_offer,70,Send premium retention offer,2026-05-05T10:18:54.821Z,1777976334817,v1
0.01,low_risk,no_action,0,No action,2026-05-05T10:18:54.821Z,1777976334817,v1
0.99,high_risk,premium_retention_offer,68.8,Send premium retention offer,2026-05-05T10:18:54.821Z,1777976334817,v1
1,high_risk,premium_retention_offer,70,Send premium retention offer,2026-05-05T10:18:54.821Z,1777976334817,v1
0,low_risk,no_action,0,No action,2026-05-05T10:18:54.821Z,1777976334817,v1
0,low_risk,no_action,0,No action,2026-05-05T10:18:54.821Z,1777976334817,v1
0,low_risk,no_action,0,No action,2026-05-05T10:18:54.821Z,1777976334817,v1
0,low_risk,no_action,0,No action,2026-05-05T10:18:54.821Z,1777976334817,v1
1,high_risk,premium_retention_offer,70,Send premium retention offer,2026-05-05T10:18:54.821Z,1777976334817,v1
1,high_risk,premium_retention_offer,70,Send premium retention offer,2026-05-05T10:18:54.821Z,1777976334817,v1
0,low_risk,no_action,0,No action,2026-05-05T10:18:54.821Z,1777976334817,v1
1,high_risk,premium_retention_offer,70,Send premium retention offer,2026-05-05T10:18:54.821Z,1777976334817,v1
0,low_risk,no_action,0,No action,2026-05-05T10:18:54.822Z,1777976334817,v1
0,low_risk,no_action,0,No action,2026-05-05T10:18:54.822Z,1777976334817,v1
0,low_risk,no_action,0,No action,2026-05-05T10:18:54.822Z,1777976334817,v1
0,low_risk,no_action,0,No action,2026-05-05T10:18:54.822Z,1777976334817,v1
0,low_risk,no_action,0,No action,2026-05-05T10:18:54.822Z,1777976334817,v1
0,low_risk,no_action,0,No action,2026-05-05T10:18:54.822Z,1777976334817,v1
0,low_risk,no_action,0,No action,2026-05-05T10:18:54.822Z,1777976334817,v1
0,low_risk,no_action,0,No action,2026-05-05T10:18:54.822Z,1777976334817,v1
0.98,high_risk,premium_retention_offer,67.6,Send premium retention offer,2026-05-05T10:18:54.822Z,1777976334817,v1
0,low_risk,no_action,0,No action,2026-05-05T10:18:54.822Z,1777976334817,v1
0.99,high_risk,premium_retention_offer,68.8,Send premium retention offer,2026-05-05T10:18:54.822Z,1777976334817,v1
0,low_risk,no_action,0,No action,2026-05-05T10:18:54.822Z,1777976334817,v1
0.99,high_risk,premium_retention_offer,68.8,Send premium retention offer,2026-05-05T10:18:54.822Z,1777976334817,v1
0,low_risk,no_action,0,No action,2026-05-05T10:18:54.822Z,1777976334817,v1
0,low_risk,no_action,0,No action,2026-05-05T10:18:54.822Z,1777976334817,v1
0,low_risk,no_action,0,No action,2026-05-05T10:18:54.822Z,1777976334817,v1
0,low_risk,no_action,0,No action,2026-05-05T10:18:54.822Z,1777976334817,v1
0,low_risk,no_action,0,No action,2026-05-05T10:18:54.822Z,1777976334817,v1
0,low_risk,no_action,0,No action,2026-05-05T10:18:54.822Z,1777976334817,v1
0,low_risk,no_action,0,No action,2026-05-05T10:18:54.822Z,1777976334817,v1
0,low_risk,no_action,0,No action,2026-05-05T10:18:54.822Z,1777976334817,v1
0,low_risk,no_action,0,No action,2026-05-05T10:18:54.822Z,1777976334817,v1
0,low_risk,no_action,0,No action,2026-05-05T10:18:54.822Z,1777976334817,v1
0,low_risk,no_action,0,No action,2026-05-05T10:18:54.822Z,1777976334817,v1
0,low_risk,no_action,0,No action,2026-05-05T10:18:54.822Z,1777976334817,v1
0,low_risk,no_action,0,No action,2026-05-05T10:18:54.822Z,1777976334817,v1
0,low_risk,no_action,0,No action,2026-05-05T10:18:54.822Z,1777976334817,v1
1,high_risk,premium_retention_offer,70,Send premium retention offer,2026-05-05T10:18:54.822Z,1777976334817,v1
0.01,low_risk,no_action,0,No action,2026-05-05T10:18:54.822Z,1777976334817,v1
0,low_risk,no_action,0,No action,2026-05-05T10:18:54.822Z,1777976334817,v1
1,high_risk,premium_retention_offer,70,Send premium retention offer,2026-05-05T10:18:54.822Z,1777976334817,v1
0,low_risk,no_action,0,No action,2026-05-05T10:18:54.822Z,1777976334817,v1
0,low_risk,no_action,0,No action,2026-05-05T10:18:54.822Z,1777976334817,v1
0,low_risk,no_action,0,No action,2026-05-05T10:18:54.822Z,1777976334817,v1
0,low_risk,no_action,0,No action,2026-05-05T10:18:54.822Z,1777976334817,v1
1,high_risk,premium_retention_offer,70,Send premium retention offer,2026-05-05T10:18:54.822Z,1777976334817,v1
0,low_risk,no_action,0,No action,2026-05-05T10:18:54.822Z,1777976334817,v1
0,low_risk,no_action,0,No action,2026-05-05T10:18:54.822Z,1777976334817,v1
0,low_risk,no_action,0,No action,2026-05-05T10:18:54.822Z,1777976334817,v1
0,low_risk,no_action,0,No action,2026-05-05T10:18:54.822Z,1777976334817,v1
1,high_risk,premium_retention_offer,70,Send premium retention offer,2026-05-05T10:18:54.822Z,1777976334817,v1
0.99,high_risk,premium_retention_offer,68.8,Send premium retention offer,2026-05-05T10:18:54.822Z,1777976334817,v1
0,low_risk,no_action,0,No action,2026-05-05T10:18:54.822Z,1777976334817,v1
0,low_risk,no_action,0,No action,2026-05-05T10:18:54.822Z,1777976334817,v1
0,low_risk,no_action,0,No action,2026-05-05T10:18:54.822Z,1777976334817,v1
0,low_risk,no_action,0,No action,2026-05-05T10:18:54.822Z,1777976334817,v1
0,low_risk,no_action,0,No action,2026-05-05T10:18:54.822Z,1777976334817,v1
0,low_risk,no_action,0,No action,2026-05-05T10:18:54.822Z,1777976334817,v1
0,low_risk,no_action,0,No action,2026-05-05T10:18:54.822Z,1777976334817,v1
0,low_risk,no_action,0,No action,2026-05-05T10:18:54.822Z,1777976334817,v1
0,low_risk,no_action,0,No action,2026-05-05T10:18:54.822Z,1777976334817,v1
0,low_risk,no_action,0,No action,2026-05-05T10:18:54.822Z,1777976334817,v1
1,high_risk,premium_retention_offer,70,Send premium retention offer,2026-05-05T10:18:54.822Z,1777976334817,v1
1,high_risk,premium_retention_offer,70,Send premium retention offer,2026-05-05T10:18:54.822Z,1777976334817,v1
0,low_risk,no_action,0,No action,2026-05-05T10:18:54.822Z,1777976334817,v1
0,low_risk,no_action,0,No action,2026-05-05T10:18:54.822Z,1777976334817,v1
1,high_risk,premium_retention_offer,70,Send premium retention offer,2026-05-05T10:18:54.822Z,1777976334817,v1
0,low_risk,no_action,0,No action,2026-05-05T10:18:54.822Z,1777976334817,v1
0,low_risk,no_action,0,No action,2026-05-05T10:18:54.822Z,1777976334817,v1
0.99,high_risk,premium_retention_offer,68.8,Send premium retention offer,2026-05-05T10:18:54.822Z,1777976334817,v1
0,low_risk,no_action,0,No action,2026-05-05T10:18:54.822Z,1777976334817,v1
0,low_risk,no_action,0,No action,2026-05-05T10:18:54.822Z,1777976334817,v1
0,low_risk,no_action,0,No action,2026-05-05T10:18:54.822Z,1777976334817,v1
0,low_risk,no_action,0,No action,2026-05-05T10:18:54.822Z,1777976334817,v1
0,low_risk,no_action,0,No action,2026-05-05T10:18:54.822Z,1777976334817,v1
0.01,low_risk,no_action,0,No action,2026-05-05T10:18:54.822Z,1777976334817,v1
1,high_risk,premium_retention_offer,70,Send premium retention offer,2026-05-05T10:18:54.822Z,1777976334817,v1
0,low_risk,no_action,0,No action,2026-05-05T10:18:54.822Z,1777976334817,v1
0,low_risk,no_action,0,No action,2026-05-05T10:18:54.822Z,1777976334817,v1
0,low_risk,no_action,0,No action,2026-05-05T10:18:54.822Z,1777976334817,v1
0,low_risk,no_action,0,No action,2026-05-05T10:18:54.822Z,1777976334817,v1
1,high_risk,premium_retention_offer,70,Send premium retention offer,2026-05-05T10:18:54.822Z,1777976334817,v1
0,low_risk,no_action,0,No action,2026-05-05T10:18:54.822Z,1777976334817,v1
1,high_risk,premium_retention_offer,70,Send premium retention offer,2026-05-05T10:18:54.822Z,1777976334817,v1
0,low_risk,no_action,0,No action,2026-05-05T10:18:54.822Z,1777976334817,v1
0,low_risk,no_action,0,No action,2026-05-05T10:18:54.822Z,1777976334817,v1
0,low_risk,no_action,0,No action,2026-05-05T10:18:54.822Z,1777976334817,v1
0.98,high_risk,premium_retention_offer,67.6,Send premium retention offer,2026-05-05T10:18:54.822Z,1777976334817,v1
0,low_risk,no_action,0,No action,2026-05-05T10:18:54.822Z,1777976334817,v1
1,high_risk,premium_retention_offer,70,Send premium retention offer,2026-05-05T10:18:54.822Z,1777976334817,v1
0,low_risk,no_action,0,No action,2026-05-05T10:18:54.822Z,1777976334817,v1
0.99,high_risk,premium_retention_offer,68.8,Send premium retention offer,2026-05-05T10:18:54.822Z,1777976334817,v1
0,low_risk,no_action,0,No action,2026-05-05T10:18:54.822Z,1777976334817,v1
1,high_risk,premium_retention_offer,70,Send premium retention offer,2026-05-05T10:18:54.822Z,1777976334817,v1
0,low_risk,no_action,0,No action,2026-05-05T10:18:54.822Z,1777976334817,v1
0,low_risk,no_action,0,No action,2026-05-05T10:18:54.822Z,1777976334817,v1
0,low_risk,no_action,0,No action,2026-05-05T10:18:54.822Z,1777976334817,v1
1,high_risk,premium_retention_offer,70,Send premium retention offer,2026-05-05T10:18:54.822Z,1777976334817,v1
0,low_risk,no_action,0,No action,2026-05-05T10:18:54.822Z,1777976334817,v1
0,low_risk,no_action,0,No action,2026-05-05T10:18:54.822Z,1777976334817,v1
1,high_risk,premium_retention_offer,70,Send premium retention offer,2026-05-05T10:18:54.822Z,1777976334817,v1
0,low_risk,no_action,0,No action,2026-05-05T10:18:54.822Z,1777976334817,v1
0,low_risk,no_action,0,No action,2026-05-05T10:18:54.822Z,1777976334817,v1
0,low_risk,no_action,0,No action,2026-05-05T10:18:54.822Z,1777976334817,v1
0,low_risk,no_action,0,No action,2026-05-05T10:18:54.822Z,1777976334817,v1
1,high_risk,premium_retention_offer,70,Send premium retention offer,2026-05-05T10:18:54.822Z,1777976334817,v1
0,low_risk,no_action,0,No action,2026-05-05T10:18:54.822Z,1777976334817,v1
0,low_risk,no_action,0,No action,2026-05-05T10:18:54.822Z,1777976334817,v1
0,low_risk,no_action,0,No action,2026-05-05T10:18:54.822Z,1777976334817,v1
0,low_risk,no_action,0,No action,2026-05-05T10:18:54.822Z,1777976334817,v1
0,low_risk,no_action,0,No action,2026-05-05T10:18:54.822Z,1777976334817,v1
0.99,high_risk,premium_retention_offer,68.8,Send premium retention offer,2026-05-05T10:18:54.822Z,1777976334817,v1
0,low_risk,no_action,0,No action,2026-05-05T10:18:54.822Z,1777976334817,v1
0,low_risk,no_action,0,No action,2026-05-05T10:18:54.822Z,1777976334817,v1
0,low_risk,no_action,0,No action,2026-05-05T10:18:54.822Z,1777976334817,v1
0,low_risk,no_action,0,No action,2026-05-05T10:18:54.822Z,1777976334817,v1
0.01,low_risk,no_action,0,No action,2026-05-05T10:18:54.822Z,1777976334817,v1
0.03,low_risk,no_action,0,No action,2026-05-05T10:18:54.822Z,1777976334817,v1
0,low_risk,no_action,0,No action,2026-05-05T10:18:54.822Z,1777976334817,v1
0.99,high_risk,premium_retention_offer,68.8,Send premium retention offer,2026-05-05T10:18:54.822Z,1777976334817,v1
0,low_risk,no_action,0,No action,2026-05-05T10:18:54.822Z,1777976334817,v1
0.01,low_risk,no_action,0,No action,2026-05-05T10:18:54.822Z,1777976334817,v1
0,low_risk,no_action,0,No action,2026-05-05T10:18:54.822Z,1777976334817,v1
0.99,high_risk,premium_retention_offer,68.8,Send premium retention offer,2026-05-05T10:18:54.822Z,1777976334817,v1
0,low_risk,no_action,0,No action,2026-05-05T10:18:54.822Z,1777976334817,v1
0,low_risk,no_action,0,No action,2026-05-05T10:18:54.822Z,1777976334817,v1
0,low_risk,no_action,0,No action,2026-05-05T10:18:54.822Z,1777976334817,v1
0,low_risk,no_action,0,No action,2026-05-05T10:18:54.822Z,1777976334817,v1
1,high_risk,premium_retention_offer,70,Send premium retention offer,2026-05-05T10:18:54.822Z,1777976334817,v1
0,low_risk,no_action,0,No action,2026-05-05T10:18:54.822Z,1777976334817,v1
0,low_risk,no_action,0,No action,2026-05-05T10:18:54.822Z,1777976334817,v1
0.98,high_risk,premium_retention_offer,67.6,Send premium retention offer,2026-05-05T10:18:54.822Z,1777976334817,v1
0,low_risk,no_action,0,No action,2026-05-05T10:18:54.822Z,1777976334817,v1
1,high_risk,premium_retention_offer,70,Send premium retention offer,2026-05-05T10:18:54.822Z,1777976334817,v1
0,low_risk,no_action,0,No action,2026-05-05T10:18:54.822Z,1777976334817,v1
0.01,low_risk,no_action,0,No action,2026-05-05T10:18:54.822Z,1777976334817,v1
0,low_risk,no_action,0,No action,2026-05-05T10:18:54.822Z,1777976334817,v1
1,high_risk,premium_retention_offer,70,Send premium retention offer,2026-05-05T10:18:54.822Z,1777976334817,v1
0,low_risk,no_action,0,No action,2026-05-05T10:18:54.822Z,1777976334817,v1
0,low_risk,no_action,0,No action,2026-05-05T10:18:54.822Z,1777976334817,v1
0.01,low_risk,no_action,0,No action,2026-05-05T10:18:54.822Z,1777976334817,v1
0,low_risk,no_action,0,No action,2026-05-05T10:18:54.822Z,1777976334817,v1
0,low_risk,no_action,0,No action,2026-05-05T10:18:54.822Z,1777976334817,v1
0.01,low_risk,no_action,0,No action,2026-05-05T10:18:54.822Z,1777976334817,v1
0,low_risk,no_action,0,No action,2026-05-05T10:18:54.822Z,1777976334817,v1
0.98,high_risk,premium_retention_offer,67.6,Send premium retention offer,2026-05-05T10:18:54.822Z,1777976334817,v1
0,low_risk,no_action,0,No action,2026-05-05T10:18:54.822Z,1777976334817,v1
0,low_risk,no_action,0,No action,2026-05-05T10:18:54.822Z,1777976334817,v1
1,high_risk,premium_retention_offer,70,Send premium retention offer,2026-05-05T10:18:54.822Z,1777976334817,v1
0,low_risk,no_action,0,No action,2026-05-05T10:18:54.822Z,1777976334817,v1
0,low_risk,no_action,0,No action,2026-05-05T10:18:54.822Z,1777976334817,v1
0,low_risk,no_action,0,No action,2026-05-05T10:18:54.822Z,1777976334817,v1
1,high_risk,premium_retention_offer,70,Send premium retention offer,2026-05-05T10:18:54.822Z,1777976334817,v1
0,low_risk,no_action,0,No action,2026-05-05T10:18:54.822Z,1777976334817,v1
0.89,high_risk,premium_retention_offer,56.8,Send premium retention offer,2026-05-05T10:18:54.822Z,1777976334817,v1
0,low_risk,no_action,0,No action,2026-05-05T10:18:54.822Z,1777976334817,v1
0,low_risk,no_action,0,No action,2026-05-05T10:18:54.822Z,1777976334817,v1
0,low_risk,no_action,0,No action,2026-05-05T10:18:54.822Z,1777976334817,v1
0,low_risk,no_action,0,No action,2026-05-05T10:18:54.822Z,1777976334817,v1
0,low_risk,no_action,0,No action,2026-05-05T10:18:54.822Z,1777976334817,v1
0,low_risk,no_action,0,No action,2026-05-05T10:18:54.822Z,1777976334817,v1
0,low_risk,no_action,0,No action,2026-05-05T10:18:54.822Z,1777976334817,v1
1,high_risk,premium_retention_offer,70,Send premium retention offer,2026-05-05T10:18:54.822Z,1777976334817,v1
0,low_risk,no_action,0,No action,2026-05-05T10:18:54.822Z,1777976334817,v1
1,high_risk,premium_retention_offer,70,Send premium retention offer,2026-05-05T10:18:54.822Z,1777976334817,v1
1,high_risk,premium_retention_offer,70,Send premium retention offer,2026-05-05T10:18:54.822Z,1777976334817,v1
0.97,high_risk,premium_retention_offer,66.4,Send premium retention offer,2026-05-05T10:18:54.822Z,1777976334817,v1
1,high_risk,premium_retention_offer,70,Send premium retention offer,2026-05-05T10:18:54.822Z,1777976334817,v1
0,low_risk,no_action,0,No action,2026-05-05T10:18:54.822Z,1777976334817,v1
0,low_risk,no_action,0,No action,2026-05-05T10:18:54.822Z,1777976334817,v1
0,low_risk,no_action,0,No action,2026-05-05T10:18:54.822Z,1777976334817,v1
0,low_risk,no_action,0,No action,2026-05-05T10:18:54.822Z,1777976334817,v1
0,low_risk,no_action,0,No action,2026-05-05T10:18:54.822Z,1777976334817,v1
0,low_risk,no_action,0,No action,2026-05-05T10:18:54.822Z,1777976334817,v1
0,low_risk,no_action,0,No action,2026-05-05T10:18:54.822Z,1777976334817,v1
0,low_risk,no_action,0,No action,2026-05-05T10:18:54.822Z,1777976334817,v1
0,low_risk,no_action,0,No action,2026-05-05T10:18:54.822Z,1777976334817,v1
0,low_risk,no_action,0,No action,2026-05-05T10:18:54.822Z,1777976334817,v1
0,low_risk,no_action,0,No action,2026-05-05T10:18:54.822Z,1777976334817,v1
0,low_risk,no_action,0,No action,2026-05-05T10:18:54.822Z,1777976334817,v1
0,low_risk,no_action,0,No action,2026-05-05T10:18:54.822Z,1777976334817,v1
1,high_risk,premium_retention_offer,70,Send premium retention offer,2026-05-05T10:18:54.822Z,1777976334817,v1
0.01,low_risk,no_action,0,No action,2026-05-05T10:18:54.822Z,1777976334817,v1
0,low_risk,no_action,0,No action,2026-05-05T10:18:54.822Z,1777976334817,v1
0,low_risk,no_action,0,No action,2026-05-05T10:18:54.822Z,1777976334817,v1
0,low_risk,no_action,0,No action,2026-05-05T10:18:54.822Z,1777976334817,v1
0,low_risk,no_action,0,No action,2026-05-05T10:18:54.822Z,1777976334817,v1
0,low_risk,no_action,0,No action,2026-05-05T10:18:54.822Z,1777976334817,v1
0,low_risk,no_action,0,No action,2026-05-05T10:18:54.822Z,1777976334817,v1
0,low_risk,no_action,0,No action,2026-05-05T10:18:54.822Z,1777976334817,v1
0,low_risk,no_action,0,No action,2026-05-05T10:18:54.822Z,1777976334817,v1
0,low_risk,no_action,0,No action,2026-05-05T10:18:54.822Z,1777976334817,v1
0,low_risk,no_action,0,No action,2026-05-05T10:18:54.822Z,1777976334817,v1
0,low_risk,no_action,0,No action,2026-05-05T10:18:54.822Z,1777976334817,v1
1,high_risk,premium_retention_offer,70,Send premium retention offer,2026-05-05T10:18:54.822Z,1777976334817,v1
0,low_risk,no_action,0,No action,2026-05-05T10:18:54.822Z,1777976334817,v1
0,low_risk,no_action,0,No action,2026-05-05T10:18:54.822Z,1777976334817,v1
0.01,low_risk,no_action,0,No action,2026-05-05T10:18:54.822Z,1777976334817,v1
0,low_risk,no_action,0,No action,2026-05-05T10:18:54.822Z,1777976334817,v1
1,high_risk,premium_retention_offer,70,Send premium retention offer,2026-05-05T10:18:54.822Z,1777976334817,v1
0,low_risk,no_action,0,No action,2026-05-05T10:18:54.822Z,1777976334817,v1
0,low_risk,no_action,0,No action,2026-05-05T10:18:54.822Z,1777976334817,v1
0,low_risk,no_action,0,No action,2026-05-05T10:18:54.822Z,1777976334817,v1
1,high_risk,premium_retention_offer,70,Send premium retention offer,2026-05-05T10:18:54.822Z,1777976334817,v1
1,high_risk,premium_retention_offer,70,Send premium retention offer,2026-05-05T10:18:54.822Z,1777976334817,v1
0,low_risk,no_action,0,No action,2026-05-05T10:18:54.822Z,1777976334817,v1
0,low_risk,no_action,0,No action,2026-05-05T10:18:54.822Z,1777976334817,v1
0,low_risk,no_action,0,No action,2026-05-05T10:18:54.822Z,1777976334817,v1
1,high_risk,premium_retention_offer,70,Send premium retention offer,2026-05-05T10:18:54.822Z,1777976334817,v1
1,high_risk,premium_retention_offer,70,Send premium retention offer,2026-05-05T10:18:54.822Z,1777976334817,v1
0,low_risk,no_action,0,No action,2026-05-05T10:18:54.822Z,1777976334817,v1
0,low_risk,no_action,0,No action,2026-05-05T10:18:54.822Z,1777976334817,v1
0,low_risk,no_action,0,No action,2026-05-05T10:18:54.822Z,1777976334817,v1
0,low_risk,no_action,0,No action,2026-05-05T10:18:54.822Z,1777976334817,v1
0,low_risk,no_action,0,No action,2026-05-05T10:18:54.822Z,1777976334817,v1
0,low_risk,no_action,0,No action,2026-05-05T10:18:54.822Z,1777976334817,v1
0,low_risk,no_action,0,No action,2026-05-05T10:18:54.822Z,1777976334817,v1
0,low_risk,no_action,0,No action,2026-05-05T10:18:54.822Z,1777976334817,v1
0,low_risk,no_action,0,No action,2026-05-05T10:18:54.822Z,1777976334817,v1
0,low_risk,no_action,0,No action,2026-05-05T10:18:54.822Z,1777976334817,v1
0,low_risk,no_action,0,No action,2026-05-05T10:18:54.822Z,1777976334817,v1
1,high_risk,premium_retention_offer,70,Send premium retention offer,2026-05-05T10:18:54.822Z,1777976334817,v1
0,low_risk,no_action,0,No action,2026-05-05T10:18:54.822Z,1777976334817,v1
0.04,low_risk,no_action,0,No action,2026-05-05T10:18:54.822Z,1777976334817,v1
0,low_risk,no_action,0,No action,2026-05-05T10:18:54.822Z,1777976334817,v1
0,low_risk,no_action,0,No action,2026-05-05T10:18:54.822Z,1777976334817,v1
0.99,high_risk,premium_retention_offer,68.8,Send premium retention offer,2026-05-05T10:18:54.822Z,1777976334817,v1
0,low_risk,no_action,0,No action,2026-05-05T10:18:54.822Z,1777976334817,v1
0,low_risk,no_action,0,No action,2026-05-05T10:18:54.822Z,1777976334817,v1
0,low_risk,no_action,0,No action,2026-05-05T10:18:54.822Z,1777976334817,v1
0,low_risk,no_action,0,No action,2026-05-05T10:18:54.822Z,1777976334817,v1
0,low_risk,no_action,0,No action,2026-05-05T10:18:54.822Z,1777976334817,v1
0,low_risk,no_action,0,No action,2026-05-05T10:18:54.822Z,1777976334817,v1
0,low_risk,no_action,0,No action,2026-05-05T10:18:54.822Z,1777976334817,v1
1,high_risk,premium_retention_offer,70,Send premium retention offer,2026-05-05T10:18:54.822Z,1777976334817,v1
0,low_risk,no_action,0,No action,2026-05-05T10:18:54.822Z,1777976334817,v1
0,low_risk,no_action,0,No action,2026-05-05T10:18:54.822Z,1777976334817,v1
0,low_risk,no_action,0,No action,2026-05-05T10:18:54.822Z,1777976334817,v1
0,low_risk,no_action,0,No action,2026-05-05T10:18:54.822Z,1777976334817,v1
0,low_risk,no_action,0,No action,2026-05-05T10:18:54.822Z,1777976334817,v1
0,low_risk,no_action,0,No action,2026-05-05T10:18:54.822Z,1777976334817,v1
0,low_risk,no_action,0,No action,2026-05-05T10:18:54.822Z,1777976334817,v1
0,low_risk,no_action,0,No action,2026-05-05T10:18:54.822Z,1777976334817,v1
0,low_risk,no_action,0,No action,2026-05-05T10:18:54.822Z,1777976334817,v1
0,low_risk,no_action,0,No action,2026-05-05T10:18:54.822Z,1777976334817,v1
0,low_risk,no_action,0,No action,2026-05-05T10:18:54.822Z,1777976334817,v1
0,low_risk,no_action,0,No action,2026-05-05T10:18:54.822Z,1777976334817,v1
0.97,high_risk,premium_retention_offer,66.4,Send premium retention offer,2026-05-05T10:18:54.822Z,1777976334817,v1
1,high_risk,premium_retention_offer,70,Send premium retention offer,2026-05-05T10:18:54.822Z,1777976334817,v1
1,high_risk,premium_retention_offer,70,Send premium retention offer,2026-05-05T10:18:54.822Z,1777976334817,v1
0.99,high_risk,premium_retention_offer,68.8,Send premium retention offer,2026-05-05T10:18:54.822Z,1777976334817,v1
0,low_risk,no_action,0,No action,2026-05-05T10:18:54.822Z,1777976334817,v1
0.99,high_risk,premium_retention_offer,68.8,Send premium retention offer,2026-05-05T10:18:54.822Z,1777976334817,v1
0,low_risk,no_action,0,No action,2026-05-05T10:18:54.822Z,1777976334817,v1
1,high_risk,premium_retention_offer,70,Send premium retention offer,2026-05-05T10:18:54.822Z,1777976334817,v1
0,low_risk,no_action,0,No action,2026-05-05T10:18:54.822Z,1777976334817,v1
0.97,high_risk,premium_retention_offer,66.4,Send premium retention offer,2026-05-05T10:18:54.822Z,1777976334817,v1
0,low_risk,no_action,0,No action,2026-05-05T10:18:54.822Z,1777976334817,v1
1,high_risk,premium_retention_offer,70,Send premium retention offer,2026-05-05T10:18:54.822Z,1777976334817,v1
0,low_risk,no_action,0,No action,2026-05-05T10:18:54.822Z,1777976334817,v1
0,low_risk,no_action,0,No action,2026-05-05T10:18:54.822Z,1777976334817,v1
0,low_risk,no_action,0,No action,2026-05-05T10:18:54.822Z,1777976334817,v1
0,low_risk,no_action,0,No action,2026-05-05T10:18:54.822Z,1777976334817,v1
0,low_risk,no_action,0,No action,2026-05-05T10:18:54.822Z,1777976334817,v1
0,low_risk,no_action,0,No action,2026-05-05T10:18:54.822Z,1777976334817,v1
0,low_risk,no_action,0,No action,2026-05-05T10:18:54.822Z,1777976334817,v1
0.01,low_risk,no_action,0,No action,2026-05-05T10:18:54.822Z,1777976334817,v1
0,low_risk,no_action,0,No action,2026-05-05T10:18:54.822Z,1777976334817,v1
0,low_risk,no_action,0,No action,2026-05-05T10:18:54.822Z,1777976334817,v1
0.01,low_risk,no_action,0,No action,2026-05-05T10:18:54.822Z,1777976334817,v1
0,low_risk,no_action,0,No action,2026-05-05T10:18:54.822Z,1777976334817,v1
0,low_risk,no_action,0,No action,2026-05-05T10:18:54.822Z,1777976334817,v1
0,low_risk,no_action,0,No action,2026-05-05T10:18:54.822Z,1777976334817,v1
0,low_risk,no_action,0,No action,2026-05-05T10:18:54.822Z,1777976334817,v1
0.01,low_risk,no_action,0,No action,2026-05-05T10:18:54.822Z,1777976334817,v1
1,high_risk,premium_retention_offer,70,Send premium retention offer,2026-05-05T10:18:54.822Z,1777976334817,v1
0,low_risk,no_action,0,No action,2026-05-05T10:18:54.822Z,1777976334817,v1
0,low_risk,no_action,0,No action,2026-05-05T10:18:54.822Z,1777976334817,v1
0,low_risk,no_action,0,No action,2026-05-05T10:18:54.822Z,1777976334817,v1
1,high_risk,premium_retention_offer,70,Send premium retention offer,2026-05-05T10:18:54.822Z,1777976334817,v1
0,low_risk,no_action,0,No action,2026-05-05T10:18:54.822Z,1777976334817,v1
1,high_risk,premium_retention_offer,70,Send premium retention offer,2026-05-05T10:18:54.822Z,1777976334817,v1
0,low_risk,no_action,0,No action,2026-05-05T10:18:54.822Z,1777976334817,v1
0.99,high_risk,premium_retention_offer,68.8,Send premium retention offer,2026-05-05T10:18:54.822Z,1777976334817,v1
0,low_risk,no_action,0,No action,2026-05-05T10:18:54.822Z,1777976334817,v1
1,high_risk,premium_retention_offer,70,Send premium retention offer,2026-05-05T10:18:54.822Z,1777976334817,v1
0,low_risk,no_action,0,No action,2026-05-05T10:18:54.822Z,1777976334817,v1
1,high_risk,premium_retention_offer,70,Send premium retention offer,2026-05-05T10:18:54.822Z,1777976334817,v1
0,low_risk,no_action,0,No action,2026-05-05T10:18:54.822Z,1777976334817,v1
1,high_risk,premium_retention_offer,70,Send premium retention offer,2026-05-05T10:18:54.822Z,1777976334817,v1
0,low_risk,no_action,0,No action,2026-05-05T10:18:54.822Z,1777976334817,v1
0,low_risk,no_action,0,No action,2026-05-05T10:18:54.822Z,1777976334817,v1
0,low_risk,no_action,0,No action,2026-05-05T10:18:54.822Z,1777976334817,v1
0,low_risk,no_action,0,No action,2026-05-05T10:18:54.822Z,1777976334817,v1
0,low_risk,no_action,0,No action,2026-05-05T10:18:54.822Z,1777976334817,v1
0,low_risk,no_action,0,No action,2026-05-05T10:18:54.822Z,1777976334817,v1
0,low_risk,no_action,0,No action,2026-05-05T10:18:54.822Z,1777976334817,v1
0,low_risk,no_action,0,No action,2026-05-05T10:18:54.822Z,1777976334817,v1
1,high_risk,premium_retention_offer,70,Send premium retention offer,2026-05-05T10:18:54.822Z,1777976334817,v1
0.01,low_risk,no_action,0,No action,2026-05-05T10:18:54.822Z,1777976334817,v1
0,low_risk,no_action,0,No action,2026-05-05T10:18:54.822Z,1777976334817,v1
0,low_risk,no_action,0,No action,2026-05-05T10:18:54.822Z,1777976334817,v1
0.99,high_risk,premium_retention_offer,68.8,Send premium retention offer,2026-05-05T10:18:54.822Z,1777976334817,v1
0,low_risk,no_action,0,No action,2026-05-05T10:18:54.822Z,1777976334817,v1
0,low_risk,no_action,0,No action,2026-05-05T10:18:54.822Z,1777976334817,v1
0,low_risk,no_action,0,No action,2026-05-05T10:18:54.822Z,1777976334817,v1
1,high_risk,premium_retention_offer,70,Send premium retention offer,2026-05-05T10:18:54.822Z,1777976334817,v1
0,low_risk,no_action,0,No action,2026-05-05T10:18:54.822Z,1777976334817,v1
1,high_risk,premium_retention_offer,70,Send premium retention offer,2026-05-05T10:18:54.822Z,1777976334817,v1
1,high_risk,premium_retention_offer,70,Send premium retention offer,2026-05-05T10:18:54.822Z,1777976334817,v1
0,low_risk,no_action,0,No action,2026-05-05T10:18:54.822Z,1777976334817,v1
0,low_risk,no_action,0,No action,2026-05-05T10:18:54.822Z,1777976334817,v1
0.01,low_risk,no_action,0,No action,2026-05-05T10:18:54.822Z,1777976334817,v1
0,low_risk,no_action,0,No action,2026-05-05T10:18:54.822Z,1777976334817,v1
0,low_risk,no_action,0,No action,2026-05-05T10:18:54.822Z,1777976334817,v1
0,low_risk,no_action,0,No action,2026-05-05T10:18:54.822Z,1777976334817,v1
0.01,low_risk,no_action,0,No action,2026-05-05T10:18:54.822Z,1777976334817,v1
0,low_risk,no_action,0,No action,2026-05-05T10:18:54.822Z,1777976334817,v1
0,low_risk,no_action,0,No action,2026-05-05T10:18:54.822Z,1777976334817,v1
0,low_risk,no_action,0,No action,2026-05-05T10:18:54.822Z,1777976334817,v1
0,low_risk,no_action,0,No action,2026-05-05T10:18:54.822Z,1777976334817,v1
0,low_risk,no_action,0,No action,2026-05-05T10:18:54.822Z,1777976334817,v1
1,high_risk,premium_retention_offer,70,Send premium retention offer,2026-05-05T10:18:54.822Z,1777976334817,v1
0,low_risk,no_action,0,No action,2026-05-05T10:18:54.822Z,1777976334817,v1
0,low_risk,no_action,0,No action,2026-05-05T10:18:54.822Z,1777976334817,v1
1,high_risk,premium_retention_offer,70,Send premium retention offer,2026-05-05T10:18:54.822Z,1777976334817,v1
0,low_risk,no_action,0,No action,2026-05-05T10:18:54.822Z,1777976334817,v1
0,low_risk,no_action,0,No action,2026-05-05T10:18:54.822Z,1777976334817,v1
0,low_risk,no_action,0,No action,2026-05-05T10:18:54.822Z,1777976334817,v1
1,high_risk,premium_retention_offer,70,Send premium retention offer,2026-05-05T10:18:54.822Z,1777976334817,v1
0,low_risk,no_action,0,No action,2026-05-05T10:18:54.822Z,1777976334817,v1
0,low_risk,no_action,0,No action,2026-05-05T10:18:54.822Z,1777976334817,v1
0,low_risk,no_action,0,No action,2026-05-05T10:18:54.822Z,1777976334817,v1
0,low_risk,no_action,0,No action,2026-05-05T10:18:54.822Z,1777976334817,v1
0.01,low_risk,no_action,0,No action,2026-05-05T10:18:54.822Z,1777976334817,v1
0,low_risk,no_action,0,No action,2026-05-05T10:18:54.822Z,1777976334817,v1
0,low_risk,no_action,0,No action,2026-05-05T10:18:54.822Z,1777976334817,v1
0,low_risk,no_action,0,No action,2026-05-05T10:18:54.822Z,1777976334817,v1
0,low_risk,no_action,0,No action,2026-05-05T10:18:54.822Z,1777976334817,v1
0,low_risk,no_action,0,No action,2026-05-05T10:18:54.822Z,1777976334817,v1
0,low_risk,no_action,0,No action,2026-05-05T10:18:54.822Z,1777976334817,v1
0,low_risk,no_action,0,No action,2026-05-05T10:18:54.822Z,1777976334817,v1
0,low_risk,no_action,0,No action,2026-05-05T10:18:54.822Z,1777976334817,v1
0,low_risk,no_action,0,No action,2026-05-05T10:18:54.822Z,1777976334817,v1
0,low_risk,no_action,0,No action,2026-05-05T10:18:54.822Z,1777976334817,v1
0,low_risk,no_action,0,No action,2026-05-05T10:18:54.822Z,1777976334817,v1
0,low_risk,no_action,0,No action,2026-05-05T10:18:54.822Z,1777976334817,v1
0.01,low_risk,no_action,0,No action,2026-05-05T10:18:54.822Z,1777976334817,v1
0.99,high_risk,premium_retention_offer,68.8,Send premium retention offer,2026-05-05T10:18:54.822Z,1777976334817,v1
0.98,high_risk,premium_retention_offer,67.6,Send premium retention offer,2026-05-05T10:18:54.822Z,1777976334817,v1
0,low_risk,no_action,0,No action,2026-05-05T10:18:54.822Z,1777976334817,v1
0,low_risk,no_action,0,No action,2026-05-05T10:18:54.822Z,1777976334817,v1
0,low_risk,no_action,0,No action,2026-05-05T10:18:54.822Z,1777976334817,v1
1,high_risk,premium_retention_offer,70,Send premium retention offer,2026-05-05T10:18:54.822Z,1777976334817,v1
0,low_risk,no_action,0,No action,2026-05-05T10:18:54.822Z,1777976334817,v1
0,low_risk,no_action,0,No action,2026-05-05T10:18:54.822Z,1777976334817,v1
0,low_risk,no_action,0,No action,2026-05-05T10:18:54.822Z,1777976334817,v1
1,high_risk,premium_retention_offer,70,Send premium retention offer,2026-05-05T10:18:54.822Z,1777976334817,v1
0,low_risk,no_action,0,No action,2026-05-05T10:18:54.822Z,1777976334817,v1
1,high_risk,premium_retention_offer,70,Send premium retention offer,2026-05-05T10:18:54.822Z,1777976334817,v1
1,high_risk,premium_retention_offer,70,Send premium retention offer,2026-05-05T10:18:54.822Z,1777976334817,v1
0,low_risk,no_action,0,No action,2026-05-05T10:18:54.822Z,1777976334817,v1
1,high_risk,premium_retention_offer,70,Send premium retention offer,2026-05-05T10:18:54.822Z,1777976334817,v1
0.99,high_risk,premium_retention_offer,68.8,Send premium retention offer,2026-05-05T10:18:54.822Z,1777976334817,v1
1,high_risk,premium_retention_offer,70,Send premium retention offer,2026-05-05T10:18:54.822Z,1777976334817,v1
1,high_risk,premium_retention_offer,70,Send premium retention offer,2026-05-05T10:18:54.822Z,1777976334817,v1
0.02,low_risk,no_action,0,No action,2026-05-05T10:18:54.822Z,1777976334817,v1
0,low_risk,no_action,0,No action,2026-05-05T10:18:54.822Z,1777976334817,v1
0.99,high_risk,premium_retention_offer,68.8,Send premium retention offer,2026-05-05T10:18:54.822Z,1777976334817,v1
0,low_risk,no_action,0,No action,2026-05-05T10:18:54.822Z,1777976334817,v1
0,low_risk,no_action,0,No action,2026-05-05T10:18:54.822Z,1777976334817,v1
0.01,low_risk,no_action,0,No action,2026-05-05T10:18:54.822Z,1777976334817,v1
0,low_risk,no_action,0,No action,2026-05-05T10:18:54.822Z,1777976334817,v1
0,low_risk,no_action,0,No action,2026-05-05T10:18:54.822Z,1777976334817,v1
0.01,low_risk,no_action,0,No action,2026-05-05T10:18:54.822Z,1777976334817,v1
1,high_risk,premium_retention_offer,70,Send premium retention offer,2026-05-05T10:18:54.822Z,1777976334817,v1
0,low_risk,no_action,0,No action,2026-05-05T10:18:54.822Z,1777976334817,v1
0,low_risk,no_action,0,No action,2026-05-05T10:18:54.822Z,1777976334817,v1
0,low_risk,no_action,0,No action,2026-05-05T10:18:54.822Z,1777976334817,v1
0,low_risk,no_action,0,No action,2026-05-05T10:18:54.822Z,1777976334817,v1
0.99,high_risk,premium_retention_offer,68.8,Send premium retention offer,2026-05-05T10:18:54.822Z,1777976334817,v1
0,low_risk,no_action,0,No action,2026-05-05T10:18:54.822Z,1777976334817,v1
1,high_risk,premium_retention_offer,70,Send premium retention offer,2026-05-05T10:18:54.822Z,1777976334817,v1
0,low_risk,no_action,0,No action,2026-05-05T10:18:54.822Z,1777976334817,v1
0,low_risk,no_action,0,No action,2026-05-05T10:18:54.822Z,1777976334817,v1
0.98,high_risk,premium_retention_offer,67.6,Send premium retention offer,2026-05-05T10:18:54.822Z,1777976334817,v1
0,low_risk,no_action,0,No action,2026-05-05T10:18:54.822Z,1777976334817,v1
0,low_risk,no_action,0,No action,2026-05-05T10:18:54.822Z,1777976334817,v1
0,low_risk,no_action,0,No action,2026-05-05T10:18:54.822Z,1777976334817,v1
0,low_risk,no_action,0,No action,2026-05-05T10:18:54.822Z,1777976334817,v1
0,low_risk,no_action,0,No action,2026-05-05T10:18:54.822Z,1777976334817,v1
0,low_risk,no_action,0,No action,2026-05-05T10:18:54.822Z,1777976334817,v1
0,low_risk,no_action,0,No action,2026-05-05T10:18:54.822Z,1777976334817,v1
0,low_risk,no_action,0,No action,2026-05-05T10:18:54.822Z,1777976334817,v1
0.99,high_risk,premium_retention_offer,68.8,Send premium retention offer,2026-05-05T10:18:54.822Z,1777976334817,v1
0,low_risk,no_action,0,No action,2026-05-05T10:18:54.822Z,1777976334817,v1
0.01,low_risk,no_action,0,No action,2026-05-05T10:18:54.822Z,1777976334817,v1
0,low_risk,no_action,0,No action,2026-05-05T10:18:54.822Z,1777976334817,v1
0,low_risk,no_action,0,No action,2026-05-05T10:18:54.822Z,1777976334817,v1
0,low_risk,no_action,0,No action,2026-05-05T10:18:54.822Z,1777976334817,v1
0,low_risk,no_action,0,No action,2026-05-05T10:18:54.822Z,1777976334817,v1
0.98,high_risk,premium_retention_offer,67.6,Send premium retention offer,2026-05-05T10:18:54.822Z,1777976334817,v1
0,low_risk,no_action,0,No action,2026-05-05T10:18:54.822Z,1777976334817,v1
0,low_risk,no_action,0,No action,2026-05-05T10:18:54.822Z,1777976334817,v1
0,low_risk,no_action,0,No action,2026-05-05T10:18:54.822Z,1777976334817,v1
0.01,low_risk,no_action,0,No action,2026-05-05T10:18:54.822Z,1777976334817,v1
1,high_risk,premium_retention_offer,70,Send premium retention offer,2026-05-05T10:18:54.822Z,1777976334817,v1
0,low_risk,no_action,0,No action,2026-05-05T10:18:54.822Z,1777976334817,v1
1,high_risk,premium_retention_offer,70,Send premium retention offer,2026-05-05T10:18:54.822Z,1777976334817,v1
0,low_risk,no_action,0,No action,2026-05-05T10:18:54.822Z,1777976334817,v1
0,low_risk,no_action,0,No action,2026-05-05T10:18:54.822Z,1777976334817,v1
0,low_risk,no_action,0,No action,2026-05-05T10:18:54.822Z,1777976334817,v1
0,low_risk,no_action,0,No action,2026-05-05T10:18:54.822Z,1777976334817,v1
0,low_risk,no_action,0,No action,2026-05-05T10:18:54.822Z,1777976334817,v1
0,low_risk,no_action,0,No action,2026-05-05T10:18:54.822Z,1777976334817,v1
0,low_risk,no_action,0,No action,2026-05-05T10:18:54.822Z,1777976334817,v1
0,low_risk,no_action,0,No action,2026-05-05T10:18:54.822Z,1777976334817,v1
1,high_risk,premium_retention_offer,70,Send premium retention offer,2026-05-05T10:18:54.822Z,1777976334817,v1
0,low_risk,no_action,0,No action,2026-05-05T10:18:54.822Z,1777976334817,v1
0,low_risk,no_action,0,No action,2026-05-05T10:18:54.822Z,1777976334817,v1
1,high_risk,premium_retention_offer,70,Send premium retention offer,2026-05-05T10:18:54.822Z,1777976334817,v1
0,low_risk,no_action,0,No action,2026-05-05T10:18:54.822Z,1777976334817,v1
0,low_risk,no_action,0,No action,2026-05-05T10:18:54.822Z,1777976334817,v1
0,low_risk,no_action,0,No action,2026-05-05T10:18:54.822Z,1777976334817,v1
0,low_risk,no_action,0,No action,2026-05-05T10:18:54.822Z,1777976334817,v1
0,low_risk,no_action,0,No action,2026-05-05T10:18:54.822Z,1777976334817,v1
0,low_risk,no_action,0,No action,2026-05-05T10:18:54.822Z,1777976334817,v1
1,high_risk,premium_retention_offer,70,Send premium retention offer,2026-05-05T10:18:54.822Z,1777976334817,v1
0,low_risk,no_action,0,No action,2026-05-05T10:18:54.822Z,1777976334817,v1
0,low_risk,no_action,0,No action,2026-05-05T10:18:54.822Z,1777976334817,v1
0,low_risk,no_action,0,No action,2026-05-05T10:18:54.822Z,1777976334817,v1
0.99,high_risk,premium_retention_offer,68.8,Send premium retention offer,2026-05-05T10:18:54.822Z,1777976334817,v1
0,low_risk,no_action,0,No action,2026-05-05T10:18:54.822Z,1777976334817,v1
0,low_risk,no_action,0,No action,2026-05-05T10:18:54.822Z,1777976334817,v1
0.06,low_risk,no_action,0,No action,2026-05-05T10:18:54.822Z,1777976334817,v1
0,low_risk,no_action,0,No action,2026-05-05T10:18:54.822Z,1777976334817,v1
0,low_risk,no_action,0,No action,2026-05-05T10:18:54.822Z,1777976334817,v1
0,low_risk,no_action,0,No action,2026-05-05T10:18:54.822Z,1777976334817,v1
0,low_risk,no_action,0,No action,2026-05-05T10:18:54.822Z,1777976334817,v1
0,low_risk,no_action,0,No action,2026-05-05T10:18:54.822Z,1777976334817,v1
0.99,high_risk,premium_retention_offer,68.8,Send premium retention offer,2026-05-05T10:18:54.822Z,1777976334817,v1
0,low_risk,no_action,0,No action,2026-05-05T10:18:54.822Z,1777976334817,v1
0,low_risk,no_action,0,No action,2026-05-05T10:18:54.822Z,1777976334817,v1
1,high_risk,premium_retention_offer,70,Send premium retention offer,2026-05-05T10:18:54.822Z,1777976334817,v1
0.99,high_risk,premium_retention_offer,68.8,Send premium retention offer,2026-05-05T10:18:54.822Z,1777976334817,v1
1,high_risk,premium_retention_offer,70,Send premium retention offer,2026-05-05T10:18:54.822Z,1777976334817,v1
0,low_risk,no_action,0,No action,2026-05-05T10:18:54.822Z,1777976334817,v1
1,high_risk,premium_retention_offer,70,Send premium retention offer,2026-05-05T10:18:54.822Z,1777976334817,v1
0,low_risk,no_action,0,No action,2026-05-05T10:18:54.822Z,1777976334817,v1
0,low_risk,no_action,0,No action,2026-05-05T10:18:54.822Z,1777976334817,v1
0,low_risk,no_action,0,No action,2026-05-05T10:18:54.822Z,1777976334817,v1
1,high_risk,premium_retention_offer,70,Send premium retention offer,2026-05-05T10:18:54.822Z,1777976334817,v1
1,high_risk,premium_retention_offer,70,Send premium retention offer,2026-05-05T10:18:54.822Z,1777976334817,v1
0,low_risk,no_action,0,No action,2026-05-05T10:18:54.823Z,1777976334817,v1
0,low_risk,no_action,0,No action,2026-05-05T10:18:54.823Z,1777976334817,v1
0,low_risk,no_action,0,No action,2026-05-05T10:18:54.823Z,1777976334817,v1
0,low_risk,no_action,0,No action,2026-05-05T10:18:54.823Z,1777976334817,v1
0,low_risk,no_action,0,No action,2026-05-05T10:18:54.823Z,1777976334817,v1
0,low_risk,no_action,0,No action,2026-05-05T10:18:54.823Z,1777976334817,v1
0,low_risk,no_action,0,No action,2026-05-05T10:18:54.823Z,1777976334817,v1
0,low_risk,no_action,0,No action,2026-05-05T10:18:54.823Z,1777976334817,v1
0,low_risk,no_action,0,No action,2026-05-05T10:18:54.823Z,1777976334817,v1
1,high_risk,premium_retention_offer,70,Send premium retention offer,2026-05-05T10:18:54.823Z,1777976334817,v1
0,low_risk,no_action,0,No action,2026-05-05T10:18:54.823Z,1777976334817,v1
0,low_risk,no_action,0,No action,2026-05-05T10:18:54.823Z,1777976334817,v1
0,low_risk,no_action,0,No action,2026-05-05T10:18:54.823Z,1777976334817,v1
0.02,low_risk,no_action,0,No action,2026-05-05T10:18:54.823Z,1777976334817,v1
1,high_risk,premium_retention_offer,70,Send premium retention offer,2026-05-05T10:18:54.823Z,1777976334817,v1
1,high_risk,premium_retention_offer,70,Send premium retention offer,2026-05-05T10:18:54.823Z,1777976334817,v1
0,low_risk,no_action,0,No action,2026-05-05T10:18:54.823Z,1777976334817,v1
0,low_risk,no_action,0,No action,2026-05-05T10:18:54.823Z,1777976334817,v1
0,low_risk,no_action,0,No action,2026-05-05T10:18:54.823Z,1777976334817,v1
1,high_risk,premium_retention_offer,70,Send premium retention offer,2026-05-05T10:18:54.823Z,1777976334817,v1
1,high_risk,premium_retention_offer,70,Send premium retention offer,2026-05-05T10:18:54.823Z,1777976334817,v1
0,low_risk,no_action,0,No action,2026-05-05T10:18:54.823Z,1777976334817,v1
1,high_risk,premium_retention_offer,70,Send premium retention offer,2026-05-05T10:18:54.823Z,1777976334817,v1
0,low_risk,no_action,0,No action,2026-05-05T10:18:54.823Z,1777976334817,v1
0,low_risk,no_action,0,No action,2026-05-05T10:18:54.823Z,1777976334817,v1
0,low_risk,no_action,0,No action,2026-05-05T10:18:54.823Z,1777976334817,v1
0,low_risk,no_action,0,No action,2026-05-05T10:18:54.823Z,1777976334817,v1
0,low_risk,no_action,0,No action,2026-05-05T10:18:54.823Z,1777976334817,v1
0,low_risk,no_action,0,No action,2026-05-05T10:18:54.823Z,1777976334817,v1
1,high_risk,premium_retention_offer,70,Send premium retention offer,2026-05-05T10:18:54.823Z,1777976334817,v1
0,low_risk,no_action,0,No action,2026-05-05T10:18:54.823Z,1777976334817,v1
0.01,low_risk,no_action,0,No action,2026-05-05T10:18:54.823Z,1777976334817,v1
0,low_risk,no_action,0,No action,2026-05-05T10:18:54.823Z,1777976334817,v1
1,high_risk,premium_retention_offer,70,Send premium retention offer,2026-05-05T10:18:54.823Z,1777976334817,v1
0.98,high_risk,premium_retention_offer,67.6,Send premium retention offer,2026-05-05T10:18:54.823Z,1777976334817,v1
0,low_risk,no_action,0,No action,2026-05-05T10:18:54.823Z,1777976334817,v1
0,low_risk,no_action,0,No action,2026-05-05T10:18:54.823Z,1777976334817,v1
1,high_risk,premium_retention_offer,70,Send premium retention offer,2026-05-05T10:18:54.823Z,1777976334817,v1
0,low_risk,no_action,0,No action,2026-05-05T10:18:54.823Z,1777976334817,v1
0,low_risk,no_action,0,No action,2026-05-05T10:18:54.823Z,1777976334817,v1
0,low_risk,no_action,0,No action,2026-05-05T10:18:54.823Z,1777976334817,v1
0,low_risk,no_action,0,No action,2026-05-05T10:18:54.823Z,1777976334817,v1
0,low_risk,no_action,0,No action,2026-05-05T10:18:54.823Z,1777976334817,v1
0,low_risk,no_action,0,No action,2026-05-05T10:18:54.823Z,1777976334817,v1
0,low_risk,no_action,0,No action,2026-05-05T10:18:54.823Z,1777976334817,v1
0,low_risk,no_action,0,No action,2026-05-05T10:18:54.823Z,1777976334817,v1
0,low_risk,no_action,0,No action,2026-05-05T10:18:54.823Z,1777976334817,v1
0,low_risk,no_action,0,No action,2026-05-05T10:18:54.823Z,1777976334817,v1
0,low_risk,no_action,0,No action,2026-05-05T10:18:54.823Z,1777976334817,v1
0,low_risk,no_action,0,No action,2026-05-05T10:18:54.823Z,1777976334817,v1
0,low_risk,no_action,0,No action,2026-05-05T10:18:54.823Z,1777976334817,v1
0,low_risk,no_action,0,No action,2026-05-05T10:18:54.823Z,1777976334817,v1
1,high_risk,premium_retention_offer,70,Send premium retention offer,2026-05-05T10:18:54.823Z,1777976334817,v1
0,low_risk,no_action,0,No action,2026-05-05T10:18:54.823Z,1777976334817,v1
0.01,low_risk,no_action,0,No action,2026-05-05T10:18:54.823Z,1777976334817,v1
1,high_risk,premium_retention_offer,70,Send premium retention offer,2026-05-05T10:18:54.823Z,1777976334817,v1
0,low_risk,no_action,0,No action,2026-05-05T10:18:54.823Z,1777976334817,v1
0,low_risk,no_action,0,No action,2026-05-05T10:18:54.823Z,1777976334817,v1
0.02,low_risk,no_action,0,No action,2026-05-05T10:18:54.823Z,1777976334817,v1
1,high_risk,premium_retention_offer,70,Send premium retention offer,2026-05-05T10:18:54.823Z,1777976334817,v1
0,low_risk,no_action,0,No action,2026-05-05T10:18:54.823Z,1777976334817,v1
0,low_risk,no_action,0,No action,2026-05-05T10:18:54.823Z,1777976334817,v1
0,low_risk,no_action,0,No action,2026-05-05T10:18:54.823Z,1777976334817,v1
0,low_risk,no_action,0,No action,2026-05-05T10:18:54.823Z,1777976334817,v1
0,low_risk,no_action,0,No action,2026-05-05T10:18:54.823Z,1777976334817,v1
0,low_risk,no_action,0,No action,2026-05-05T10:18:54.823Z,1777976334817,v1
0,low_risk,no_action,0,No action,2026-05-05T10:18:54.823Z,1777976334817,v1
0,low_risk,no_action,0,No action,2026-05-05T10:18:54.823Z,1777976334817,v1
0,low_risk,no_action,0,No action,2026-05-05T10:18:54.823Z,1777976334817,v1
1,high_risk,premium_retention_offer,70,Send premium retention offer,2026-05-05T10:18:54.823Z,1777976334817,v1
0,low_risk,no_action,0,No action,2026-05-05T10:18:54.823Z,1777976334817,v1
0,low_risk,no_action,0,No action,2026-05-05T10:18:54.823Z,1777976334817,v1
0,low_risk,no_action,0,No action,2026-05-05T10:18:54.823Z,1777976334817,v1
0,low_risk,no_action,0,No action,2026-05-05T10:18:54.823Z,1777976334817,v1
0,low_risk,no_action,0,No action,2026-05-05T10:18:54.823Z,1777976334817,v1
1,high_risk,premium_retention_offer,70,Send premium retention offer,2026-05-05T10:18:54.823Z,1777976334817,v1
0,low_risk,no_action,0,No action,2026-05-05T10:18:54.823Z,1777976334817,v1
0,low_risk,no_action,0,No action,2026-05-05T10:18:54.823Z,1777976334817,v1
1,high_risk,premium_retention_offer,70,Send premium retention offer,2026-05-05T10:18:54.823Z,1777976334817,v1
0.01,low_risk,no_action,0,No action,2026-05-05T10:18:54.823Z,1777976334817,v1
1,high_risk,premium_retention_offer,70,Send premium retention offer,2026-05-05T10:18:54.823Z,1777976334817,v1
0,low_risk,no_action,0,No action,2026-05-05T10:18:54.823Z,1777976334817,v1
0,low_risk,no_action,0,No action,2026-05-05T10:18:54.823Z,1777976334817,v1
0,low_risk,no_action,0,No action,2026-05-05T10:18:54.823Z,1777976334817,v1
0.99,high_risk,premium_retention_offer,68.8,Send premium retention offer,2026-05-05T10:18:54.823Z,1777976334817,v1
0,low_risk,no_action,0,No action,2026-05-05T10:18:54.823Z,1777976334817,v1
0,low_risk,no_action,0,No action,2026-05-05T10:18:54.823Z,1777976334817,v1
0,low_risk,no_action,0,No action,2026-05-05T10:18:54.823Z,1777976334817,v1
0,low_risk,no_action,0,No action,2026-05-05T10:18:54.823Z,1777976334817,v1
0.01,low_risk,no_action,0,No action,2026-05-05T10:18:54.823Z,1777976334817,v1
0.99,high_risk,premium_retention_offer,68.8,Send premium retention offer,2026-05-05T10:18:54.823Z,1777976334817,v1
0,low_risk,no_action,0,No action,2026-05-05T10:18:54.823Z,1777976334817,v1
0,low_risk,no_action,0,No action,2026-05-05T10:18:54.823Z,1777976334817,v1
0.01,low_risk,no_action,0,No action,2026-05-05T10:18:54.823Z,1777976334817,v1
0,low_risk,no_action,0,No action,2026-05-05T10:18:54.823Z,1777976334817,v1
0.97,high_risk,premium_retention_offer,66.4,Send premium retention offer,2026-05-05T10:18:54.823Z,1777976334817,v1
1,high_risk,premium_retention_offer,70,Send premium retention offer,2026-05-05T10:18:54.823Z,1777976334817,v1
0,low_risk,no_action,0,No action,2026-05-05T10:18:54.823Z,1777976334817,v1
0,low_risk,no_action,0,No action,2026-05-05T10:18:54.823Z,1777976334817,v1
1,high_risk,premium_retention_offer,70,Send premium retention offer,2026-05-05T10:18:54.823Z,1777976334817,v1
1,high_risk,premium_retention_offer,70,Send premium retention offer,2026-05-05T10:18:54.823Z,1777976334817,v1
1,high_risk,premium_retention_offer,70,Send premium retention offer,2026-05-05T10:18:54.823Z,1777976334817,v1
0.99,high_risk,premium_retention_offer,68.8,Send premium retention offer,2026-05-05T10:18:54.823Z,1777976334817,v1
0.01,low_risk,no_action,0,No action,2026-05-05T10:18:54.823Z,1777976334817,v1
0,low_risk,no_action,0,No action,2026-05-05T10:18:54.823Z,1777976334817,v1
0,low_risk,no_action,0,No action,2026-05-05T10:18:54.823Z,1777976334817,v1
1,high_risk,premium_retention_offer,70,Send premium retention offer,2026-05-05T10:18:54.823Z,1777976334817,v1
0.01,low_risk,no_action,0,No action,2026-05-05T10:18:54.823Z,1777976334817,v1
0.99,high_risk,premium_retention_offer,68.8,Send premium retention offer,2026-05-05T10:18:54.823Z,1777976334817,v1
0.99,high_risk,premium_retention_offer,68.8,Send premium retention offer,2026-05-05T10:18:54.823Z,1777976334817,v1
0,low_risk,no_action,0,No action,2026-05-05T10:18:54.823Z,1777976334817,v1
0,low_risk,no_action,0,No action,2026-05-05T10:18:54.823Z,1777976334817,v1
0,low_risk,no_action,0,No action,2026-05-05T10:18:54.823Z,1777976334817,v1
0.99,high_risk,premium_retention_offer,68.8,Send premium retention offer,2026-05-05T10:18:54.823Z,1777976334817,v1
0,low_risk,no_action,0,No action,2026-05-05T10:18:54.823Z,1777976334817,v1
0.01,low_risk,no_action,0,No action,2026-05-05T10:18:54.823Z,1777976334817,v1
0,low_risk,no_action,0,No action,2026-05-05T10:18:54.823Z,1777976334817,v1
0.01,low_risk,no_action,0,No action,2026-05-05T10:18:54.823Z,1777976334817,v1
0,low_risk,no_action,0,No action,2026-05-05T10:18:54.823Z,1777976334817,v1
0,low_risk,no_action,0,No action,2026-05-05T10:18:54.823Z,1777976334817,v1
0.99,high_risk,premium_retention_offer,68.8,Send premium retention offer,2026-05-05T10:18:54.823Z,1777976334817,v1
0,low_risk,no_action,0,No action,2026-05-05T10:18:54.823Z,1777976334817,v1
0,low_risk,no_action,0,No action,2026-05-05T10:18:54.823Z,1777976334817,v1
0,low_risk,no_action,0,No action,2026-05-05T10:18:54.823Z,1777976334817,v1
0.98,high_risk,premium_retention_offer,67.6,Send premium retention offer,2026-05-05T10:18:54.823Z,1777976334817,v1
0,low_risk,no_action,0,No action,2026-05-05T10:18:54.823Z,1777976334817,v1
0,low_risk,no_action,0,No action,2026-05-05T10:18:54.823Z,1777976334817,v1
0,low_risk,no_action,0,No action,2026-05-05T10:18:54.823Z,1777976334817,v1
1,high_risk,premium_retention_offer,70,Send premium retention offer,2026-05-05T10:18:54.823Z,1777976334817,v1
0,low_risk,no_action,0,No action,2026-05-05T10:18:54.823Z,1777976334817,v1
0,low_risk,no_action,0,No action,2026-05-05T10:18:54.823Z,1777976334817,v1
0,low_risk,no_action,0,No action,2026-05-05T10:18:54.823Z,1777976334817,v1
0,low_risk,no_action,0,No action,2026-05-05T10:18:54.823Z,1777976334817,v1
0,low_risk,no_action,0,No action,2026-05-05T10:18:54.823Z,1777976334817,v1
0.98,high_risk,premium_retention_offer,67.6,Send premium retention offer,2026-05-05T10:18:54.823Z,1777976334817,v1
1,high_risk,premium_retention_offer,70,Send premium retention offer,2026-05-05T10:18:54.823Z,1777976334817,v1
0,low_risk,no_action,0,No action,2026-05-05T10:18:54.823Z,1777976334817,v1
0,low_risk,no_action,0,No action,2026-05-05T10:18:54.823Z,1777976334817,v1
0,low_risk,no_action,0,No action,2026-05-05T10:18:54.823Z,1777976334817,v1
0.99,high_risk,premium_retention_offer,68.8,Send premium retention offer,2026-05-05T10:18:54.823Z,1777976334817,v1
1,high_risk,premium_retention_offer,70,Send premium retention offer,2026-05-05T10:18:54.823Z,1777976334817,v1
0,low_risk,no_action,0,No action,2026-05-05T10:18:54.823Z,1777976334817,v1
0,low_risk,no_action,0,No action,2026-05-05T10:18:54.823Z,1777976334817,v1
0,low_risk,no_action,0,No action,2026-05-05T10:18:54.823Z,1777976334817,v1
0,low_risk,no_action,0,No action,2026-05-05T10:18:54.823Z,1777976334817,v1
0,low_risk,no_action,0,No action,2026-05-05T10:18:54.823Z,1777976334817,v1
0,low_risk,no_action,0,No action,2026-05-05T10:18:54.823Z,1777976334817,v1
0,low_risk,no_action,0,No action,2026-05-05T10:18:54.823Z,1777976334817,v1
0,low_risk,no_action,0,No action,2026-05-05T10:18:54.823Z,1777976334817,v1
0,low_risk,no_action,0,No action,2026-05-05T10:18:54.823Z,1777976334817,v1
0,low_risk,no_action,0,No action,2026-05-05T10:18:54.823Z,1777976334817,v1
0,low_risk,no_action,0,No action,2026-05-05T10:18:54.823Z,1777976334817,v1
0,low_risk,no_action,0,No action,2026-05-05T10:18:54.823Z,1777976334817,v1
0,low_risk,no_action,0,No action,2026-05-05T10:18:54.823Z,1777976334817,v1
1,high_risk,premium_retention_offer,70,Send premium retention offer,2026-05-05T10:18:54.823Z,1777976334817,v1
0,low_risk,no_action,0,No action,2026-05-05T10:18:54.823Z,1777976334817,v1
0,low_risk,no_action,0,No action,2026-05-05T10:18:54.823Z,1777976334817,v1
0,low_risk,no_action,0,No action,2026-05-05T10:18:54.823Z,1777976334817,v1
0,low_risk,no_action,0,No action,2026-05-05T10:18:54.823Z,1777976334817,v1
0,low_risk,no_action,0,No action,2026-05-05T10:18:54.823Z,1777976334817,v1
0.97,high_risk,premium_retention_offer,66.4,Send premium retention offer,2026-05-05T10:18:54.823Z,1777976334817,v1
0,low_risk,no_action,0,No action,2026-05-05T10:18:54.823Z,1777976334817,v1
0,low_risk,no_action,0,No action,2026-05-05T10:18:54.823Z,1777976334817,v1
0,low_risk,no_action,0,No action,2026-05-05T10:18:54.823Z,1777976334817,v1
0,low_risk,no_action,0,No action,2026-05-05T10:18:54.823Z,1777976334817,v1
0,low_risk,no_action,0,No action,2026-05-05T10:18:54.823Z,1777976334817,v1
0,low_risk,no_action,0,No action,2026-05-05T10:18:54.823Z,1777976334817,v1
0,low_risk,no_action,0,No action,2026-05-05T10:18:54.823Z,1777976334817,v1
0,low_risk,no_action,0,No action,2026-05-05T10:18:54.823Z,1777976334817,v1
0,low_risk,no_action,0,No action,2026-05-05T10:18:54.823Z,1777976334817,v1
0.01,low_risk,no_action,0,No action,2026-05-05T10:18:54.823Z,1777976334817,v1
0,low_risk,no_action,0,No action,2026-05-05T10:18:54.823Z,1777976334817,v1
0,low_risk,no_action,0,No action,2026-05-05T10:18:54.823Z,1777976334817,v1
0,low_risk,no_action,0,No action,2026-05-05T10:18:54.823Z,1777976334817,v1
1,high_risk,premium_retention_offer,70,Send premium retention offer,2026-05-05T10:18:54.823Z,1777976334817,v1
0,low_risk,no_action,0,No action,2026-05-05T10:18:54.823Z,1777976334817,v1
0,low_risk,no_action,0,No action,2026-05-05T10:18:54.823Z,1777976334817,v1
1,high_risk,premium_retention_offer,70,Send premium retention offer,2026-05-05T10:18:54.823Z,1777976334817,v1
0,low_risk,no_action,0,No action,2026-05-05T10:18:54.823Z,1777976334817,v1
1,high_risk,premium_retention_offer,70,Send premium retention offer,2026-05-05T10:18:54.823Z,1777976334817,v1
0,low_risk,no_action,0,No action,2026-05-05T10:18:54.823Z,1777976334817,v1
0,low_risk,no_action,0,No action,2026-05-05T10:18:54.823Z,1777976334817,v1
0,low_risk,no_action,0,No action,2026-05-05T10:18:54.823Z,1777976334817,v1
0,low_risk,no_action,0,No action,2026-05-05T10:18:54.823Z,1777976334817,v1
0,low_risk,no_action,0,No action,2026-05-05T10:18:54.823Z,1777976334817,v1
0,low_risk,no_action,0,No action,2026-05-05T10:18:54.823Z,1777976334817,v1
0,low_risk,no_action,0,No action,2026-05-05T10:18:54.823Z,1777976334817,v1
0,low_risk,no_action,0,No action,2026-05-05T10:18:54.823Z,1777976334817,v1
1,high_risk,premium_retention_offer,70,Send premium retention offer,2026-05-05T10:18:54.823Z,1777976334817,v1
1,high_risk,premium_retention_offer,70,Send premium retention offer,2026-05-05T10:18:54.823Z,1777976334817,v1
0,low_risk,no_action,0,No action,2026-05-05T10:18:54.823Z,1777976334817,v1
0,low_risk,no_action,0,No action,2026-05-05T10:18:54.823Z,1777976334817,v1
0,low_risk,no_action,0,No action,2026-05-05T10:18:54.823Z,1777976334817,v1
0,low_risk,no_action,0,No action,2026-05-05T10:18:54.823Z,1777976334817,v1
0.99,high_risk,premium_retention_offer,68.8,Send premium retention offer,2026-05-05T10:18:54.823Z,1777976334817,v1
0,low_risk,no_action,0,No action,2026-05-05T10:18:54.823Z,1777976334817,v1
0,low_risk,no_action,0,No action,2026-05-05T10:18:54.823Z,1777976334817,v1
0,low_risk,no_action,0,No action,2026-05-05T10:18:54.823Z,1777976334817,v1
0,low_risk,no_action,0,No action,2026-05-05T10:18:54.823Z,1777976334817,v1
1,high_risk,premium_retention_offer,70,Send premium retention offer,2026-05-05T10:18:54.823Z,1777976334817,v1
0,low_risk,no_action,0,No action,2026-05-05T10:18:54.823Z,1777976334817,v1
0,low_risk,no_action,0,No action,2026-05-05T10:18:54.823Z,1777976334817,v1
0,low_risk,no_action,0,No action,2026-05-05T10:18:54.823Z,1777976334817,v1
0.01,low_risk,no_action,0,No action,2026-05-05T10:18:54.823Z,1777976334817,v1
0.01,low_risk,no_action,0,No action,2026-05-05T10:18:54.823Z,1777976334817,v1
0,low_risk,no_action,0,No action,2026-05-05T10:18:54.823Z,1777976334817,v1
0,low_risk,no_action,0,No action,2026-05-05T10:18:54.823Z,1777976334817,v1
1,high_risk,premium_retention_offer,70,Send premium retention offer,2026-05-05T10:18:54.823Z,1777976334817,v1
0.01,low_risk,no_action,0,No action,2026-05-05T10:18:54.823Z,1777976334817,v1
0,low_risk,no_action,0,No action,2026-05-05T10:18:54.823Z,1777976334817,v1
0,low_risk,no_action,0,No action,2026-05-05T10:18:54.823Z,1777976334817,v1
0,low_risk,no_action,0,No action,2026-05-05T10:18:54.823Z,1777976334817,v1
0,low_risk,no_action,0,No action,2026-05-05T10:18:54.823Z,1777976334817,v1
0,low_risk,no_action,0,No action,2026-05-05T10:18:54.823Z,1777976334817,v1
1,high_risk,premium_retention_offer,70,Send premium retention offer,2026-05-05T10:18:54.823Z,1777976334817,v1
0.01,low_risk,no_action,0,No action,2026-05-05T10:18:54.823Z,1777976334817,v1
0,low_risk,no_action,0,No action,2026-05-05T10:18:54.823Z,1777976334817,v1
0,low_risk,no_action,0,No action,2026-05-05T10:18:54.823Z,1777976334817,v1
0.99,high_risk,premium_retention_offer,68.8,Send premium retention offer,2026-05-05T10:18:54.823Z,1777976334817,v1
1,high_risk,premium_retention_offer,70,Send premium retention offer,2026-05-05T10:18:54.823Z,1777976334817,v1
0.01,low_risk,no_action,0,No action,2026-05-05T10:18:54.823Z,1777976334817,v1
0.99,high_risk,premium_retention_offer,68.8,Send premium retention offer,2026-05-05T10:18:54.823Z,1777976334817,v1
1,high_risk,premium_retention_offer,70,Send premium retention offer,2026-05-05T10:18:54.823Z,1777976334817,v1
0,low_risk,no_action,0,No action,2026-05-05T10:18:54.823Z,1777976334817,v1
0,low_risk,no_action,0,No action,2026-05-05T10:18:54.823Z,1777976334817,v1
1,high_risk,premium_retention_offer,70,Send premium retention offer,2026-05-05T10:18:54.823Z,1777976334817,v1
0,low_risk,no_action,0,No action,2026-05-05T10:18:54.823Z,1777976334817,v1
0,low_risk,no_action,0,No action,2026-05-05T10:18:54.823Z,1777976334817,v1
1,high_risk,premium_retention_offer,70,Send premium retention offer,2026-05-05T10:18:54.823Z,1777976334817,v1
0,low_risk,no_action,0,No action,2026-05-05T10:18:54.823Z,1777976334817,v1
1,high_risk,premium_retention_offer,70,Send premium retention offer,2026-05-05T10:18:54.823Z,1777976334817,v1
0,low_risk,no_action,0,No action,2026-05-05T10:18:54.823Z,1777976334817,v1
0,low_risk,no_action,0,No action,2026-05-05T10:18:54.823Z,1777976334817,v1
0,low_risk,no_action,0,No action,2026-05-05T10:18:54.823Z,1777976334817,v1
0,low_risk,no_action,0,No action,2026-05-05T10:18:54.823Z,1777976334817,v1
0,low_risk,no_action,0,No action,2026-05-05T10:18:54.823Z,1777976334817,v1
1,high_risk,premium_retention_offer,70,Send premium retention offer,2026-05-05T10:18:54.823Z,1777976334817,v1
0,low_risk,no_action,0,No action,2026-05-05T10:18:54.823Z,1777976334817,v1
0,low_risk,no_action,0,No action,2026-05-05T10:18:54.823Z,1777976334817,v1
0,low_risk,no_action,0,No action,2026-05-05T10:18:54.823Z,1777976334817,v1
0,low_risk,no_action,0,No action,2026-05-05T10:18:54.823Z,1777976334817,v1
0,low_risk,no_action,0,No action,2026-05-05T10:18:54.823Z,1777976334817,v1
0,low_risk,no_action,0,No action,2026-05-05T10:18:54.823Z,1777976334817,v1
0,low_risk,no_action,0,No action,2026-05-05T10:18:54.823Z,1777976334817,v1
0,low_risk,no_action,0,No action,2026-05-05T10:18:54.823Z,1777976334817,v1
0,low_risk,no_action,0,No action,2026-05-05T10:18:54.823Z,1777976334817,v1
0,low_risk,no_action,0,No action,2026-05-05T10:18:54.823Z,1777976334817,v1
0,low_risk,no_action,0,No action,2026-05-05T10:18:54.823Z,1777976334817,v1
0,low_risk,no_action,0,No action,2026-05-05T10:18:54.823Z,1777976334817,v1
1,high_risk,premium_retention_offer,70,Send premium retention offer,2026-05-05T10:18:54.823Z,1777976334817,v1
0,low_risk,no_action,0,No action,2026-05-05T10:18:54.823Z,1777976334817,v1
0,low_risk,no_action,0,No action,2026-05-05T10:18:54.823Z,1777976334817,v1
0,low_risk,no_action,0,No action,2026-05-05T10:18:54.823Z,1777976334817,v1
0,low_risk,no_action,0,No action,2026-05-05T10:18:54.823Z,1777976334817,v1
0,low_risk,no_action,0,No action,2026-05-05T10:18:54.823Z,1777976334817,v1
1,high_risk,premium_retention_offer,70,Send premium retention offer,2026-05-05T10:18:54.823Z,1777976334817,v1
0.01,low_risk,no_action,0,No action,2026-05-05T10:18:54.823Z,1777976334817,v1
0,low_risk,no_action,0,No action,2026-05-05T10:18:54.823Z,1777976334817,v1
1,high_risk,premium_retention_offer,70,Send premium retention offer,2026-05-05T10:18:54.823Z,1777976334817,v1
0,low_risk,no_action,0,No action,2026-05-05T10:18:54.823Z,1777976334817,v1
0,low_risk,no_action,0,No action,2026-05-05T10:18:54.823Z,1777976334817,v1
0,low_risk,no_action,0,No action,2026-05-05T10:18:54.823Z,1777976334817,v1
0,low_risk,no_action,0,No action,2026-05-05T10:18:54.823Z,1777976334817,v1
1,high_risk,premium_retention_offer,70,Send premium retention offer,2026-05-05T10:18:54.823Z,1777976334817,v1
0,low_risk,no_action,0,No action,2026-05-05T10:18:54.823Z,1777976334817,v1
0,low_risk,no_action,0,No action,2026-05-05T10:18:54.823Z,1777976334817,v1
0,low_risk,no_action,0,No action,2026-05-05T10:18:54.823Z,1777976334817,v1
0,low_risk,no_action,0,No action,2026-05-05T10:18:54.823Z,1777976334817,v1
0,low_risk,no_action,0,No action,2026-05-05T10:18:54.823Z,1777976334817,v1
0,low_risk,no_action,0,No action,2026-05-05T10:18:54.823Z,1777976334817,v1
0,low_risk,no_action,0,No action,2026-05-05T10:18:54.823Z,1777976334817,v1
0,low_risk,no_action,0,No action,2026-05-05T10:18:54.823Z,1777976334817,v1
0,low_risk,no_action,0,No action,2026-05-05T10:18:54.823Z,1777976334817,v1
0,low_risk,no_action,0,No action,2026-05-05T10:18:54.823Z,1777976334817,v1
0,low_risk,no_action,0,No action,2026-05-05T10:18:54.823Z,1777976334817,v1
0,low_risk,no_action,0,No action,2026-05-05T10:18:54.823Z,1777976334817,v1
0,low_risk,no_action,0,No action,2026-05-05T10:18:54.823Z,1777976334817,v1
0.01,low_risk,no_action,0,No action,2026-05-05T10:18:54.823Z,1777976334817,v1
0,low_risk,no_action,0,No action,2026-05-05T10:18:54.823Z,1777976334817,v1
1,high_risk,premium_retention_offer,70,Send premium retention offer,2026-05-05T10:18:54.823Z,1777976334817,v1
1,high_risk,premium_retention_offer,70,Send premium retention offer,2026-05-05T10:18:54.823Z,1777976334817,v1
1,high_risk,premium_retention_offer,70,Send premium retention offer,2026-05-05T10:18:54.823Z,1777976334817,v1
0,low_risk,no_action,0,No action,2026-05-05T10:18:54.823Z,1777976334817,v1
0.01,low_risk,no_action,0,No action,2026-05-05T10:18:54.823Z,1777976334817,v1
0,low_risk,no_action,0,No action,2026-05-05T10:18:54.823Z,1777976334817,v1
0,low_risk,no_action,0,No action,2026-05-05T10:18:54.823Z,1777976334817,v1
0,low_risk,no_action,0,No action,2026-05-05T10:18:54.823Z,1777976334817,v1
0,low_risk,no_action,0,No action,2026-05-05T10:18:54.823Z,1777976334817,v1
0,low_risk,no_action,0,No action,2026-05-05T10:18:54.823Z,1777976334817,v1
0.01,low_risk,no_action,0,No action,2026-05-05T10:18:54.823Z,1777976334817,v1
0,low_risk,no_action,0,No action,2026-05-05T10:18:54.823Z,1777976334817,v1
0,low_risk,no_action,0,No action,2026-05-05T10:18:54.823Z,1777976334817,v1
0.99,high_risk,premium_retention_offer,68.8,Send premium retention offer,2026-05-05T10:18:54.823Z,1777976334817,v1
0,low_risk,no_action,0,No action,2026-05-05T10:18:54.823Z,1777976334817,v1
0,low_risk,no_action,0,No action,2026-05-05T10:18:54.823Z,1777976334817,v1
0,low_risk,no_action,0,No action,2026-05-05T10:18:54.823Z,1777976334817,v1
0,low_risk,no_action,0,No action,2026-05-05T10:18:54.823Z,1777976334817,v1
0,low_risk,no_action,0,No action,2026-05-05T10:18:54.823Z,1777976334817,v1
0.99,high_risk,premium_retention_offer,68.8,Send premium retention offer,2026-05-05T10:18:54.823Z,1777976334817,v1
0,low_risk,no_action,0,No action,2026-05-05T10:18:54.823Z,1777976334817,v1
0,low_risk,no_action,0,No action,2026-05-05T10:18:54.823Z,1777976334817,v1
0,low_risk,no_action,0,No action,2026-05-05T10:18:54.823Z,1777976334817,v1
0,low_risk,no_action,0,No action,2026-05-05T10:18:54.823Z,1777976334817,v1
1,high_risk,premium_retention_offer,70,Send premium retention offer,2026-05-05T10:18:54.823Z,1777976334817,v1
0,low_risk,no_action,0,No action,2026-05-05T10:18:54.823Z,1777976334817,v1
0,low_risk,no_action,0,No action,2026-05-05T10:18:54.823Z,1777976334817,v1
0,low_risk,no_action,0,No action,2026-05-05T10:18:54.823Z,1777976334817,v1
0.01,low_risk,no_action,0,No action,2026-05-05T10:18:54.823Z,1777976334817,v1
1,high_risk,premium_retention_offer,70,Send premium retention offer,2026-05-05T10:18:54.823Z,1777976334817,v1
0,low_risk,no_action,0,No action,2026-05-05T10:18:54.823Z,1777976334817,v1
1,high_risk,premium_retention_offer,70,Send premium retention offer,2026-05-05T10:18:54.823Z,1777976334817,v1
0,low_risk,no_action,0,No action,2026-05-05T10:18:54.823Z,1777976334817,v1
1,high_risk,premium_retention_offer,70,Send premium retention offer,2026-05-05T10:18:54.823Z,1777976334817,v1
0,low_risk,no_action,0,No action,2026-05-05T10:18:54.823Z,1777976334817,v1
0,low_risk,no_action,0,No action,2026-05-05T10:18:54.823Z,1777976334817,v1
0,low_risk,no_action,0,No action,2026-05-05T10:18:54.823Z,1777976334817,v1
0,low_risk,no_action,0,No action,2026-05-05T10:18:54.823Z,1777976334817,v1
1,high_risk,premium_retention_offer,70,Send premium retention offer,2026-05-05T10:18:54.823Z,1777976334817,v1
0,low_risk,no_action,0,No action,2026-05-05T10:18:54.823Z,1777976334817,v1
0,low_risk,no_action,0,No action,2026-05-05T10:18:54.823Z,1777976334817,v1
0,low_risk,no_action,0,No action,2026-05-05T10:18:54.823Z,1777976334817,v1
0,low_risk,no_action,0,No action,2026-05-05T10:18:54.823Z,1777976334817,v1
0,low_risk,no_action,0,No action,2026-05-05T10:18:54.823Z,1777976334817,v1
0,low_risk,no_action,0,No action,2026-05-05T10:18:54.823Z,1777976334817,v1
0,low_risk,no_action,0,No action,2026-05-05T10:18:54.823Z,1777976334817,v1
0,low_risk,no_action,0,No action,2026-05-05T10:18:54.823Z,1777976334817,v1
0,low_risk,no_action,0,No action,2026-05-05T10:18:54.823Z,1777976334817,v1
0,low_risk,no_action,0,No action,2026-05-05T10:18:54.823Z,1777976334817,v1
0,low_risk,no_action,0,No action,2026-05-05T10:18:54.823Z,1777976334817,v1
0.99,high_risk,premium_retention_offer,68.8,Send premium retention offer,2026-05-05T10:18:54.823Z,1777976334817,v1
0,low_risk,no_action,0,No action,2026-05-05T10:18:54.823Z,1777976334817,v1
0,low_risk,no_action,0,No action,2026-05-05T10:18:54.823Z,1777976334817,v1
0,low_risk,no_action,0,No action,2026-05-05T10:18:54.823Z,1777976334817,v1
0,low_risk,no_action,0,No action,2026-05-05T10:18:54.823Z,1777976334817,v1
0,low_risk,no_action,0,No action,2026-05-05T10:18:54.823Z,1777976334817,v1
0.99,high_risk,premium_retention_offer,68.8,Send premium retention offer,2026-05-05T10:18:54.823Z,1777976334817,v1
0,low_risk,no_action,0,No action,2026-05-05T10:18:54.823Z,1777976334817,v1
1,high_risk,premium_retention_offer,70,Send premium retention offer,2026-05-05T10:18:54.823Z,1777976334817,v1
0,low_risk,no_action,0,No action,2026-05-05T10:18:54.823Z,1777976334817,v1
0,low_risk,no_action,0,No action,2026-05-05T10:18:54.823Z,1777976334817,v1
0,low_risk,no_action,0,No action,2026-05-05T10:18:54.823Z,1777976334817,v1
1,high_risk,premium_retention_offer,70,Send premium retention offer,2026-05-05T10:18:54.823Z,1777976334817,v1
0,low_risk,no_action,0,No action,2026-05-05T10:18:54.823Z,1777976334817,v1
0,low_risk,no_action,0,No action,2026-05-05T10:18:54.823Z,1777976334817,v1
0,low_risk,no_action,0,No action,2026-05-05T10:18:54.823Z,1777976334817,v1
1,high_risk,premium_retention_offer,70,Send premium retention offer,2026-05-05T10:18:54.823Z,1777976334817,v1
0.98,high_risk,premium_retention_offer,67.6,Send premium retention offer,2026-05-05T10:18:54.823Z,1777976334817,v1
1,high_risk,premium_retention_offer,70,Send premium retention offer,2026-05-05T10:18:54.823Z,1777976334817,v1
0,low_risk,no_action,0,No action,2026-05-05T10:18:54.823Z,1777976334817,v1
1,high_risk,premium_retention_offer,70,Send premium retention offer,2026-05-05T10:18:54.823Z,1777976334817,v1
0,low_risk,no_action,0,No action,2026-05-05T10:18:54.823Z,1777976334817,v1
0,low_risk,no_action,0,No action,2026-05-05T10:18:54.823Z,1777976334817,v1
0,low_risk,no_action,0,No action,2026-05-05T10:18:54.823Z,1777976334817,v1
0.01,low_risk,no_action,0,No action,2026-05-05T10:18:54.823Z,1777976334817,v1
1,high_risk,premium_retention_offer,70,Send premium retention offer,2026-05-05T10:18:54.823Z,1777976334817,v1
0,low_risk,no_action,0,No action,2026-05-05T10:18:54.823Z,1777976334817,v1
0,low_risk,no_action,0,No action,2026-05-05T10:18:54.823Z,1777976334817,v1
0,low_risk,no_action,0,No action,2026-05-05T10:18:54.823Z,1777976334817,v1
0,low_risk,no_action,0,No action,2026-05-05T10:18:54.823Z,1777976334817,v1
0,low_risk,no_action,0,No action,2026-05-05T10:18:54.823Z,1777976334817,v1
0.01,low_risk,no_action,0,No action,2026-05-05T10:18:54.823Z,1777976334817,v1
0,low_risk,no_action,0,No action,2026-05-05T10:18:54.823Z,1777976334817,v1
0.99,high_risk,premium_retention_offer,68.8,Send premium retention offer,2026-05-05T10:18:54.823Z,1777976334817,v1
0,low_risk,no_action,0,No action,2026-05-05T10:18:54.823Z,1777976334817,v1
0,low_risk,no_action,0,No action,2026-05-05T10:18:54.823Z,1777976334817,v1
1,high_risk,premium_retention_offer,70,Send premium retention offer,2026-05-05T10:18:54.823Z,1777976334817,v1
1,high_risk,premium_retention_offer,70,Send premium retention offer,2026-05-05T10:18:54.823Z,1777976334817,v1
0,low_risk,no_action,0,No action,2026-05-05T10:18:54.823Z,1777976334817,v1
0,low_risk,no_action,0,No action,2026-05-05T10:18:54.823Z,1777976334817,v1
0,low_risk,no_action,0,No action,2026-05-05T10:18:54.823Z,1777976334817,v1
0,low_risk,no_action,0,No action,2026-05-05T10:18:54.823Z,1777976334817,v1
0,low_risk,no_action,0,No action,2026-05-05T10:18:54.823Z,1777976334817,v1
0.04,low_risk,no_action,0,No action,2026-05-05T10:18:54.823Z,1777976334817,v1
1,high_risk,premium_retention_offer,70,Send premium retention offer,2026-05-05T10:18:54.823Z,1777976334817,v1
0,low_risk,no_action,0,No action,2026-05-05T10:18:54.823Z,1777976334817,v1
0.01,low_risk,no_action,0,No action,2026-05-05T10:18:54.823Z,1777976334817,v1
0,low_risk,no_action,0,No action,2026-05-05T10:18:54.823Z,1777976334817,v1
0,low_risk,no_action,0,No action,2026-05-05T10:18:54.823Z,1777976334817,v1
0,low_risk,no_action,0,No action,2026-05-05T10:18:54.823Z,1777976334817,v1
0,low_risk,no_action,0,No action,2026-05-05T10:18:54.823Z,1777976334817,v1
0,low_risk,no_action,0,No action,2026-05-05T10:18:54.823Z,1777976334817,v1
0.01,low_risk,no_action,0,No action,2026-05-05T10:18:54.823Z,1777976334817,v1
0,low_risk,no_action,0,No action,2026-05-05T10:18:54.823Z,1777976334817,v1
0,low_risk,no_action,0,No action,2026-05-05T10:18:54.823Z,1777976334817,v1
0,low_risk,no_action,0,No action,2026-05-05T10:18:54.823Z,1777976334817,v1
0,low_risk,no_action,0,No action,2026-05-05T10:18:54.823Z,1777976334817,v1
0,low_risk,no_action,0,No action,2026-05-05T10:18:54.823Z,1777976334817,v1
0,low_risk,no_action,0,No action,2026-05-05T10:18:54.823Z,1777976334817,v1
0,low_risk,no_action,0,No action,2026-05-05T10:18:54.823Z,1777976334817,v1
0,low_risk,no_action,0,No action,2026-05-05T10:18:54.823Z,1777976334817,v1
0,low_risk,no_action,0,No action,2026-05-05T10:18:54.823Z,1777976334817,v1
0,low_risk,no_action,0,No action,2026-05-05T10:18:54.823Z,1777976334817,v1
0,low_risk,no_action,0,No action,2026-05-05T10:18:54.823Z,1777976334817,v1
0,low_risk,no_action,0,No action,2026-05-05T10:18:54.823Z,1777976334817,v1
0,low_risk,no_action,0,No action,2026-05-05T10:18:54.823Z,1777976334817,v1
0,low_risk,no_action,0,No action,2026-05-05T10:18:54.823Z,1777976334817,v1
0,low_risk,no_action,0,No action,2026-05-05T10:18:54.823Z,1777976334817,v1
0,low_risk,no_action,0,No action,2026-05-05T10:18:54.823Z,1777976334817,v1
0,low_risk,no_action,0,No action,2026-05-05T10:18:54.823Z,1777976334817,v1
0,low_risk,no_action,0,No action,2026-05-05T10:18:54.823Z,1777976334817,v1
0,low_risk,no_action,0,No action,2026-05-05T10:18:54.823Z,1777976334817,v1
0,low_risk,no_action,0,No action,2026-05-05T10:18:54.823Z,1777976334817,v1
1,high_risk,premium_retention_offer,70,Send premium retention offer,2026-05-05T10:18:54.823Z,1777976334817,v1
0,low_risk,no_action,0,No action,2026-05-05T10:18:54.823Z,1777976334817,v1
0,low_risk,no_action,0,No action,2026-05-05T10:18:54.823Z,1777976334817,v1
1,high_risk,premium_retention_offer,70,Send premium retention offer,2026-05-05T10:18:54.823Z,1777976334817,v1
0,low_risk,no_action,0,No action,2026-05-05T10:18:54.823Z,1777976334817,v1
1,high_risk,premium_retention_offer,70,Send premium retention offer,2026-05-05T10:18:54.823Z,1777976334817,v1
0,low_risk,no_action,0,No action,2026-05-05T10:18:54.823Z,1777976334817,v1
0,low_risk,no_action,0,No action,2026-05-05T10:18:54.823Z,1777976334817,v1
0,low_risk,no_action,0,No action,2026-05-05T10:18:54.823Z,1777976334817,v1
0.99,high_risk,premium_retention_offer,68.8,Send premium retention offer,2026-05-05T10:18:54.823Z,1777976334817,v1
0,low_risk,no_action,0,No action,2026-05-05T10:18:54.823Z,1777976334817,v1
1,high_risk,premium_retention_offer,70,Send premium retention offer,2026-05-05T10:18:54.823Z,1777976334817,v1
0,low_risk,no_action,0,No action,2026-05-05T10:18:54.823Z,1777976334817,v1
0,low_risk,no_action,0,No action,2026-05-05T10:18:54.823Z,1777976334817,v1
1,high_risk,premium_retention_offer,70,Send premium retention offer,2026-05-05T10:18:54.823Z,1777976334817,v1
0,low_risk,no_action,0,No action,2026-05-05T10:18:54.823Z,1777976334817,v1
0,low_risk,no_action,0,No action,2026-05-05T10:18:54.823Z,1777976334817,v1
0,low_risk,no_action,0,No action,2026-05-05T10:18:54.823Z,1777976334817,v1
0,low_risk,no_action,0,No action,2026-05-05T10:18:54.823Z,1777976334817,v1
0,low_risk,no_action,0,No action,2026-05-05T10:18:54.823Z,1777976334817,v1
0.01,low_risk,no_action,0,No action,2026-05-05T10:18:54.823Z,1777976334817,v1
0,low_risk,no_action,0,No action,2026-05-05T10:18:54.823Z,1777976334817,v1
0,low_risk,no_action,0,No action,2026-05-05T10:18:54.823Z,1777976334817,v1
0.01,low_risk,no_action,0,No action,2026-05-05T10:18:54.823Z,1777976334817,v1
0,low_risk,no_action,0,No action,2026-05-05T10:18:54.823Z,1777976334817,v1
0.01,low_risk,no_action,0,No action,2026-05-05T10:18:54.823Z,1777976334817,v1
1,high_risk,premium_retention_offer,70,Send premium retention offer,2026-05-05T10:18:54.823Z,1777976334817,v1
0,low_risk,no_action,0,No action,2026-05-05T10:18:54.823Z,1777976334817,v1
0,low_risk,no_action,0,No action,2026-05-05T10:18:54.823Z,1777976334817,v1
0.01,low_risk,no_action,0,No action,2026-05-05T10:18:54.823Z,1777976334817,v1
0.99,high_risk,premium_retention_offer,68.8,Send premium retention offer,2026-05-05T10:18:54.823Z,1777976334817,v1
0,low_risk,no_action,0,No action,2026-05-05T10:18:54.823Z,1777976334817,v1
0.01,low_risk,no_action,0,No action,2026-05-05T10:18:54.823Z,1777976334817,v1
0,low_risk,no_action,0,No action,2026-05-05T10:18:54.823Z,1777976334817,v1
0.01,low_risk,no_action,0,No action,2026-05-05T10:18:54.823Z,1777976334817,v1
0,low_risk,no_action,0,No action,2026-05-05T10:18:54.823Z,1777976334817,v1
0,low_risk,no_action,0,No action,2026-05-05T10:18:54.823Z,1777976334817,v1
1,high_risk,premium_retention_offer,70,Send premium retention offer,2026-05-05T10:18:54.823Z,1777976334817,v1
1,high_risk,premium_retention_offer,70,Send premium retention offer,2026-05-05T10:18:54.823Z,1777976334817,v1
0,low_risk,no_action,0,No action,2026-05-05T10:18:54.823Z,1777976334817,v1
0,low_risk,no_action,0,No action,2026-05-05T10:18:54.823Z,1777976334817,v1
0,low_risk,no_action,0,No action,2026-05-05T10:18:54.823Z,1777976334817,v1
0,low_risk,no_action,0,No action,2026-05-05T10:18:54.823Z,1777976334817,v1
0,low_risk,no_action,0,No action,2026-05-05T10:18:54.823Z,1777976334817,v1
0,low_risk,no_action,0,No action,2026-05-05T10:18:54.823Z,1777976334817,v1
0,low_risk,no_action,0,No action,2026-05-05T10:18:54.823Z,1777976334817,v1
0,low_risk,no_action,0,No action,2026-05-05T10:18:54.823Z,1777976334817,v1
0,low_risk,no_action,0,No action,2026-05-05T10:18:54.823Z,1777976334817,v1
0,low_risk,no_action,0,No action,2026-05-05T10:18:54.823Z,1777976334817,v1
0,low_risk,no_action,0,No action,2026-05-05T10:18:54.823Z,1777976334817,v1
0,low_risk,no_action,0,No action,2026-05-05T10:18:54.823Z,1777976334817,v1
0,low_risk,no_action,0,No action,2026-05-05T10:18:54.823Z,1777976334817,v1
0,low_risk,no_action,0,No action,2026-05-05T10:18:54.823Z,1777976334817,v1
0,low_risk,no_action,0,No action,2026-05-05T10:18:54.823Z,1777976334817,v1
0,low_risk,no_action,0,No action,2026-05-05T10:18:54.823Z,1777976334817,v1
0,low_risk,no_action,0,No action,2026-05-05T10:18:54.823Z,1777976334817,v1
0.99,high_risk,premium_retention_offer,68.8,Send premium retention offer,2026-05-05T10:18:54.823Z,1777976334817,v1
0,low_risk,no_action,0,No action,2026-05-05T10:18:54.823Z,1777976334817,v1
0.99,high_risk,premium_retention_offer,68.8,Send premium retention offer,2026-05-05T10:18:54.823Z,1777976334817,v1
0,low_risk,no_action,0,No action,2026-05-05T10:18:54.823Z,1777976334817,v1
0,low_risk,no_action,0,No action,2026-05-05T10:18:54.823Z,1777976334817,v1
0,low_risk,no_action,0,No action,2026-05-05T10:18:54.823Z,1777976334817,v1
0,low_risk,no_action,0,No action,2026-05-05T10:18:54.823Z,1777976334817,v1
0,low_risk,no_action,0,No action,2026-05-05T10:18:54.823Z,1777976334817,v1
0,low_risk,no_action,0,No action,2026-05-05T10:18:54.823Z,1777976334817,v1
0,low_risk,no_action,0,No action,2026-05-05T10:18:54.823Z,1777976334817,v1
0,low_risk,no_action,0,No action,2026-05-05T10:18:54.823Z,1777976334817,v1
0,low_risk,no_action,0,No action,2026-05-05T10:18:54.823Z,1777976334817,v1
0,low_risk,no_action,0,No action,2026-05-05T10:18:54.823Z,1777976334817,v1
0,low_risk,no_action,0,No action,2026-05-05T10:18:54.823Z,1777976334817,v1
0.96,high_risk,premium_retention_offer,65.2,Send premium retention offer,2026-05-05T10:18:54.823Z,1777976334817,v1
0,low_risk,no_action,0,No action,2026-05-05T10:18:54.823Z,1777976334817,v1
0,low_risk,no_action,0,No action,2026-05-05T10:18:54.823Z,1777976334817,v1
1,high_risk,premium_retention_offer,70,Send premium retention offer,2026-05-05T10:18:54.823Z,1777976334817,v1
0.99,high_risk,premium_retention_offer,68.8,Send premium retention offer,2026-05-05T10:18:54.823Z,1777976334817,v1
0.97,high_risk,premium_retention_offer,66.4,Send premium retention offer,2026-05-05T10:18:54.823Z,1777976334817,v1
1,high_risk,premium_retention_offer,70,Send premium retention offer,2026-05-05T10:18:54.823Z,1777976334817,v1
0,low_risk,no_action,0,No action,2026-05-05T10:18:54.823Z,1777976334817,v1
0,low_risk,no_action,0,No action,2026-05-05T10:18:54.823Z,1777976334817,v1
0,low_risk,no_action,0,No action,2026-05-05T10:18:54.823Z,1777976334817,v1
0,low_risk,no_action,0,No action,2026-05-05T10:18:54.823Z,1777976334817,v1
0,low_risk,no_action,0,No action,2026-05-05T10:18:54.823Z,1777976334817,v1
0,low_risk,no_action,0,No action,2026-05-05T10:18:54.823Z,1777976334817,v1
0,low_risk,no_action,0,No action,2026-05-05T10:18:54.823Z,1777976334817,v1
0,low_risk,no_action,0,No action,2026-05-05T10:18:54.823Z,1777976334817,v1
0,low_risk,no_action,0,No action,2026-05-05T10:18:54.823Z,1777976334817,v1
0.99,high_risk,premium_retention_offer,68.8,Send premium retention offer,2026-05-05T10:18:54.823Z,1777976334817,v1
0,low_risk,no_action,0,No action,2026-05-05T10:18:54.823Z,1777976334817,v1
0,low_risk,no_action,0,No action,2026-05-05T10:18:54.823Z,1777976334817,v1
0,low_risk,no_action,0,No action,2026-05-05T10:18:54.823Z,1777976334817,v1
1,high_risk,premium_retention_offer,70,Send premium retention offer,2026-05-05T10:18:54.823Z,1777976334817,v1
0,low_risk,no_action,0,No action,2026-05-05T10:18:54.823Z,1777976334817,v1
0.96,high_risk,premium_retention_offer,65.2,Send premium retention offer,2026-05-05T10:18:54.823Z,1777976334817,v1
0,low_risk,no_action,0,No action,2026-05-05T10:18:54.823Z,1777976334817,v1
0.01,low_risk,no_action,0,No action,2026-05-05T10:18:54.823Z,1777976334817,v1
0,low_risk,no_action,0,No action,2026-05-05T10:18:54.823Z,1777976334817,v1
0,low_risk,no_action,0,No action,2026-05-05T10:18:54.823Z,1777976334817,v1
1,high_risk,premium_retention_offer,70,Send premium retention offer,2026-05-05T10:18:54.823Z,1777976334817,v1
0,low_risk,no_action,0,No action,2026-05-05T10:18:54.823Z,1777976334817,v1
0,low_risk,no_action,0,No action,2026-05-05T10:18:54.824Z,1777976334817,v1
0,low_risk,no_action,0,No action,2026-05-05T10:18:54.824Z,1777976334817,v1
0.01,low_risk,no_action,0,No action,2026-05-05T10:18:54.824Z,1777976334817,v1
0,low_risk,no_action,0,No action,2026-05-05T10:18:54.824Z,1777976334817,v1
0.99,high_risk,premium_retention_offer,68.8,Send premium retention offer,2026-05-05T10:18:54.824Z,1777976334817,v1
0,low_risk,no_action,0,No action,2026-05-05T10:18:54.824Z,1777976334817,v1
0.01,low_risk,no_action,0,No action,2026-05-05T10:18:54.824Z,1777976334817,v1
0,low_risk,no_action,0,No action,2026-05-05T10:18:54.824Z,1777976334817,v1
0,low_risk,no_action,0,No action,2026-05-05T10:18:54.824Z,1777976334817,v1
0,low_risk,no_action,0,No action,2026-05-05T10:18:54.824Z,1777976334817,v1
0.99,high_risk,premium_retention_offer,68.8,Send premium retention offer,2026-05-05T10:18:54.824Z,1777976334817,v1
0,low_risk,no_action,0,No action,2026-05-05T10:18:54.824Z,1777976334817,v1
0,low_risk,no_action,0,No action,2026-05-05T10:18:54.824Z,1777976334817,v1
0,low_risk,no_action,0,No action,2026-05-05T10:18:54.824Z,1777976334817,v1
0,low_risk,no_action,0,No action,2026-05-05T10:18:54.824Z,1777976334817,v1
0,low_risk,no_action,0,No action,2026-05-05T10:18:54.824Z,1777976334817,v1
0.99,high_risk,premium_retention_offer,68.8,Send premium retention offer,2026-05-05T10:18:54.824Z,1777976334817,v1
0,low_risk,no_action,0,No action,2026-05-05T10:18:54.824Z,1777976334817,v1
0,low_risk,no_action,0,No action,2026-05-05T10:18:54.824Z,1777976334817,v1
0,low_risk,no_action,0,No action,2026-05-05T10:18:54.824Z,1777976334817,v1
0,low_risk,no_action,0,No action,2026-05-05T10:18:54.824Z,1777976334817,v1
1,high_risk,premium_retention_offer,70,Send premium retention offer,2026-05-05T10:18:54.824Z,1777976334817,v1
0,low_risk,no_action,0,No action,2026-05-05T10:18:54.824Z,1777976334817,v1
0,low_risk,no_action,0,No action,2026-05-05T10:18:54.824Z,1777976334817,v1
0,low_risk,no_action,0,No action,2026-05-05T10:18:54.824Z,1777976334817,v1
1,high_risk,premium_retention_offer,70,Send premium retention offer,2026-05-05T10:18:54.824Z,1777976334817,v1
1,high_risk,premium_retention_offer,70,Send premium retention offer,2026-05-05T10:18:54.824Z,1777976334817,v1
0,low_risk,no_action,0,No action,2026-05-05T10:18:54.824Z,1777976334817,v1
0,low_risk,no_action,0,No action,2026-05-05T10:18:54.824Z,1777976334817,v1
1,high_risk,premium_retention_offer,70,Send premium retention offer,2026-05-05T10:18:54.824Z,1777976334817,v1
0,low_risk,no_action,0,No action,2026-05-05T10:18:54.824Z,1777976334817,v1
0,low_risk,no_action,0,No action,2026-05-05T10:18:54.824Z,1777976334817,v1
0.99,high_risk,premium_retention_offer,68.8,Send premium retention offer,2026-05-05T10:18:54.824Z,1777976334817,v1
0,low_risk,no_action,0,No action,2026-05-05T10:18:54.824Z,1777976334817,v1
0,low_risk,no_action,0,No action,2026-05-05T10:18:54.824Z,1777976334817,v1
0,low_risk,no_action,0,No action,2026-05-05T10:18:54.824Z,1777976334817,v1
0.99,high_risk,premium_retention_offer,68.8,Send premium retention offer,2026-05-05T10:18:54.824Z,1777976334817,v1
0,low_risk,no_action,0,No action,2026-05-05T10:18:54.824Z,1777976334817,v1
0,low_risk,no_action,0,No action,2026-05-05T10:18:54.824Z,1777976334817,v1
0,low_risk,no_action,0,No action,2026-05-05T10:18:54.824Z,1777976334817,v1
0,low_risk,no_action,0,No action,2026-05-05T10:18:54.824Z,1777976334817,v1
0,low_risk,no_action,0,No action,2026-05-05T10:18:54.824Z,1777976334817,v1
0,low_risk,no_action,0,No action,2026-05-05T10:18:54.824Z,1777976334817,v1
0,low_risk,no_action,0,No action,2026-05-05T10:18:54.824Z,1777976334817,v1
0,low_risk,no_action,0,No action,2026-05-05T10:18:54.824Z,1777976334817,v1
0,low_risk,no_action,0,No action,2026-05-05T10:18:54.824Z,1777976334817,v1
0.99,high_risk,premium_retention_offer,68.8,Send premium retention offer,2026-05-05T10:18:54.824Z,1777976334817,v1
0.99,high_risk,premium_retention_offer,68.8,Send premium retention offer,2026-05-05T10:18:54.824Z,1777976334817,v1
1,high_risk,premium_retention_offer,70,Send premium retention offer,2026-05-05T10:18:54.824Z,1777976334817,v1
0,low_risk,no_action,0,No action,2026-05-05T10:18:54.824Z,1777976334817,v1
0,low_risk,no_action,0,No action,2026-05-05T10:18:54.824Z,1777976334817,v1
0,low_risk,no_action,0,No action,2026-05-05T10:18:54.824Z,1777976334817,v1
0,low_risk,no_action,0,No action,2026-05-05T10:18:54.824Z,1777976334817,v1
0,low_risk,no_action,0,No action,2026-05-05T10:18:54.824Z,1777976334817,v1
0,low_risk,no_action,0,No action,2026-05-05T10:18:54.824Z,1777976334817,v1
0,low_risk,no_action,0,No action,2026-05-05T10:18:54.824Z,1777976334817,v1
0,low_risk,no_action,0,No action,2026-05-05T10:18:54.824Z,1777976334817,v1
0,low_risk,no_action,0,No action,2026-05-05T10:18:54.824Z,1777976334817,v1
0,low_risk,no_action,0,No action,2026-05-05T10:18:54.824Z,1777976334817,v1
0,low_risk,no_action,0,No action,2026-05-05T10:18:54.824Z,1777976334817,v1
0,low_risk,no_action,0,No action,2026-05-05T10:18:54.824Z,1777976334817,v1
0,low_risk,no_action,0,No action,2026-05-05T10:18:54.824Z,1777976334817,v1
0,low_risk,no_action,0,No action,2026-05-05T10:18:54.824Z,1777976334817,v1
0,low_risk,no_action,0,No action,2026-05-05T10:18:54.824Z,1777976334817,v1
0,low_risk,no_action,0,No action,2026-05-05T10:18:54.824Z,1777976334817,v1
0.98,high_risk,premium_retention_offer,67.6,Send premium retention offer,2026-05-05T10:18:54.824Z,1777976334817,v1
0.98,high_risk,premium_retention_offer,67.6,Send premium retention offer,2026-05-05T10:18:54.824Z,1777976334817,v1
0,low_risk,no_action,0,No action,2026-05-05T10:18:54.824Z,1777976334817,v1
0,low_risk,no_action,0,No action,2026-05-05T10:18:54.824Z,1777976334817,v1
0.99,high_risk,premium_retention_offer,68.8,Send premium retention offer,2026-05-05T10:18:54.824Z,1777976334817,v1
0,low_risk,no_action,0,No action,2026-05-05T10:18:54.824Z,1777976334817,v1
0,low_risk,no_action,0,No action,2026-05-05T10:18:54.824Z,1777976334817,v1
0,low_risk,no_action,0,No action,2026-05-05T10:18:54.824Z,1777976334817,v1
0,low_risk,no_action,0,No action,2026-05-05T10:18:54.824Z,1777976334817,v1
0,low_risk,no_action,0,No action,2026-05-05T10:18:54.824Z,1777976334817,v1
0.01,low_risk,no_action,0,No action,2026-05-05T10:18:54.824Z,1777976334817,v1
0,low_risk,no_action,0,No action,2026-05-05T10:18:54.824Z,1777976334817,v1
0,low_risk,no_action,0,No action,2026-05-05T10:18:54.824Z,1777976334817,v1
0,low_risk,no_action,0,No action,2026-05-05T10:18:54.824Z,1777976334817,v1
0,low_risk,no_action,0,No action,2026-05-05T10:18:54.824Z,1777976334817,v1
0,low_risk,no_action,0,No action,2026-05-05T10:18:54.824Z,1777976334817,v1
0,low_risk,no_action,0,No action,2026-05-05T10:18:54.824Z,1777976334817,v1
0,low_risk,no_action,0,No action,2026-05-05T10:18:54.824Z,1777976334817,v1
0,low_risk,no_action,0,No action,2026-05-05T10:18:54.824Z,1777976334817,v1
0,low_risk,no_action,0,No action,2026-05-05T10:18:54.824Z,1777976334817,v1
0,low_risk,no_action,0,No action,2026-05-05T10:18:54.824Z,1777976334817,v1
0,low_risk,no_action,0,No action,2026-05-05T10:18:54.824Z,1777976334817,v1
0,low_risk,no_action,0,No action,2026-05-05T10:18:54.824Z,1777976334817,v1
0,low_risk,no_action,0,No action,2026-05-05T10:18:54.824Z,1777976334817,v1
0,low_risk,no_action,0,No action,2026-05-05T10:18:54.824Z,1777976334817,v1
0,low_risk,no_action,0,No action,2026-05-05T10:18:54.824Z,1777976334817,v1
1,high_risk,premium_retention_offer,70,Send premium retention offer,2026-05-05T10:18:54.824Z,1777976334817,v1
0,low_risk,no_action,0,No action,2026-05-05T10:18:54.824Z,1777976334817,v1
0,low_risk,no_action,0,No action,2026-05-05T10:18:54.824Z,1777976334817,v1
0.99,high_risk,premium_retention_offer,68.8,Send premium retention offer,2026-05-05T10:18:54.824Z,1777976334817,v1
0,low_risk,no_action,0,No action,2026-05-05T10:18:54.824Z,1777976334817,v1
0,low_risk,no_action,0,No action,2026-05-05T10:18:54.824Z,1777976334817,v1
0,low_risk,no_action,0,No action,2026-05-05T10:18:54.824Z,1777976334817,v1
0,low_risk,no_action,0,No action,2026-05-05T10:18:54.824Z,1777976334817,v1
0,low_risk,no_action,0,No action,2026-05-05T10:18:54.824Z,1777976334817,v1
0,low_risk,no_action,0,No action,2026-05-05T10:18:54.824Z,1777976334817,v1
0,low_risk,no_action,0,No action,2026-05-05T10:18:54.824Z,1777976334817,v1
0,low_risk,no_action,0,No action,2026-05-05T10:18:54.824Z,1777976334817,v1
0,low_risk,no_action,0,No action,2026-05-05T10:18:54.824Z,1777976334817,v1
0,low_risk,no_action,0,No action,2026-05-05T10:18:54.824Z,1777976334817,v1
1,high_risk,premium_retention_offer,70,Send premium retention offer,2026-05-05T10:18:54.824Z,1777976334817,v1
0,low_risk,no_action,0,No action,2026-05-05T10:18:54.824Z,1777976334817,v1
0,low_risk,no_action,0,No action,2026-05-05T10:18:54.824Z,1777976334817,v1
0,low_risk,no_action,0,No action,2026-05-05T10:18:54.824Z,1777976334817,v1
1,high_risk,premium_retention_offer,70,Send premium retention offer,2026-05-05T10:18:54.824Z,1777976334817,v1
0.01,low_risk,no_action,0,No action,2026-05-05T10:18:54.824Z,1777976334817,v1
0,low_risk,no_action,0,No action,2026-05-05T10:18:54.824Z,1777976334817,v1
0,low_risk,no_action,0,No action,2026-05-05T10:18:54.824Z,1777976334817,v1
0,low_risk,no_action,0,No action,2026-05-05T10:18:54.824Z,1777976334817,v1
0,low_risk,no_action,0,No action,2026-05-05T10:18:54.824Z,1777976334817,v1
0,low_risk,no_action,0,No action,2026-05-05T10:18:54.824Z,1777976334817,v1
0,low_risk,no_action,0,No action,2026-05-05T10:18:54.824Z,1777976334817,v1
0,low_risk,no_action,0,No action,2026-05-05T10:18:54.824Z,1777976334817,v1
0,low_risk,no_action,0,No action,2026-05-05T10:18:54.824Z,1777976334817,v1
0,low_risk,no_action,0,No action,2026-05-05T10:18:54.824Z,1777976334817,v1
0,low_risk,no_action,0,No action,2026-05-05T10:18:54.824Z,1777976334817,v1
0.04,low_risk,no_action,0,No action,2026-05-05T10:18:54.824Z,1777976334817,v1
0,low_risk,no_action,0,No action,2026-05-05T10:18:54.824Z,1777976334817,v1
0,low_risk,no_action,0,No action,2026-05-05T10:18:54.824Z,1777976334817,v1
0,low_risk,no_action,0,No action,2026-05-05T10:18:54.824Z,1777976334817,v1
0,low_risk,no_action,0,No action,2026-05-05T10:18:54.824Z,1777976334817,v1
0,low_risk,no_action,0,No action,2026-05-05T10:18:54.824Z,1777976334817,v1
0,low_risk,no_action,0,No action,2026-05-05T10:18:54.824Z,1777976334817,v1
0.97,high_risk,premium_retention_offer,66.4,Send premium retention offer,2026-05-05T10:18:54.824Z,1777976334817,v1
0,low_risk,no_action,0,No action,2026-05-05T10:18:54.824Z,1777976334817,v1
0,low_risk,no_action,0,No action,2026-05-05T10:18:54.824Z,1777976334817,v1
0.01,low_risk,no_action,0,No action,2026-05-05T10:18:54.824Z,1777976334817,v1
0,low_risk,no_action,0,No action,2026-05-05T10:18:54.824Z,1777976334817,v1
1,high_risk,premium_retention_offer,70,Send premium retention offer,2026-05-05T10:18:54.824Z,1777976334817,v1
0,low_risk,no_action,0,No action,2026-05-05T10:18:54.824Z,1777976334817,v1
0,low_risk,no_action,0,No action,2026-05-05T10:18:54.824Z,1777976334817,v1
0,low_risk,no_action,0,No action,2026-05-05T10:18:54.824Z,1777976334817,v1
0,low_risk,no_action,0,No action,2026-05-05T10:18:54.824Z,1777976334817,v1
0,low_risk,no_action,0,No action,2026-05-05T10:18:54.824Z,1777976334817,v1
0,low_risk,no_action,0,No action,2026-05-05T10:18:54.824Z,1777976334817,v1
0,low_risk,no_action,0,No action,2026-05-05T10:18:54.824Z,1777976334817,v1
1,high_risk,premium_retention_offer,70,Send premium retention offer,2026-05-05T10:18:54.824Z,1777976334817,v1
1,high_risk,premium_retention_offer,70,Send premium retention offer,2026-05-05T10:18:54.824Z,1777976334817,v1
0,low_risk,no_action,0,No action,2026-05-05T10:18:54.824Z,1777976334817,v1
1,high_risk,premium_retention_offer,70,Send premium retention offer,2026-05-05T10:18:54.824Z,1777976334817,v1
0,low_risk,no_action,0,No action,2026-05-05T10:18:54.824Z,1777976334817,v1
0,low_risk,no_action,0,No action,2026-05-05T10:18:54.824Z,1777976334817,v1
0,low_risk,no_action,0,No action,2026-05-05T10:18:54.824Z,1777976334817,v1
0,low_risk,no_action,0,No action,2026-05-05T10:18:54.824Z,1777976334817,v1
0.99,high_risk,premium_retention_offer,68.8,Send premium retention offer,2026-05-05T10:18:54.824Z,1777976334817,v1
0,low_risk,no_action,0,No action,2026-05-05T10:18:54.824Z,1777976334817,v1
0,low_risk,no_action,0,No action,2026-05-05T10:18:54.824Z,1777976334817,v1
0,low_risk,no_action,0,No action,2026-05-05T10:18:54.824Z,1777976334817,v1
0,low_risk,no_action,0,No action,2026-05-05T10:18:54.824Z,1777976334817,v1
0.01,low_risk,no_action,0,No action,2026-05-05T10:18:54.824Z,1777976334817,v1
1,high_risk,premium_retention_offer,70,Send premium retention offer,2026-05-05T10:18:54.824Z,1777976334817,v1
0,low_risk,no_action,0,No action,2026-05-05T10:18:54.824Z,1777976334817,v1
0,low_risk,no_action,0,No action,2026-05-05T10:18:54.824Z,1777976334817,v1
0,low_risk,no_action,0,No action,2026-05-05T10:18:54.824Z,1777976334817,v1
0,low_risk,no_action,0,No action,2026-05-05T10:18:54.824Z,1777976334817,v1
0,low_risk,no_action,0,No action,2026-05-05T10:18:54.824Z,1777976334817,v1
0,low_risk,no_action,0,No action,2026-05-05T10:18:54.824Z,1777976334817,v1
0,low_risk,no_action,0,No action,2026-05-05T10:18:54.824Z,1777976334817,v1
0,low_risk,no_action,0,No action,2026-05-05T10:18:54.824Z,1777976334817,v1
0.95,high_risk,premium_retention_offer,64,Send premium retention offer,2026-05-05T10:18:54.824Z,1777976334817,v1
0,low_risk,no_action,0,No action,2026-05-05T10:18:54.824Z,1777976334817,v1
0.99,high_risk,premium_retention_offer,68.8,Send premium retention offer,2026-05-05T10:18:54.824Z,1777976334817,v1
0,low_risk,no_action,0,No action,2026-05-05T10:18:54.824Z,1777976334817,v1
0.99,high_risk,premium_retention_offer,68.8,Send premium retention offer,2026-05-05T10:18:54.824Z,1777976334817,v1
0.99,high_risk,premium_retention_offer,68.8,Send premium retention offer,2026-05-05T10:18:54.824Z,1777976334817,v1
0,low_risk,no_action,0,No action,2026-05-05T10:18:54.824Z,1777976334817,v1
1,high_risk,premium_retention_offer,70,Send premium retention offer,2026-05-05T10:18:54.824Z,1777976334817,v1
0,low_risk,no_action,0,No action,2026-05-05T10:18:54.824Z,1777976334817,v1
0.99,high_risk,premium_retention_offer,68.8,Send premium retention offer,2026-05-05T10:18:54.824Z,1777976334817,v1
0,low_risk,no_action,0,No action,2026-05-05T10:18:54.824Z,1777976334817,v1
0,low_risk,no_action,0,No action,2026-05-05T10:18:54.824Z,1777976334817,v1
0,low_risk,no_action,0,No action,2026-05-05T10:18:54.824Z,1777976334817,v1
0,low_risk,no_action,0,No action,2026-05-05T10:18:54.824Z,1777976334817,v1
1,high_risk,premium_retention_offer,70,Send premium retention offer,2026-05-05T10:18:54.824Z,1777976334817,v1
0,low_risk,no_action,0,No action,2026-05-05T10:18:54.824Z,1777976334817,v1
0,low_risk,no_action,0,No action,2026-05-05T10:18:54.824Z,1777976334817,v1
0,low_risk,no_action,0,No action,2026-05-05T10:18:54.824Z,1777976334817,v1
0,low_risk,no_action,0,No action,2026-05-05T10:18:54.824Z,1777976334817,v1
1,high_risk,premium_retention_offer,70,Send premium retention offer,2026-05-05T10:18:54.824Z,1777976334817,v1
0,low_risk,no_action,0,No action,2026-05-05T10:18:54.824Z,1777976334817,v1
0.01,low_risk,no_action,0,No action,2026-05-05T10:18:54.824Z,1777976334817,v1
1,high_risk,premium_retention_offer,70,Send premium retention offer,2026-05-05T10:18:54.824Z,1777976334817,v1
0,low_risk,no_action,0,No action,2026-05-05T10:18:54.824Z,1777976334817,v1
0,low_risk,no_action,0,No action,2026-05-05T10:18:54.824Z,1777976334817,v1
1,high_risk,premium_retention_offer,70,Send premium retention offer,2026-05-05T10:18:54.824Z,1777976334817,v1
0.01,low_risk,no_action,0,No action,2026-05-05T10:18:54.824Z,1777976334817,v1
0,low_risk,no_action,0,No action,2026-05-05T10:18:54.824Z,1777976334817,v1
0,low_risk,no_action,0,No action,2026-05-05T10:18:54.824Z,1777976334817,v1
0,low_risk,no_action,0,No action,2026-05-05T10:18:54.824Z,1777976334817,v1
0,low_risk,no_action,0,No action,2026-05-05T10:18:54.824Z,1777976334817,v1
0,low_risk,no_action,0,No action,2026-05-05T10:18:54.824Z,1777976334817,v1
1,high_risk,premium_retention_offer,70,Send premium retention offer,2026-05-05T10:18:54.824Z,1777976334817,v1
1,high_risk,premium_retention_offer,70,Send premium retention offer,2026-05-05T10:18:54.824Z,1777976334817,v1
0,low_risk,no_action,0,No action,2026-05-05T10:18:54.824Z,1777976334817,v1
0,low_risk,no_action,0,No action,2026-05-05T10:18:54.824Z,1777976334817,v1
0.99,high_risk,premium_retention_offer,68.8,Send premium retention offer,2026-05-05T10:18:54.824Z,1777976334817,v1
0,low_risk,no_action,0,No action,2026-05-05T10:18:54.824Z,1777976334817,v1
0,low_risk,no_action,0,No action,2026-05-05T10:18:54.824Z,1777976334817,v1
0.01,low_risk,no_action,0,No action,2026-05-05T10:18:54.824Z,1777976334817,v1
1,high_risk,premium_retention_offer,70,Send premium retention offer,2026-05-05T10:18:54.824Z,1777976334817,v1
1,high_risk,premium_retention_offer,70,Send premium retention offer,2026-05-05T10:18:54.824Z,1777976334817,v1
0,low_risk,no_action,0,No action,2026-05-05T10:18:54.824Z,1777976334817,v1
0.96,high_risk,premium_retention_offer,65.2,Send premium retention offer,2026-05-05T10:18:54.824Z,1777976334817,v1
0,low_risk,no_action,0,No action,2026-05-05T10:18:54.824Z,1777976334817,v1
0,low_risk,no_action,0,No action,2026-05-05T10:18:54.824Z,1777976334817,v1
0,low_risk,no_action,0,No action,2026-05-05T10:18:54.824Z,1777976334817,v1
0.99,high_risk,premium_retention_offer,68.8,Send premium retention offer,2026-05-05T10:18:54.824Z,1777976334817,v1
0,low_risk,no_action,0,No action,2026-05-05T10:18:54.824Z,1777976334817,v1
0,low_risk,no_action,0,No action,2026-05-05T10:18:54.824Z,1777976334817,v1
0,low_risk,no_action,0,No action,2026-05-05T10:18:54.824Z,1777976334817,v1
1,high_risk,premium_retention_offer,70,Send premium retention offer,2026-05-05T10:18:54.824Z,1777976334817,v1
0,low_risk,no_action,0,No action,2026-05-05T10:18:54.824Z,1777976334817,v1
0,low_risk,no_action,0,No action,2026-05-05T10:18:54.824Z,1777976334817,v1
0,low_risk,no_action,0,No action,2026-05-05T10:18:54.824Z,1777976334817,v1
0,low_risk,no_action,0,No action,2026-05-05T10:18:54.824Z,1777976334817,v1
0,low_risk,no_action,0,No action,2026-05-05T10:18:54.824Z,1777976334817,v1
0,low_risk,no_action,0,No action,2026-05-05T10:18:54.824Z,1777976334817,v1
0.99,high_risk,premium_retention_offer,68.8,Send premium retention offer,2026-05-05T10:18:54.824Z,1777976334817,v1
0,low_risk,no_action,0,No action,2026-05-05T10:18:54.824Z,1777976334817,v1
0,low_risk,no_action,0,No action,2026-05-05T10:18:54.824Z,1777976334817,v1
1,high_risk,premium_retention_offer,70,Send premium retention offer,2026-05-05T10:18:54.824Z,1777976334817,v1
0.98,high_risk,premium_retention_offer,67.6,Send premium retention offer,2026-05-05T10:18:54.824Z,1777976334817,v1
0.99,high_risk,premium_retention_offer,68.8,Send premium retention offer,2026-05-05T10:18:54.824Z,1777976334817,v1
0,low_risk,no_action,0,No action,2026-05-05T10:18:54.824Z,1777976334817,v1
0.99,high_risk,premium_retention_offer,68.8,Send premium retention offer,2026-05-05T10:18:54.824Z,1777976334817,v1
1,high_risk,premium_retention_offer,70,Send premium retention offer,2026-05-05T10:18:54.824Z,1777976334817,v1
0,low_risk,no_action,0,No action,2026-05-05T10:18:54.824Z,1777976334817,v1
0,low_risk,no_action,0,No action,2026-05-05T10:18:54.824Z,1777976334817,v1
0,low_risk,no_action,0,No action,2026-05-05T10:18:54.824Z,1777976334817,v1
0.99,high_risk,premium_retention_offer,68.8,Send premium retention offer,2026-05-05T10:18:54.824Z,1777976334817,v1
0,low_risk,no_action,0,No action,2026-05-05T10:18:54.824Z,1777976334817,v1
0,low_risk,no_action,0,No action,2026-05-05T10:18:54.824Z,1777976334817,v1
0,low_risk,no_action,0,No action,2026-05-05T10:18:54.824Z,1777976334817,v1
0,low_risk,no_action,0,No action,2026-05-05T10:18:54.824Z,1777976334817,v1
1,high_risk,premium_retention_offer,70,Send premium retention offer,2026-05-05T10:18:54.824Z,1777976334817,v1
0,low_risk,no_action,0,No action,2026-05-05T10:18:54.824Z,1777976334817,v1
0,low_risk,no_action,0,No action,2026-05-05T10:18:54.824Z,1777976334817,v1
0,low_risk,no_action,0,No action,2026-05-05T10:18:54.824Z,1777976334817,v1
1,high_risk,premium_retention_offer,70,Send premium retention offer,2026-05-05T10:18:54.824Z,1777976334817,v1
1,high_risk,premium_retention_offer,70,Send premium retention offer,2026-05-05T10:18:54.824Z,1777976334817,v1
0,low_risk,no_action,0,No action,2026-05-05T10:18:54.824Z,1777976334817,v1
0,low_risk,no_action,0,No action,2026-05-05T10:18:54.824Z,1777976334817,v1
0.01,low_risk,no_action,0,No action,2026-05-05T10:18:54.824Z,1777976334817,v1
0,low_risk,no_action,0,No action,2026-05-05T10:18:54.824Z,1777976334817,v1
0,low_risk,no_action,0,No action,2026-05-05T10:18:54.824Z,1777976334817,v1
0,low_risk,no_action,0,No action,2026-05-05T10:18:54.824Z,1777976334817,v1
0,low_risk,no_action,0,No action,2026-05-05T10:18:54.824Z,1777976334817,v1
1,high_risk,premium_retention_offer,70,Send premium retention offer,2026-05-05T10:18:54.824Z,1777976334817,v1
0,low_risk,no_action,0,No action,2026-05-05T10:18:54.824Z,1777976334817,v1
0,low_risk,no_action,0,No action,2026-05-05T10:18:54.824Z,1777976334817,v1
0,low_risk,no_action,0,No action,2026-05-05T10:18:54.824Z,1777976334817,v1
0,low_risk,no_action,0,No action,2026-05-05T10:18:54.824Z,1777976334817,v1
0,low_risk,no_action,0,No action,2026-05-05T10:18:54.824Z,1777976334817,v1
1,high_risk,premium_retention_offer,70,Send premium retention offer,2026-05-05T10:18:54.824Z,1777976334817,v1
0,low_risk,no_action,0,No action,2026-05-05T10:18:54.824Z,1777976334817,v1
0.01,low_risk,no_action,0,No action,2026-05-05T10:18:54.824Z,1777976334817,v1
0,low_risk,no_action,0,No action,2026-05-05T10:18:54.824Z,1777976334817,v1
0,low_risk,no_action,0,No action,2026-05-05T10:18:54.824Z,1777976334817,v1
0.99,high_risk,premium_retention_offer,68.8,Send premium retention offer,2026-05-05T10:18:54.824Z,1777976334817,v1
0.98,high_risk,premium_retention_offer,67.6,Send premium retention offer,2026-05-05T10:18:54.824Z,1777976334817,v1
1,high_risk,premium_retention_offer,70,Send premium retention offer,2026-05-05T10:18:54.824Z,1777976334817,v1
0,low_risk,no_action,0,No action,2026-05-05T10:18:54.824Z,1777976334817,v1
0,low_risk,no_action,0,No action,2026-05-05T10:18:54.824Z,1777976334817,v1
0,low_risk,no_action,0,No action,2026-05-05T10:18:54.824Z,1777976334817,v1
0,low_risk,no_action,0,No action,2026-05-05T10:18:54.824Z,1777976334817,v1
0,low_risk,no_action,0,No action,2026-05-05T10:18:54.824Z,1777976334817,v1
0.98,high_risk,premium_retention_offer,67.6,Send premium retention offer,2026-05-05T10:18:54.824Z,1777976334817,v1
0,low_risk,no_action,0,No action,2026-05-05T10:18:54.824Z,1777976334817,v1
0,low_risk,no_action,0,No action,2026-05-05T10:18:54.824Z,1777976334817,v1
0,low_risk,no_action,0,No action,2026-05-05T10:18:54.824Z,1777976334817,v1
0,low_risk,no_action,0,No action,2026-05-05T10:18:54.824Z,1777976334817,v1
0.01,low_risk,no_action,0,No action,2026-05-05T10:18:54.824Z,1777976334817,v1
0,low_risk,no_action,0,No action,2026-05-05T10:18:54.824Z,1777976334817,v1
0,low_risk,no_action,0,No action,2026-05-05T10:18:54.824Z,1777976334817,v1
0,low_risk,no_action,0,No action,2026-05-05T10:18:54.824Z,1777976334817,v1
0,low_risk,no_action,0,No action,2026-05-05T10:18:54.824Z,1777976334817,v1
0,low_risk,no_action,0,No action,2026-05-05T10:18:54.824Z,1777976334817,v1
0.01,low_risk,no_action,0,No action,2026-05-05T10:18:54.824Z,1777976334817,v1
1,high_risk,premium_retention_offer,70,Send premium retention offer,2026-05-05T10:18:54.824Z,1777976334817,v1
0,low_risk,no_action,0,No action,2026-05-05T10:18:54.824Z,1777976334817,v1
0,low_risk,no_action,0,No action,2026-05-05T10:18:54.824Z,1777976334817,v1
0,low_risk,no_action,0,No action,2026-05-05T10:18:54.824Z,1777976334817,v1
0,low_risk,no_action,0,No action,2026-05-05T10:18:54.824Z,1777976334817,v1
1,high_risk,premium_retention_offer,70,Send premium retention offer,2026-05-05T10:18:54.824Z,1777976334817,v1
0,low_risk,no_action,0,No action,2026-05-05T10:18:54.824Z,1777976334817,v1
0,low_risk,no_action,0,No action,2026-05-05T10:18:54.824Z,1777976334817,v1
0,low_risk,no_action,0,No action,2026-05-05T10:18:54.824Z,1777976334817,v1
0,low_risk,no_action,0,No action,2026-05-05T10:18:54.824Z,1777976334817,v1
1,high_risk,premium_retention_offer,70,Send premium retention offer,2026-05-05T10:18:54.824Z,1777976334817,v1
0,low_risk,no_action,0,No action,2026-05-05T10:18:54.824Z,1777976334817,v1
0,low_risk,no_action,0,No action,2026-05-05T10:18:54.824Z,1777976334817,v1
0,low_risk,no_action,0,No action,2026-05-05T10:18:54.824Z,1777976334817,v1
1,high_risk,premium_retention_offer,70,Send premium retention offer,2026-05-05T10:18:54.824Z,1777976334817,v1
0,low_risk,no_action,0,No action,2026-05-05T10:18:54.824Z,1777976334817,v1
1,high_risk,premium_retention_offer,70,Send premium retention offer,2026-05-05T10:18:54.824Z,1777976334817,v1
0,low_risk,no_action,0,No action,2026-05-05T10:18:54.824Z,1777976334817,v1
0,low_risk,no_action,0,No action,2026-05-05T10:18:54.824Z,1777976334817,v1
0,low_risk,no_action,0,No action,2026-05-05T10:18:54.824Z,1777976334817,v1
0,low_risk,no_action,0,No action,2026-05-05T10:18:54.824Z,1777976334817,v1
1,high_risk,premium_retention_offer,70,Send premium retention offer,2026-05-05T10:18:54.824Z,1777976334817,v1
1,high_risk,premium_retention_offer,70,Send premium retention offer,2026-05-05T10:18:54.824Z,1777976334817,v1
0.01,low_risk,no_action,0,No action,2026-05-05T10:18:54.824Z,1777976334817,v1
0,low_risk,no_action,0,No action,2026-05-05T10:18:54.824Z,1777976334817,v1
0,low_risk,no_action,0,No action,2026-05-05T10:18:54.824Z,1777976334817,v1
0.99,high_risk,premium_retention_offer,68.8,Send premium retention offer,2026-05-05T10:18:54.824Z,1777976334817,v1
1,high_risk,premium_retention_offer,70,Send premium retention offer,2026-05-05T10:18:54.824Z,1777976334817,v1
0,low_risk,no_action,0,No action,2026-05-05T10:18:54.824Z,1777976334817,v1
0,low_risk,no_action,0,No action,2026-05-05T10:18:54.824Z,1777976334817,v1
1,high_risk,premium_retention_offer,70,Send premium retention offer,2026-05-05T10:18:54.824Z,1777976334817,v1
0,low_risk,no_action,0,No action,2026-05-05T10:18:54.824Z,1777976334817,v1
0,low_risk,no_action,0,No action,2026-05-05T10:18:54.824Z,1777976334817,v1
0,low_risk,no_action,0,No action,2026-05-05T10:18:54.824Z,1777976334817,v1
0,low_risk,no_action,0,No action,2026-05-05T10:18:54.824Z,1777976334817,v1
0,low_risk,no_action,0,No action,2026-05-05T10:18:54.824Z,1777976334817,v1
1,high_risk,premium_retention_offer,70,Send premium retention offer,2026-05-05T10:18:54.824Z,1777976334817,v1
0,low_risk,no_action,0,No action,2026-05-05T10:18:54.824Z,1777976334817,v1
1,high_risk,premium_retention_offer,70,Send premium retention offer,2026-05-05T10:18:54.824Z,1777976334817,v1
1,high_risk,premium_retention_offer,70,Send premium retention offer,2026-05-05T10:18:54.824Z,1777976334817,v1
0,low_risk,no_action,0,No action,2026-05-05T10:18:54.824Z,1777976334817,v1
0,low_risk,no_action,0,No action,2026-05-05T10:18:54.824Z,1777976334817,v1
0,low_risk,no_action,0,No action,2026-05-05T10:18:54.824Z,1777976334817,v1
0,low_risk,no_action,0,No action,2026-05-05T10:18:54.824Z,1777976334817,v1
1,high_risk,premium_retention_offer,70,Send premium retention offer,2026-05-05T10:18:54.824Z,1777976334817,v1
0,low_risk,no_action,0,No action,2026-05-05T10:18:54.824Z,1777976334817,v1
0,low_risk,no_action,0,No action,2026-05-05T10:18:54.824Z,1777976334817,v1
0,low_risk,no_action,0,No action,2026-05-05T10:18:54.824Z,1777976334817,v1
1,high_risk,premium_retention_offer,70,Send premium retention offer,2026-05-05T10:18:54.824Z,1777976334817,v1
1,high_risk,premium_retention_offer,70,Send premium retention offer,2026-05-05T10:18:54.824Z,1777976334817,v1
0.97,high_risk,premium_retention_offer,66.4,Send premium retention offer,2026-05-05T10:18:54.824Z,1777976334817,v1
0,low_risk,no_action,0,No action,2026-05-05T10:18:54.824Z,1777976334817,v1
0,low_risk,no_action,0,No action,2026-05-05T10:18:54.824Z,1777976334817,v1
0,low_risk,no_action,0,No action,2026-05-05T10:18:54.824Z,1777976334817,v1
0,low_risk,no_action,0,No action,2026-05-05T10:18:54.824Z,1777976334817,v1
0,low_risk,no_action,0,No action,2026-05-05T10:18:54.824Z,1777976334817,v1
1,high_risk,premium_retention_offer,70,Send premium retention offer,2026-05-05T10:18:54.824Z,1777976334817,v1
0,low_risk,no_action,0,No action,2026-05-05T10:18:54.824Z,1777976334817,v1
0,low_risk,no_action,0,No action,2026-05-05T10:18:54.824Z,1777976334817,v1
0,low_risk,no_action,0,No action,2026-05-05T10:18:54.824Z,1777976334817,v1
0,low_risk,no_action,0,No action,2026-05-05T10:18:54.824Z,1777976334817,v1
1,high_risk,premium_retention_offer,70,Send premium retention offer,2026-05-05T10:18:54.824Z,1777976334817,v1
0,low_risk,no_action,0,No action,2026-05-05T10:18:54.824Z,1777976334817,v1
0,low_risk,no_action,0,No action,2026-05-05T10:18:54.824Z,1777976334817,v1
0,low_risk,no_action,0,No action,2026-05-05T10:18:54.824Z,1777976334817,v1
0.01,low_risk,no_action,0,No action,2026-05-05T10:18:54.824Z,1777976334817,v1
0,low_risk,no_action,0,No action,2026-05-05T10:18:54.824Z,1777976334817,v1
0,low_risk,no_action,0,No action,2026-05-05T10:18:54.824Z,1777976334817,v1
0,low_risk,no_action,0,No action,2026-05-05T10:18:54.824Z,1777976334817,v1
0,low_risk,no_action,0,No action,2026-05-05T10:18:54.824Z,1777976334817,v1
1,high_risk,premium_retention_offer,70,Send premium retention offer,2026-05-05T10:18:54.824Z,1777976334817,v1
0.01,low_risk,no_action,0,No action,2026-05-05T10:18:54.824Z,1777976334817,v1
0,low_risk,no_action,0,No action,2026-05-05T10:18:54.824Z,1777976334817,v1
0,low_risk,no_action,0,No action,2026-05-05T10:18:54.824Z,1777976334817,v1
0,low_risk,no_action,0,No action,2026-05-05T10:18:54.824Z,1777976334817,v1
0,low_risk,no_action,0,No action,2026-05-05T10:18:54.824Z,1777976334817,v1
0.99,high_risk,premium_retention_offer,68.8,Send premium retention offer,2026-05-05T10:18:54.824Z,1777976334817,v1
0,low_risk,no_action,0,No action,2026-05-05T10:18:54.824Z,1777976334817,v1
0,low_risk,no_action,0,No action,2026-05-05T10:18:54.824Z,1777976334817,v1
1,high_risk,premium_retention_offer,70,Send premium retention offer,2026-05-05T10:18:54.824Z,1777976334817,v1
0,low_risk,no_action,0,No action,2026-05-05T10:18:54.824Z,1777976334817,v1
0,low_risk,no_action,0,No action,2026-05-05T10:18:54.824Z,1777976334817,v1
0,low_risk,no_action,0,No action,2026-05-05T10:18:54.824Z,1777976334817,v1
0,low_risk,no_action,0,No action,2026-05-05T10:18:54.824Z,1777976334817,v1
0,low_risk,no_action,0,No action,2026-05-05T10:18:54.824Z,1777976334817,v1
0,low_risk,no_action,0,No action,2026-05-05T10:18:54.824Z,1777976334817,v1
0,low_risk,no_action,0,No action,2026-05-05T10:18:54.824Z,1777976334817,v1
0,low_risk,no_action,0,No action,2026-05-05T10:18:54.824Z,1777976334817,v1
0,low_risk,no_action,0,No action,2026-05-05T10:18:54.824Z,1777976334817,v1
0,low_risk,no_action,0,No action,2026-05-05T10:18:54.824Z,1777976334817,v1
0.98,high_risk,premium_retention_offer,67.6,Send premium retention offer,2026-05-05T10:18:54.824Z,1777976334817,v1
0,low_risk,no_action,0,No action,2026-05-05T10:18:54.824Z,1777976334817,v1
1,high_risk,premium_retention_offer,70,Send premium retention offer,2026-05-05T10:18:54.824Z,1777976334817,v1
0.96,high_risk,premium_retention_offer,65.2,Send premium retention offer,2026-05-05T10:18:54.824Z,1777976334817,v1
0,low_risk,no_action,0,No action,2026-05-05T10:18:54.824Z,1777976334817,v1
0,low_risk,no_action,0,No action,2026-05-05T10:18:54.824Z,1777976334817,v1
0,low_risk,no_action,0,No action,2026-05-05T10:18:54.824Z,1777976334817,v1
0,low_risk,no_action,0,No action,2026-05-05T10:18:54.824Z,1777976334817,v1
0,low_risk,no_action,0,No action,2026-05-05T10:18:54.824Z,1777976334817,v1
0,low_risk,no_action,0,No action,2026-05-05T10:18:54.824Z,1777976334817,v1
0,low_risk,no_action,0,No action,2026-05-05T10:18:54.824Z,1777976334817,v1
0,low_risk,no_action,0,No action,2026-05-05T10:18:54.824Z,1777976334817,v1
0.99,high_risk,premium_retention_offer,68.8,Send premium retention offer,2026-05-05T10:18:54.824Z,1777976334817,v1
0,low_risk,no_action,0,No action,2026-05-05T10:18:54.824Z,1777976334817,v1
1,high_risk,premium_retention_offer,70,Send premium retention offer,2026-05-05T10:18:54.824Z,1777976334817,v1
0.01,low_risk,no_action,0,No action,2026-05-05T10:18:54.824Z,1777976334817,v1
0,low_risk,no_action,0,No action,2026-05-05T10:18:54.824Z,1777976334817,v1
0,low_risk,no_action,0,No action,2026-05-05T10:18:54.824Z,1777976334817,v1
0.01,low_risk,no_action,0,No action,2026-05-05T10:18:54.824Z,1777976334817,v1
0.01,low_risk,no_action,0,No action,2026-05-05T10:18:54.824Z,1777976334817,v1
0,low_risk,no_action,0,No action,2026-05-05T10:18:54.824Z,1777976334817,v1
0,low_risk,no_action,0,No action,2026-05-05T10:18:54.824Z,1777976334817,v1
0,low_risk,no_action,0,No action,2026-05-05T10:18:54.824Z,1777976334817,v1
1,high_risk,premium_retention_offer,70,Send premium retention offer,2026-05-05T10:18:54.824Z,1777976334817,v1
0,low_risk,no_action,0,No action,2026-05-05T10:18:54.824Z,1777976334817,v1
0.97,high_risk,premium_retention_offer,66.4,Send premium retention offer,2026-05-05T10:18:54.824Z,1777976334817,v1
0,low_risk,no_action,0,No action,2026-05-05T10:18:54.824Z,1777976334817,v1
0,low_risk,no_action,0,No action,2026-05-05T10:18:54.824Z,1777976334817,v1
0,low_risk,no_action,0,No action,2026-05-05T10:18:54.824Z,1777976334817,v1
0,low_risk,no_action,0,No action,2026-05-05T10:18:54.824Z,1777976334817,v1
0,low_risk,no_action,0,No action,2026-05-05T10:18:54.824Z,1777976334817,v1
0,low_risk,no_action,0,No action,2026-05-05T10:18:54.824Z,1777976334817,v1
0,low_risk,no_action,0,No action,2026-05-05T10:18:54.824Z,1777976334817,v1
0.01,low_risk,no_action,0,No action,2026-05-05T10:18:54.824Z,1777976334817,v1
0,low_risk,no_action,0,No action,2026-05-05T10:18:54.824Z,1777976334817,v1
1,high_risk,premium_retention_offer,70,Send premium retention offer,2026-05-05T10:18:54.824Z,1777976334817,v1
0,low_risk,no_action,0,No action,2026-05-05T10:18:54.824Z,1777976334817,v1
0,low_risk,no_action,0,No action,2026-05-05T10:18:54.824Z,1777976334817,v1
0,low_risk,no_action,0,No action,2026-05-05T10:18:54.824Z,1777976334817,v1
0,low_risk,no_action,0,No action,2026-05-05T10:18:54.824Z,1777976334817,v1
0,low_risk,no_action,0,No action,2026-05-05T10:18:54.824Z,1777976334817,v1
0,low_risk,no_action,0,No action,2026-05-05T10:18:54.824Z,1777976334817,v1
0,low_risk,no_action,0,No action,2026-05-05T10:18:54.824Z,1777976334817,v1
0,low_risk,no_action,0,No action,2026-05-05T10:18:54.824Z,1777976334817,v1
1,high_risk,premium_retention_offer,70,Send premium retention offer,2026-05-05T10:18:54.824Z,1777976334817,v1
0,low_risk,no_action,0,No action,2026-05-05T10:18:54.824Z,1777976334817,v1
0.01,low_risk,no_action,0,No action,2026-05-05T10:18:54.824Z,1777976334817,v1
0,low_risk,no_action,0,No action,2026-05-05T10:18:54.824Z,1777976334817,v1
0,low_risk,no_action,0,No action,2026-05-05T10:18:54.824Z,1777976334817,v1
0,low_risk,no_action,0,No action,2026-05-05T10:18:54.824Z,1777976334817,v1
0,low_risk,no_action,0,No action,2026-05-05T10:18:54.824Z,1777976334817,v1
1,high_risk,premium_retention_offer,70,Send premium retention offer,2026-05-05T10:18:54.824Z,1777976334817,v1
0,low_risk,no_action,0,No action,2026-05-05T10:18:54.824Z,1777976334817,v1
1,high_risk,premium_retention_offer,70,Send premium retention offer,2026-05-05T10:18:54.824Z,1777976334817,v1
0,low_risk,no_action,0,No action,2026-05-05T10:18:54.824Z,1777976334817,v1
0.01,low_risk,no_action,0,No action,2026-05-05T10:18:54.824Z,1777976334817,v1
0.99,high_risk,premium_retention_offer,68.8,Send premium retention offer,2026-05-05T10:18:54.824Z,1777976334817,v1
1,high_risk,premium_retention_offer,70,Send premium retention offer,2026-05-05T10:18:54.824Z,1777976334817,v1
1,high_risk,premium_retention_offer,70,Send premium retention offer,2026-05-05T10:18:54.824Z,1777976334817,v1
0,low_risk,no_action,0,No action,2026-05-05T10:18:54.824Z,1777976334817,v1
0.02,low_risk,no_action,0,No action,2026-05-05T10:18:54.824Z,1777976334817,v1
0.99,high_risk,premium_retention_offer,68.8,Send premium retention offer,2026-05-05T10:18:54.824Z,1777976334817,v1
0.99,high_risk,premium_retention_offer,68.8,Send premium retention offer,2026-05-05T10:18:54.824Z,1777976334817,v1
1,high_risk,premium_retention_offer,70,Send premium retention offer,2026-05-05T10:18:54.824Z,1777976334817,v1
0,low_risk,no_action,0,No action,2026-05-05T10:18:54.824Z,1777976334817,v1
0,low_risk,no_action,0,No action,2026-05-05T10:18:54.824Z,1777976334817,v1
0,low_risk,no_action,0,No action,2026-05-05T10:18:54.824Z,1777976334817,v1
0,low_risk,no_action,0,No action,2026-05-05T10:18:54.824Z,1777976334817,v1
0,low_risk,no_action,0,No action,2026-05-05T10:18:54.824Z,1777976334817,v1
0,low_risk,no_action,0,No action,2026-05-05T10:18:54.824Z,1777976334817,v1
0,low_risk,no_action,0,No action,2026-05-05T10:18:54.824Z,1777976334817,v1
0.99,high_risk,premium_retention_offer,68.8,Send premium retention offer,2026-05-05T10:18:54.824Z,1777976334817,v1
0,low_risk,no_action,0,No action,2026-05-05T10:18:54.824Z,1777976334817,v1
0,low_risk,no_action,0,No action,2026-05-05T10:18:54.824Z,1777976334817,v1
0,low_risk,no_action,0,No action,2026-05-05T10:18:54.824Z,1777976334817,v1
1,high_risk,premium_retention_offer,70,Send premium retention offer,2026-05-05T10:18:54.824Z,1777976334817,v1
0,low_risk,no_action,0,No action,2026-05-05T10:18:54.824Z,1777976334817,v1
0,low_risk,no_action,0,No action,2026-05-05T10:18:54.824Z,1777976334817,v1
0,low_risk,no_action,0,No action,2026-05-05T10:18:54.824Z,1777976334817,v1
0,low_risk,no_action,0,No action,2026-05-05T10:18:54.824Z,1777976334817,v1
0,low_risk,no_action,0,No action,2026-05-05T10:18:54.824Z,1777976334817,v1
0,low_risk,no_action,0,No action,2026-05-05T10:18:54.824Z,1777976334817,v1
0,low_risk,no_action,0,No action,2026-05-05T10:18:54.824Z,1777976334817,v1
0,low_risk,no_action,0,No action,2026-05-05T10:18:54.824Z,1777976334817,v1
0,low_risk,no_action,0,No action,2026-05-05T10:18:54.824Z,1777976334817,v1
0.99,high_risk,premium_retention_offer,68.8,Send premium retention offer,2026-05-05T10:18:54.824Z,1777976334817,v1
0,low_risk,no_action,0,No action,2026-05-05T10:18:54.824Z,1777976334817,v1
0,low_risk,no_action,0,No action,2026-05-05T10:18:54.824Z,1777976334817,v1
0,low_risk,no_action,0,No action,2026-05-05T10:18:54.824Z,1777976334817,v1
0.01,low_risk,no_action,0,No action,2026-05-05T10:18:54.824Z,1777976334817,v1
0,low_risk,no_action,0,No action,2026-05-05T10:18:54.824Z,1777976334817,v1
0,low_risk,no_action,0,No action,2026-05-05T10:18:54.824Z,1777976334817,v1
0,low_risk,no_action,0,No action,2026-05-05T10:18:54.824Z,1777976334817,v1
0,low_risk,no_action,0,No action,2026-05-05T10:18:54.824Z,1777976334817,v1
0,low_risk,no_action,0,No action,2026-05-05T10:18:54.824Z,1777976334817,v1
1,high_risk,premium_retention_offer,70,Send premium retention offer,2026-05-05T10:18:54.824Z,1777976334817,v1
0.01,low_risk,no_action,0,No action,2026-05-05T10:18:54.824Z,1777976334817,v1
0,low_risk,no_action,0,No action,2026-05-05T10:18:54.824Z,1777976334817,v1
0,low_risk,no_action,0,No action,2026-05-05T10:18:54.824Z,1777976334817,v1
0,low_risk,no_action,0,No action,2026-05-05T10:18:54.824Z,1777976334817,v1
0,low_risk,no_action,0,No action,2026-05-05T10:18:54.824Z,1777976334817,v1
1,high_risk,premium_retention_offer,70,Send premium retention offer,2026-05-05T10:18:54.824Z,1777976334817,v1
0,low_risk,no_action,0,No action,2026-05-05T10:18:54.824Z,1777976334817,v1
0.01,low_risk,no_action,0,No action,2026-05-05T10:18:54.824Z,1777976334817,v1
0,low_risk,no_action,0,No action,2026-05-05T10:18:54.824Z,1777976334817,v1
0,low_risk,no_action,0,No action,2026-05-05T10:18:54.824Z,1777976334817,v1
0,low_risk,no_action,0,No action,2026-05-05T10:18:54.824Z,1777976334817,v1
0,low_risk,no_action,0,No action,2026-05-05T10:18:54.824Z,1777976334817,v1
0,low_risk,no_action,0,No action,2026-05-05T10:18:54.824Z,1777976334817,v1
0,low_risk,no_action,0,No action,2026-05-05T10:18:54.824Z,1777976334817,v1
0,low_risk,no_action,0,No action,2026-05-05T10:18:54.824Z,1777976334817,v1
0,low_risk,no_action,0,No action,2026-05-05T10:18:54.824Z,1777976334817,v1
0,low_risk,no_action,0,No action,2026-05-05T10:18:54.824Z,1777976334817,v1
0,low_risk,no_action,0,No action,2026-05-05T10:18:54.824Z,1777976334817,v1
0,low_risk,no_action,0,No action,2026-05-05T10:18:54.824Z,1777976334817,v1
0.99,high_risk,premium_retention_offer,68.8,Send premium retention offer,2026-05-05T10:18:54.824Z,1777976334817,v1
0,low_risk,no_action,0,No action,2026-05-05T10:18:54.824Z,1777976334817,v1
0,low_risk,no_action,0,No action,2026-05-05T10:18:54.825Z,1777976334817,v1
0,low_risk,no_action,0,No action,2026-05-05T10:18:54.825Z,1777976334817,v1
0,low_risk,no_action,0,No action,2026-05-05T10:18:54.825Z,1777976334817,v1
0,low_risk,no_action,0,No action,2026-05-05T10:18:54.825Z,1777976334817,v1
0,low_risk,no_action,0,No action,2026-05-05T10:18:54.825Z,1777976334817,v1
0,low_risk,no_action,0,No action,2026-05-05T10:18:54.825Z,1777976334817,v1
0,low_risk,no_action,0,No action,2026-05-05T10:18:54.825Z,1777976334817,v1
0,low_risk,no_action,0,No action,2026-05-05T10:18:54.825Z,1777976334817,v1
0,low_risk,no_action,0,No action,2026-05-05T10:18:54.825Z,1777976334817,v1
0.99,high_risk,premium_retention_offer,68.8,Send premium retention offer,2026-05-05T10:18:54.825Z,1777976334817,v1
0,low_risk,no_action,0,No action,2026-05-05T10:18:54.825Z,1777976334817,v1
0,low_risk,no_action,0,No action,2026-05-05T10:18:54.825Z,1777976334817,v1
0.99,high_risk,premium_retention_offer,68.8,Send premium retention offer,2026-05-05T10:18:54.825Z,1777976334817,v1
0,low_risk,no_action,0,No action,2026-05-05T10:18:54.825Z,1777976334817,v1
0,low_risk,no_action,0,No action,2026-05-05T10:18:54.825Z,1777976334817,v1
0,low_risk,no_action,0,No action,2026-05-05T10:18:54.825Z,1777976334817,v1
0.98,high_risk,premium_retention_offer,67.6,Send premium retention offer,2026-05-05T10:18:54.825Z,1777976334817,v1
0,low_risk,no_action,0,No action,2026-05-05T10:18:54.825Z,1777976334817,v1
0,low_risk,no_action,0,No action,2026-05-05T10:18:54.825Z,1777976334817,v1
0,low_risk,no_action,0,No action,2026-05-05T10:18:54.825Z,1777976334817,v1
0,low_risk,no_action,0,No action,2026-05-05T10:18:54.825Z,1777976334817,v1
0.99,high_risk,premium_retention_offer,68.8,Send premium retention offer,2026-05-05T10:18:54.825Z,1777976334817,v1
0,low_risk,no_action,0,No action,2026-05-05T10:18:54.825Z,1777976334817,v1
0,low_risk,no_action,0,No action,2026-05-05T10:18:54.825Z,1777976334817,v1
0,low_risk,no_action,0,No action,2026-05-05T10:18:54.825Z,1777976334817,v1
1,high_risk,premium_retention_offer,70,Send premium retention offer,2026-05-05T10:18:54.825Z,1777976334817,v1
0.99,high_risk,premium_retention_offer,68.8,Send premium retention offer,2026-05-05T10:18:54.825Z,1777976334817,v1
0,low_risk,no_action,0,No action,2026-05-05T10:18:54.825Z,1777976334817,v1
0,low_risk,no_action,0,No action,2026-05-05T10:18:54.825Z,1777976334817,v1
0,low_risk,no_action,0,No action,2026-05-05T10:18:54.825Z,1777976334817,v1
0,low_risk,no_action,0,No action,2026-05-05T10:18:54.825Z,1777976334817,v1
0,low_risk,no_action,0,No action,2026-05-05T10:18:54.825Z,1777976334817,v1
0.99,high_risk,premium_retention_offer,68.8,Send premium retention offer,2026-05-05T10:18:54.825Z,1777976334817,v1
0,low_risk,no_action,0,No action,2026-05-05T10:18:54.825Z,1777976334817,v1
0,low_risk,no_action,0,No action,2026-05-05T10:18:54.825Z,1777976334817,v1
0,low_risk,no_action,0,No action,2026-05-05T10:18:54.825Z,1777976334817,v1
0,low_risk,no_action,0,No action,2026-05-05T10:18:54.825Z,1777976334817,v1
0,low_risk,no_action,0,No action,2026-05-05T10:18:54.825Z,1777976334817,v1
0,low_risk,no_action,0,No action,2026-05-05T10:18:54.825Z,1777976334817,v1
0,low_risk,no_action,0,No action,2026-05-05T10:18:54.825Z,1777976334817,v1
0,low_risk,no_action,0,No action,2026-05-05T10:18:54.825Z,1777976334817,v1
0,low_risk,no_action,0,No action,2026-05-05T10:18:54.825Z,1777976334817,v1
0.99,high_risk,premium_retention_offer,68.8,Send premium retention offer,2026-05-05T10:18:54.825Z,1777976334817,v1
0,low_risk,no_action,0,No action,2026-05-05T10:18:54.825Z,1777976334817,v1
0,low_risk,no_action,0,No action,2026-05-05T10:18:54.825Z,1777976334817,v1
1,high_risk,premium_retention_offer,70,Send premium retention offer,2026-05-05T10:18:54.825Z,1777976334817,v1
0.02,low_risk,no_action,0,No action,2026-05-05T10:18:54.825Z,1777976334817,v1
0,low_risk,no_action,0,No action,2026-05-05T10:18:54.825Z,1777976334817,v1
0.01,low_risk,no_action,0,No action,2026-05-05T10:18:54.825Z,1777976334817,v1
0.92,high_risk,premium_retention_offer,60.4,Send premium retention offer,2026-05-05T10:18:54.825Z,1777976334817,v1
0,low_risk,no_action,0,No action,2026-05-05T10:18:54.825Z,1777976334817,v1
0,low_risk,no_action,0,No action,2026-05-05T10:18:54.825Z,1777976334817,v1
0,low_risk,no_action,0,No action,2026-05-05T10:18:54.825Z,1777976334817,v1
0,low_risk,no_action,0,No action,2026-05-05T10:18:54.825Z,1777976334817,v1
1,high_risk,premium_retention_offer,70,Send premium retention offer,2026-05-05T10:18:54.825Z,1777976334817,v1
0,low_risk,no_action,0,No action,2026-05-05T10:18:54.825Z,1777976334817,v1
0.01,low_risk,no_action,0,No action,2026-05-05T10:18:54.825Z,1777976334817,v1
0,low_risk,no_action,0,No action,2026-05-05T10:18:54.825Z,1777976334817,v1
0,low_risk,no_action,0,No action,2026-05-05T10:18:54.825Z,1777976334817,v1
1,high_risk,premium_retention_offer,70,Send premium retention offer,2026-05-05T10:18:54.825Z,1777976334817,v1
0,low_risk,no_action,0,No action,2026-05-05T10:18:54.825Z,1777976334817,v1
0,low_risk,no_action,0,No action,2026-05-05T10:18:54.825Z,1777976334817,v1
0,low_risk,no_action,0,No action,2026-05-05T10:18:54.825Z,1777976334817,v1
0,low_risk,no_action,0,No action,2026-05-05T10:18:54.825Z,1777976334817,v1
0,low_risk,no_action,0,No action,2026-05-05T10:18:54.825Z,1777976334817,v1
0,low_risk,no_action,0,No action,2026-05-05T10:18:54.825Z,1777976334817,v1
1,high_risk,premium_retention_offer,70,Send premium retention offer,2026-05-05T10:18:54.825Z,1777976334817,v1
0.01,low_risk,no_action,0,No action,2026-05-05T10:18:54.825Z,1777976334817,v1
0,low_risk,no_action,0,No action,2026-05-05T10:18:54.825Z,1777976334817,v1
0,low_risk,no_action,0,No action,2026-05-05T10:18:54.825Z,1777976334817,v1
0,low_risk,no_action,0,No action,2026-05-05T10:18:54.825Z,1777976334817,v1
1,high_risk,premium_retention_offer,70,Send premium retention offer,2026-05-05T10:18:54.825Z,1777976334817,v1
0,low_risk,no_action,0,No action,2026-05-05T10:18:54.825Z,1777976334817,v1
0,low_risk,no_action,0,No action,2026-05-05T10:18:54.825Z,1777976334817,v1
0.01,low_risk,no_action,0,No action,2026-05-05T10:18:54.825Z,1777976334817,v1
0,low_risk,no_action,0,No action,2026-05-05T10:18:54.825Z,1777976334817,v1
0,low_risk,no_action,0,No action,2026-05-05T10:18:54.825Z,1777976334817,v1
0,low_risk,no_action,0,No action,2026-05-05T10:18:54.825Z,1777976334817,v1
0,low_risk,no_action,0,No action,2026-05-05T10:18:54.825Z,1777976334817,v1
0,low_risk,no_action,0,No action,2026-05-05T10:18:54.825Z,1777976334817,v1
0,low_risk,no_action,0,No action,2026-05-05T10:18:54.825Z,1777976334817,v1
0,low_risk,no_action,0,No action,2026-05-05T10:18:54.825Z,1777976334817,v1
0.02,low_risk,no_action,0,No action,2026-05-05T10:18:54.825Z,1777976334817,v1
0.01,low_risk,no_action,0,No action,2026-05-05T10:18:54.825Z,1777976334817,v1
0,low_risk,no_action,0,No action,2026-05-05T10:18:54.825Z,1777976334817,v1
0,low_risk,no_action,0,No action,2026-05-05T10:18:54.825Z,1777976334817,v1
0,low_risk,no_action,0,No action,2026-05-05T10:18:54.825Z,1777976334817,v1
0,low_risk,no_action,0,No action,2026-05-05T10:18:54.825Z,1777976334817,v1
0.99,high_risk,premium_retention_offer,68.8,Send premium retention offer,2026-05-05T10:18:54.825Z,1777976334817,v1
1,high_risk,premium_retention_offer,70,Send premium retention offer,2026-05-05T10:18:54.825Z,1777976334817,v1
0,low_risk,no_action,0,No action,2026-05-05T10:18:54.825Z,1777976334817,v1
0,low_risk,no_action,0,No action,2026-05-05T10:18:54.825Z,1777976334817,v1
0,low_risk,no_action,0,No action,2026-05-05T10:18:54.825Z,1777976334817,v1
0,low_risk,no_action,0,No action,2026-05-05T10:18:54.825Z,1777976334817,v1
0,low_risk,no_action,0,No action,2026-05-05T10:18:54.825Z,1777976334817,v1
0,low_risk,no_action,0,No action,2026-05-05T10:18:54.825Z,1777976334817,v1
0,low_risk,no_action,0,No action,2026-05-05T10:18:54.825Z,1777976334817,v1
0,low_risk,no_action,0,No action,2026-05-05T10:18:54.825Z,1777976334817,v1
0,low_risk,no_action,0,No action,2026-05-05T10:18:54.825Z,1777976334817,v1
1,high_risk,premium_retention_offer,70,Send premium retention offer,2026-05-05T10:18:54.825Z,1777976334817,v1
0.99,high_risk,premium_retention_offer,68.8,Send premium retention offer,2026-05-05T10:18:54.825Z,1777976334817,v1
1,high_risk,premium_retention_offer,70,Send premium retention offer,2026-05-05T10:18:54.825Z,1777976334817,v1
0.98,high_risk,premium_retention_offer,67.6,Send premium retention offer,2026-05-05T10:18:54.825Z,1777976334817,v1
0,low_risk,no_action,0,No action,2026-05-05T10:18:54.825Z,1777976334817,v1
0,low_risk,no_action,0,No action,2026-05-05T10:18:54.825Z,1777976334817,v1
0,low_risk,no_action,0,No action,2026-05-05T10:18:54.825Z,1777976334817,v1
0,low_risk,no_action,0,No action,2026-05-05T10:18:54.825Z,1777976334817,v1
1,high_risk,premium_retention_offer,70,Send premium retention offer,2026-05-05T10:18:54.825Z,1777976334817,v1
0,low_risk,no_action,0,No action,2026-05-05T10:18:54.825Z,1777976334817,v1
0,low_risk,no_action,0,No action,2026-05-05T10:18:54.825Z,1777976334817,v1
0,low_risk,no_action,0,No action,2026-05-05T10:18:54.825Z,1777976334817,v1
0,low_risk,no_action,0,No action,2026-05-05T10:18:54.825Z,1777976334817,v1
1,high_risk,premium_retention_offer,70,Send premium retention offer,2026-05-05T10:18:54.825Z,1777976334817,v1
0,low_risk,no_action,0,No action,2026-05-05T10:18:54.825Z,1777976334817,v1
0,low_risk,no_action,0,No action,2026-05-05T10:18:54.825Z,1777976334817,v1
0,low_risk,no_action,0,No action,2026-05-05T10:18:54.825Z,1777976334817,v1
0.97,high_risk,premium_retention_offer,66.4,Send premium retention offer,2026-05-05T10:18:54.825Z,1777976334817,v1
0,low_risk,no_action,0,No action,2026-05-05T10:18:54.825Z,1777976334817,v1
0.99,high_risk,premium_retention_offer,68.8,Send premium retention offer,2026-05-05T10:18:54.825Z,1777976334817,v1
0.01,low_risk,no_action,0,No action,2026-05-05T10:18:54.825Z,1777976334817,v1
0,low_risk,no_action,0,No action,2026-05-05T10:18:54.825Z,1777976334817,v1
0,low_risk,no_action,0,No action,2026-05-05T10:18:54.825Z,1777976334817,v1
1,high_risk,premium_retention_offer,70,Send premium retention offer,2026-05-05T10:18:54.825Z,1777976334817,v1
0,low_risk,no_action,0,No action,2026-05-05T10:18:54.825Z,1777976334817,v1
1,high_risk,premium_retention_offer,70,Send premium retention offer,2026-05-05T10:18:54.825Z,1777976334817,v1
1,high_risk,premium_retention_offer,70,Send premium retention offer,2026-05-05T10:18:54.825Z,1777976334817,v1
0,low_risk,no_action,0,No action,2026-05-05T10:18:54.825Z,1777976334817,v1
0,low_risk,no_action,0,No action,2026-05-05T10:18:54.825Z,1777976334817,v1
1,high_risk,premium_retention_offer,70,Send premium retention offer,2026-05-05T10:18:54.825Z,1777976334817,v1
1,high_risk,premium_retention_offer,70,Send premium retention offer,2026-05-05T10:18:54.825Z,1777976334817,v1
0,low_risk,no_action,0,No action,2026-05-05T10:18:54.825Z,1777976334817,v1
0.99,high_risk,premium_retention_offer,68.8,Send premium retention offer,2026-05-05T10:18:54.825Z,1777976334817,v1
0,low_risk,no_action,0,No action,2026-05-05T10:18:54.825Z,1777976334817,v1
1,high_risk,premium_retention_offer,70,Send premium retention offer,2026-05-05T10:18:54.825Z,1777976334817,v1
0,low_risk,no_action,0,No action,2026-05-05T10:18:54.825Z,1777976334817,v1
0,low_risk,no_action,0,No action,2026-05-05T10:18:54.825Z,1777976334817,v1
0,low_risk,no_action,0,No action,2026-05-05T10:18:54.825Z,1777976334817,v1
0,low_risk,no_action,0,No action,2026-05-05T10:18:54.825Z,1777976334817,v1
1,high_risk,premium_retention_offer,70,Send premium retention offer,2026-05-05T10:18:54.825Z,1777976334817,v1
1,high_risk,premium_retention_offer,70,Send premium retention offer,2026-05-05T10:18:54.825Z,1777976334817,v1
0,low_risk,no_action,0,No action,2026-05-05T10:18:54.825Z,1777976334817,v1
0,low_risk,no_action,0,No action,2026-05-05T10:18:54.825Z,1777976334817,v1
0,low_risk,no_action,0,No action,2026-05-05T10:18:54.825Z,1777976334817,v1
0,low_risk,no_action,0,No action,2026-05-05T10:18:54.825Z,1777976334817,v1
0,low_risk,no_action,0,No action,2026-05-05T10:18:54.825Z,1777976334817,v1
0,low_risk,no_action,0,No action,2026-05-05T10:18:54.825Z,1777976334817,v1
0,low_risk,no_action,0,No action,2026-05-05T10:18:54.825Z,1777976334817,v1
1,high_risk,premium_retention_offer,70,Send premium retention offer,2026-05-05T10:18:54.825Z,1777976334817,v1
0,low_risk,no_action,0,No action,2026-05-05T10:18:54.825Z,1777976334817,v1
0,low_risk,no_action,0,No action,2026-05-05T10:18:54.825Z,1777976334817,v1
0,low_risk,no_action,0,No action,2026-05-05T10:18:54.825Z,1777976334817,v1
0,low_risk,no_action,0,No action,2026-05-05T10:18:54.825Z,1777976334817,v1
1,high_risk,premium_retention_offer,70,Send premium retention offer,2026-05-05T10:18:54.825Z,1777976334817,v1
0,low_risk,no_action,0,No action,2026-05-05T10:18:54.825Z,1777976334817,v1
0,low_risk,no_action,0,No action,2026-05-05T10:18:54.825Z,1777976334817,v1
0.02,low_risk,no_action,0,No action,2026-05-05T10:18:54.825Z,1777976334817,v1
0,low_risk,no_action,0,No action,2026-05-05T10:18:54.825Z,1777976334817,v1
0,low_risk,no_action,0,No action,2026-05-05T10:18:54.825Z,1777976334817,v1
0,low_risk,no_action,0,No action,2026-05-05T10:18:54.825Z,1777976334817,v1
0,low_risk,no_action,0,No action,2026-05-05T10:18:54.825Z,1777976334817,v1
0,low_risk,no_action,0,No action,2026-05-05T10:18:54.825Z,1777976334817,v1
0.99,high_risk,premium_retention_offer,68.8,Send premium retention offer,2026-05-05T10:18:54.825Z,1777976334817,v1
0,low_risk,no_action,0,No action,2026-05-05T10:18:54.825Z,1777976334817,v1
0,low_risk,no_action,0,No action,2026-05-05T10:18:54.825Z,1777976334817,v1
0,low_risk,no_action,0,No action,2026-05-05T10:18:54.825Z,1777976334817,v1
0,low_risk,no_action,0,No action,2026-05-05T10:18:54.825Z,1777976334817,v1
0,low_risk,no_action,0,No action,2026-05-05T10:18:54.825Z,1777976334817,v1
0,low_risk,no_action,0,No action,2026-05-05T10:18:54.825Z,1777976334817,v1
0,low_risk,no_action,0,No action,2026-05-05T10:18:54.825Z,1777976334817,v1
1,high_risk,premium_retention_offer,70,Send premium retention offer,2026-05-05T10:18:54.825Z,1777976334817,v1
1,high_risk,premium_retention_offer,70,Send premium retention offer,2026-05-05T10:18:54.825Z,1777976334817,v1
0,low_risk,no_action,0,No action,2026-05-05T10:18:54.825Z,1777976334817,v1
1,high_risk,premium_retention_offer,70,Send premium retention offer,2026-05-05T10:18:54.825Z,1777976334817,v1
0,low_risk,no_action,0,No action,2026-05-05T10:18:54.825Z,1777976334817,v1
0,low_risk,no_action,0,No action,2026-05-05T10:18:54.825Z,1777976334817,v1
0,low_risk,no_action,0,No action,2026-05-05T10:18:54.825Z,1777976334817,v1
0,low_risk,no_action,0,No action,2026-05-05T10:18:54.825Z,1777976334817,v1
0,low_risk,no_action,0,No action,2026-05-05T10:18:54.825Z,1777976334817,v1
0,low_risk,no_action,0,No action,2026-05-05T10:18:54.825Z,1777976334817,v1
1,high_risk,premium_retention_offer,70,Send premium retention offer,2026-05-05T10:18:54.825Z,1777976334817,v1
0,low_risk,no_action,0,No action,2026-05-05T10:18:54.825Z,1777976334817,v1
0,low_risk,no_action,0,No action,2026-05-05T10:18:54.825Z,1777976334817,v1
0,low_risk,no_action,0,No action,2026-05-05T10:18:54.825Z,1777976334817,v1
0,low_risk,no_action,0,No action,2026-05-05T10:18:54.825Z,1777976334817,v1
1,high_risk,premium_retention_offer,70,Send premium retention offer,2026-05-05T10:18:54.825Z,1777976334817,v1
1,high_risk,premium_retention_offer,70,Send premium retention offer,2026-05-05T10:18:54.825Z,1777976334817,v1
0.99,high_risk,premium_retention_offer,68.8,Send premium retention offer,2026-05-05T10:18:54.825Z,1777976334817,v1
1,high_risk,premium_retention_offer,70,Send premium retention offer,2026-05-05T10:18:54.825Z,1777976334817,v1
0,low_risk,no_action,0,No action,2026-05-05T10:18:54.825Z,1777976334817,v1
0,low_risk,no_action,0,No action,2026-05-05T10:18:54.825Z,1777976334817,v1
0,low_risk,no_action,0,No action,2026-05-05T10:18:54.825Z,1777976334817,v1
0,low_risk,no_action,0,No action,2026-05-05T10:18:54.825Z,1777976334817,v1
0,low_risk,no_action,0,No action,2026-05-05T10:18:54.825Z,1777976334817,v1
0,low_risk,no_action,0,No action,2026-05-05T10:18:54.825Z,1777976334817,v1
0,low_risk,no_action,0,No action,2026-05-05T10:18:54.825Z,1777976334817,v1
1,high_risk,premium_retention_offer,70,Send premium retention offer,2026-05-05T10:18:54.825Z,1777976334817,v1
0,low_risk,no_action,0,No action,2026-05-05T10:18:54.825Z,1777976334817,v1
0,low_risk,no_action,0,No action,2026-05-05T10:18:54.825Z,1777976334817,v1
0,low_risk,no_action,0,No action,2026-05-05T10:18:54.825Z,1777976334817,v1
0,low_risk,no_action,0,No action,2026-05-05T10:18:54.825Z,1777976334817,v1
0,low_risk,no_action,0,No action,2026-05-05T10:18:54.825Z,1777976334817,v1
0,low_risk,no_action,0,No action,2026-05-05T10:18:54.825Z,1777976334817,v1
0,low_risk,no_action,0,No action,2026-05-05T10:18:54.825Z,1777976334817,v1
0,low_risk,no_action,0,No action,2026-05-05T10:18:54.825Z,1777976334817,v1
0,low_risk,no_action,0,No action,2026-05-05T10:18:54.825Z,1777976334817,v1
0,low_risk,no_action,0,No action,2026-05-05T10:18:54.825Z,1777976334817,v1
1,high_risk,premium_retention_offer,70,Send premium retention offer,2026-05-05T10:18:54.825Z,1777976334817,v1
0,low_risk,no_action,0,No action,2026-05-05T10:18:54.825Z,1777976334817,v1
1,high_risk,premium_retention_offer,70,Send premium retention offer,2026-05-05T10:18:54.825Z,1777976334817,v1
0,low_risk,no_action,0,No action,2026-05-05T10:18:54.825Z,1777976334817,v1
0,low_risk,no_action,0,No action,2026-05-05T10:18:54.825Z,1777976334817,v1
0,low_risk,no_action,0,No action,2026-05-05T10:18:54.825Z,1777976334817,v1
0,low_risk,no_action,0,No action,2026-05-05T10:18:54.825Z,1777976334817,v1
0,low_risk,no_action,0,No action,2026-05-05T10:18:54.825Z,1777976334817,v1
1,high_risk,premium_retention_offer,70,Send premium retention offer,2026-05-05T10:18:54.825Z,1777976334817,v1
1,high_risk,premium_retention_offer,70,Send premium retention offer,2026-05-05T10:18:54.825Z,1777976334817,v1
0,low_risk,no_action,0,No action,2026-05-05T10:18:54.825Z,1777976334817,v1
1,high_risk,premium_retention_offer,70,Send premium retention offer,2026-05-05T10:18:54.825Z,1777976334817,v1
0,low_risk,no_action,0,No action,2026-05-05T10:18:54.825Z,1777976334817,v1
0,low_risk,no_action,0,No action,2026-05-05T10:18:54.825Z,1777976334817,v1
0,low_risk,no_action,0,No action,2026-05-05T10:18:54.825Z,1777976334817,v1
0,low_risk,no_action,0,No action,2026-05-05T10:18:54.825Z,1777976334817,v1
0,low_risk,no_action,0,No action,2026-05-05T10:18:54.825Z,1777976334817,v1
0,low_risk,no_action,0,No action,2026-05-05T10:18:54.825Z,1777976334817,v1
0,low_risk,no_action,0,No action,2026-05-05T10:18:54.825Z,1777976334817,v1
0.96,high_risk,premium_retention_offer,65.2,Send premium retention offer,2026-05-05T10:18:54.825Z,1777976334817,v1
0,low_risk,no_action,0,No action,2026-05-05T10:18:54.825Z,1777976334817,v1
0.98,high_risk,premium_retention_offer,67.6,Send premium retention offer,2026-05-05T10:18:54.825Z,1777976334817,v1
1,high_risk,premium_retention_offer,70,Send premium retention offer,2026-05-05T10:18:54.825Z,1777976334817,v1
0,low_risk,no_action,0,No action,2026-05-05T10:18:54.825Z,1777976334817,v1
0,low_risk,no_action,0,No action,2026-05-05T10:18:54.825Z,1777976334817,v1
0,low_risk,no_action,0,No action,2026-05-05T10:18:54.825Z,1777976334817,v1
1,high_risk,premium_retention_offer,70,Send premium retention offer,2026-05-05T10:18:54.825Z,1777976334817,v1
0,low_risk,no_action,0,No action,2026-05-05T10:18:54.825Z,1777976334817,v1
0.02,low_risk,no_action,0,No action,2026-05-05T10:18:54.825Z,1777976334817,v1
0,low_risk,no_action,0,No action,2026-05-05T10:18:54.825Z,1777976334817,v1
0,low_risk,no_action,0,No action,2026-05-05T10:18:54.825Z,1777976334817,v1
1,high_risk,premium_retention_offer,70,Send premium retention offer,2026-05-05T10:18:54.825Z,1777976334817,v1
0,low_risk,no_action,0,No action,2026-05-05T10:18:54.825Z,1777976334817,v1
0,low_risk,no_action,0,No action,2026-05-05T10:18:54.825Z,1777976334817,v1
0,low_risk,no_action,0,No action,2026-05-05T10:18:54.825Z,1777976334817,v1
0,low_risk,no_action,0,No action,2026-05-05T10:18:54.825Z,1777976334817,v1
0,low_risk,no_action,0,No action,2026-05-05T10:18:54.825Z,1777976334817,v1
0,low_risk,no_action,0,No action,2026-05-05T10:18:54.825Z,1777976334817,v1
0,low_risk,no_action,0,No action,2026-05-05T10:18:54.825Z,1777976334817,v1
0,low_risk,no_action,0,No action,2026-05-05T10:18:54.825Z,1777976334817,v1
0,low_risk,no_action,0,No action,2026-05-05T10:18:54.825Z,1777976334817,v1
0,low_risk,no_action,0,No action,2026-05-05T10:18:54.825Z,1777976334817,v1
0,low_risk,no_action,0,No action,2026-05-05T10:18:54.825Z,1777976334817,v1
0,low_risk,no_action,0,No action,2026-05-05T10:18:54.825Z,1777976334817,v1
1,high_risk,premium_retention_offer,70,Send premium retention offer,2026-05-05T10:18:54.825Z,1777976334817,v1
0,low_risk,no_action,0,No action,2026-05-05T10:18:54.825Z,1777976334817,v1
1,high_risk,premium_retention_offer,70,Send premium retention offer,2026-05-05T10:18:54.825Z,1777976334817,v1
0,low_risk,no_action,0,No action,2026-05-05T10:18:54.825Z,1777976334817,v1
0,low_risk,no_action,0,No action,2026-05-05T10:18:54.825Z,1777976334817,v1
0,low_risk,no_action,0,No action,2026-05-05T10:18:54.825Z,1777976334817,v1
0,low_risk,no_action,0,No action,2026-05-05T10:18:54.825Z,1777976334817,v1
0,low_risk,no_action,0,No action,2026-05-05T10:18:54.825Z,1777976334817,v1
0,low_risk,no_action,0,No action,2026-05-05T10:18:54.825Z,1777976334817,v1
0,low_risk,no_action,0,No action,2026-05-05T10:18:54.825Z,1777976334817,v1
0,low_risk,no_action,0,No action,2026-05-05T10:18:54.825Z,1777976334817,v1
0,low_risk,no_action,0,No action,2026-05-05T10:18:54.825Z,1777976334817,v1
1,high_risk,premium_retention_offer,70,Send premium retention offer,2026-05-05T10:18:54.825Z,1777976334817,v1
0.99,high_risk,premium_retention_offer,68.8,Send premium retention offer,2026-05-05T10:18:54.825Z,1777976334817,v1
0,low_risk,no_action,0,No action,2026-05-05T10:18:54.825Z,1777976334817,v1
0,low_risk,no_action,0,No action,2026-05-05T10:18:54.825Z,1777976334817,v1
0,low_risk,no_action,0,No action,2026-05-05T10:18:54.825Z,1777976334817,v1
0,low_risk,no_action,0,No action,2026-05-05T10:18:54.825Z,1777976334817,v1
0,low_risk,no_action,0,No action,2026-05-05T10:18:54.825Z,1777976334817,v1
0,low_risk,no_action,0,No action,2026-05-05T10:18:54.825Z,1777976334817,v1
0,low_risk,no_action,0,No action,2026-05-05T10:18:54.825Z,1777976334817,v1
0,low_risk,no_action,0,No action,2026-05-05T10:18:54.825Z,1777976334817,v1
1,high_risk,premium_retention_offer,70,Send premium retention offer,2026-05-05T10:18:54.825Z,1777976334817,v1
0,low_risk,no_action,0,No action,2026-05-05T10:18:54.825Z,1777976334817,v1
0,low_risk,no_action,0,No action,2026-05-05T10:18:54.825Z,1777976334817,v1
0,low_risk,no_action,0,No action,2026-05-05T10:18:54.825Z,1777976334817,v1
0,low_risk,no_action,0,No action,2026-05-05T10:18:54.825Z,1777976334817,v1
0,low_risk,no_action,0,No action,2026-05-05T10:18:54.825Z,1777976334817,v1
1,high_risk,premium_retention_offer,70,Send premium retention offer,2026-05-05T10:18:54.825Z,1777976334817,v1
0,low_risk,no_action,0,No action,2026-05-05T10:18:54.825Z,1777976334817,v1
1,high_risk,premium_retention_offer,70,Send premium retention offer,2026-05-05T10:18:54.825Z,1777976334817,v1
0,low_risk,no_action,0,No action,2026-05-05T10:18:54.825Z,1777976334817,v1
0.01,low_risk,no_action,0,No action,2026-05-05T10:18:54.825Z,1777976334817,v1
0,low_risk,no_action,0,No action,2026-05-05T10:18:54.825Z,1777976334817,v1
0.99,high_risk,premium_retention_offer,68.8,Send premium retention offer,2026-05-05T10:18:54.825Z,1777976334817,v1
0,low_risk,no_action,0,No action,2026-05-05T10:18:54.825Z,1777976334817,v1
0,low_risk,no_action,0,No action,2026-05-05T10:18:54.825Z,1777976334817,v1
0,low_risk,no_action,0,No action,2026-05-05T10:18:54.825Z,1777976334817,v1
1,high_risk,premium_retention_offer,70,Send premium retention offer,2026-05-05T10:18:54.825Z,1777976334817,v1
0,low_risk,no_action,0,No action,2026-05-05T10:18:54.825Z,1777976334817,v1
0,low_risk,no_action,0,No action,2026-05-05T10:18:54.825Z,1777976334817,v1
0,low_risk,no_action,0,No action,2026-05-05T10:18:54.825Z,1777976334817,v1
0,low_risk,no_action,0,No action,2026-05-05T10:18:54.825Z,1777976334817,v1
1,high_risk,premium_retention_offer,70,Send premium retention offer,2026-05-05T10:18:54.825Z,1777976334817,v1
0,low_risk,no_action,0,No action,2026-05-05T10:18:54.825Z,1777976334817,v1
0.97,high_risk,premium_retention_offer,66.4,Send premium retention offer,2026-05-05T10:18:54.825Z,1777976334817,v1
0.99,high_risk,premium_retention_offer,68.8,Send premium retention offer,2026-05-05T10:18:54.825Z,1777976334817,v1
0,low_risk,no_action,0,No action,2026-05-05T10:18:54.825Z,1777976334817,v1
0,low_risk,no_action,0,No action,2026-05-05T10:18:54.825Z,1777976334817,v1
0,low_risk,no_action,0,No action,2026-05-05T10:18:54.825Z,1777976334817,v1
1,high_risk,premium_retention_offer,70,Send premium retention offer,2026-05-05T10:18:54.825Z,1777976334817,v1
1,high_risk,premium_retention_offer,70,Send premium retention offer,2026-05-05T10:18:54.825Z,1777976334817,v1
0,low_risk,no_action,0,No action,2026-05-05T10:18:54.825Z,1777976334817,v1
0,low_risk,no_action,0,No action,2026-05-05T10:18:54.825Z,1777976334817,v1
0,low_risk,no_action,0,No action,2026-05-05T10:18:54.825Z,1777976334817,v1
0,low_risk,no_action,0,No action,2026-05-05T10:18:54.825Z,1777976334817,v1
0,low_risk,no_action,0,No action,2026-05-05T10:18:54.825Z,1777976334817,v1
0,low_risk,no_action,0,No action,2026-05-05T10:18:54.825Z,1777976334817,v1
0,low_risk,no_action,0,No action,2026-05-05T10:18:54.825Z,1777976334817,v1
0,low_risk,no_action,0,No action,2026-05-05T10:18:54.825Z,1777976334817,v1
1,high_risk,premium_retention_offer,70,Send premium retention offer,2026-05-05T10:18:54.825Z,1777976334817,v1
0,low_risk,no_action,0,No action,2026-05-05T10:18:54.825Z,1777976334817,v1
1,high_risk,premium_retention_offer,70,Send premium retention offer,2026-05-05T10:18:54.825Z,1777976334817,v1
1,high_risk,premium_retention_offer,70,Send premium retention offer,2026-05-05T10:18:54.825Z,1777976334817,v1
0.01,low_risk,no_action,0,No action,2026-05-05T10:18:54.825Z,1777976334817,v1
1,high_risk,premium_retention_offer,70,Send premium retention offer,2026-05-05T10:18:54.825Z,1777976334817,v1
0,low_risk,no_action,0,No action,2026-05-05T10:18:54.825Z,1777976334817,v1
0,low_risk,no_action,0,No action,2026-05-05T10:18:54.825Z,1777976334817,v1
0,low_risk,no_action,0,No action,2026-05-05T10:18:54.825Z,1777976334817,v1
0,low_risk,no_action,0,No action,2026-05-05T10:18:54.825Z,1777976334817,v1
0,low_risk,no_action,0,No action,2026-05-05T10:18:54.825Z,1777976334817,v1
0,low_risk,no_action,0,No action,2026-05-05T10:18:54.825Z,1777976334817,v1
0,low_risk,no_action,0,No action,2026-05-05T10:18:54.825Z,1777976334817,v1
0,low_risk,no_action,0,No action,2026-05-05T10:18:54.825Z,1777976334817,v1
0,low_risk,no_action,0,No action,2026-05-05T10:18:54.825Z,1777976334817,v1
0,low_risk,no_action,0,No action,2026-05-05T10:18:54.825Z,1777976334817,v1
0,low_risk,no_action,0,No action,2026-05-05T10:18:54.825Z,1777976334817,v1
1,high_risk,premium_retention_offer,70,Send premium retention offer,2026-05-05T10:18:54.825Z,1777976334817,v1
0,low_risk,no_action,0,No action,2026-05-05T10:18:54.825Z,1777976334817,v1
0.03,low_risk,no_action,0,No action,2026-05-05T10:18:54.825Z,1777976334817,v1
0,low_risk,no_action,0,No action,2026-05-05T10:18:54.825Z,1777976334817,v1
0,low_risk,no_action,0,No action,2026-05-05T10:18:54.825Z,1777976334817,v1
1,high_risk,premium_retention_offer,70,Send premium retention offer,2026-05-05T10:18:54.825Z,1777976334817,v1
0,low_risk,no_action,0,No action,2026-05-05T10:18:54.825Z,1777976334817,v1
0.01,low_risk,no_action,0,No action,2026-05-05T10:18:54.825Z,1777976334817,v1
0,low_risk,no_action,0,No action,2026-05-05T10:18:54.825Z,1777976334817,v1
0.02,low_risk,no_action,0,No action,2026-05-05T10:18:54.825Z,1777976334817,v1
0,low_risk,no_action,0,No action,2026-05-05T10:18:54.825Z,1777976334817,v1
0,low_risk,no_action,0,No action,2026-05-05T10:18:54.825Z,1777976334817,v1
0,low_risk,no_action,0,No action,2026-05-05T10:18:54.825Z,1777976334817,v1
0,low_risk,no_action,0,No action,2026-05-05T10:18:54.825Z,1777976334817,v1
0,low_risk,no_action,0,No action,2026-05-05T10:18:54.825Z,1777976334817,v1
0,low_risk,no_action,0,No action,2026-05-05T10:18:54.825Z,1777976334817,v1
0.99,high_risk,premium_retention_offer,68.8,Send premium retention offer,2026-05-05T10:18:54.825Z,1777976334817,v1
0,low_risk,no_action,0,No action,2026-05-05T10:18:54.825Z,1777976334817,v1
0,low_risk,no_action,0,No action,2026-05-05T10:18:54.825Z,1777976334817,v1
0,low_risk,no_action,0,No action,2026-05-05T10:18:54.825Z,1777976334817,v1
0.01,low_risk,no_action,0,No action,2026-05-05T10:18:54.825Z,1777976334817,v1
0,low_risk,no_action,0,No action,2026-05-05T10:18:54.825Z,1777976334817,v1
1,high_risk,premium_retention_offer,70,Send premium retention offer,2026-05-05T10:18:54.825Z,1777976334817,v1
0,low_risk,no_action,0,No action,2026-05-05T10:18:54.825Z,1777976334817,v1
1,high_risk,premium_retention_offer,70,Send premium retention offer,2026-05-05T10:18:54.825Z,1777976334817,v1
0.99,high_risk,premium_retention_offer,68.8,Send premium retention offer,2026-05-05T10:18:54.825Z,1777976334817,v1
0,low_risk,no_action,0,No action,2026-05-05T10:18:54.825Z,1777976334817,v1
0.01,low_risk,no_action,0,No action,2026-05-05T10:18:54.825Z,1777976334817,v1
0.97,high_risk,premium_retention_offer,66.4,Send premium retention offer,2026-05-05T10:18:54.825Z,1777976334817,v1
0.99,high_risk,premium_retention_offer,68.8,Send premium retention offer,2026-05-05T10:18:54.825Z,1777976334817,v1
0,low_risk,no_action,0,No action,2026-05-05T10:18:54.825Z,1777976334817,v1
0.01,low_risk,no_action,0,No action,2026-05-05T10:18:54.825Z,1777976334817,v1
0.98,high_risk,premium_retention_offer,67.6,Send premium retention offer,2026-05-05T10:18:54.825Z,1777976334817,v1
0,low_risk,no_action,0,No action,2026-05-05T10:18:54.825Z,1777976334817,v1
0,low_risk,no_action,0,No action,2026-05-05T10:18:54.825Z,1777976334817,v1
1,high_risk,premium_retention_offer,70,Send premium retention offer,2026-05-05T10:18:54.825Z,1777976334817,v1
0,low_risk,no_action,0,No action,2026-05-05T10:18:54.825Z,1777976334817,v1
0,low_risk,no_action,0,No action,2026-05-05T10:18:54.825Z,1777976334817,v1
0,low_risk,no_action,0,No action,2026-05-05T10:18:54.825Z,1777976334817,v1
1,high_risk,premium_retention_offer,70,Send premium retention offer,2026-05-05T10:18:54.825Z,1777976334817,v1
0,low_risk,no_action,0,No action,2026-05-05T10:18:54.825Z,1777976334817,v1
0,low_risk,no_action,0,No action,2026-05-05T10:18:54.825Z,1777976334817,v1
0,low_risk,no_action,0,No action,2026-05-05T10:18:54.825Z,1777976334817,v1
0,low_risk,no_action,0,No action,2026-05-05T10:18:54.825Z,1777976334817,v1
0.01,low_risk,no_action,0,No action,2026-05-05T10:18:54.825Z,1777976334817,v1
1,high_risk,premium_retention_offer,70,Send premium retention offer,2026-05-05T10:18:54.825Z,1777976334817,v1
0,low_risk,no_action,0,No action,2026-05-05T10:18:54.825Z,1777976334817,v1
0,low_risk,no_action,0,No action,2026-05-05T10:18:54.825Z,1777976334817,v1
0,low_risk,no_action,0,No action,2026-05-05T10:18:54.825Z,1777976334817,v1
0,low_risk,no_action,0,No action,2026-05-05T10:18:54.825Z,1777976334817,v1
0,low_risk,no_action,0,No action,2026-05-05T10:18:54.825Z,1777976334817,v1
0,low_risk,no_action,0,No action,2026-05-05T10:18:54.825Z,1777976334817,v1
0,low_risk,no_action,0,No action,2026-05-05T10:18:54.825Z,1777976334817,v1
0,low_risk,no_action,0,No action,2026-05-05T10:18:54.825Z,1777976334817,v1
0,low_risk,no_action,0,No action,2026-05-05T10:18:54.825Z,1777976334817,v1
0.01,low_risk,no_action,0,No action,2026-05-05T10:18:54.825Z,1777976334817,v1
0,low_risk,no_action,0,No action,2026-05-05T10:18:54.825Z,1777976334817,v1
0.01,low_risk,no_action,0,No action,2026-05-05T10:18:54.825Z,1777976334817,v1
0,low_risk,no_action,0,No action,2026-05-05T10:18:54.825Z,1777976334817,v1
1,high_risk,premium_retention_offer,70,Send premium retention offer,2026-05-05T10:18:54.826Z,1777976334817,v1
0,low_risk,no_action,0,No action,2026-05-05T10:18:54.826Z,1777976334817,v1
1,high_risk,premium_retention_offer,70,Send premium retention offer,2026-05-05T10:18:54.826Z,1777976334817,v1
0,low_risk,no_action,0,No action,2026-05-05T10:18:54.826Z,1777976334817,v1
0.01,low_risk,no_action,0,No action,2026-05-05T10:18:54.826Z,1777976334817,v1
0,low_risk,no_action,0,No action,2026-05-05T10:18:54.826Z,1777976334817,v1
0,low_risk,no_action,0,No action,2026-05-05T10:18:54.826Z,1777976334817,v1
0,low_risk,no_action,0,No action,2026-05-05T10:18:54.826Z,1777976334817,v1
0,low_risk,no_action,0,No action,2026-05-05T10:18:54.826Z,1777976334817,v1
0,low_risk,no_action,0,No action,2026-05-05T10:18:54.826Z,1777976334817,v1
1,high_risk,premium_retention_offer,70,Send premium retention offer,2026-05-05T10:18:54.826Z,1777976334817,v1
0,low_risk,no_action,0,No action,2026-05-05T10:18:54.826Z,1777976334817,v1
0,low_risk,no_action,0,No action,2026-05-05T10:18:54.826Z,1777976334817,v1
0,low_risk,no_action,0,No action,2026-05-05T10:18:54.826Z,1777976334817,v1
0,low_risk,no_action,0,No action,2026-05-05T10:18:54.826Z,1777976334817,v1
0,low_risk,no_action,0,No action,2026-05-05T10:18:54.826Z,1777976334817,v1
0,low_risk,no_action,0,No action,2026-05-05T10:18:54.826Z,1777976334817,v1
0,low_risk,no_action,0,No action,2026-05-05T10:18:54.826Z,1777976334817,v1
0,low_risk,no_action,0,No action,2026-05-05T10:18:54.826Z,1777976334817,v1
1,high_risk,premium_retention_offer,70,Send premium retention offer,2026-05-05T10:18:54.826Z,1777976334817,v1
0,low_risk,no_action,0,No action,2026-05-05T10:18:54.826Z,1777976334817,v1
1,high_risk,premium_retention_offer,70,Send premium retention offer,2026-05-05T10:18:54.826Z,1777976334817,v1
0.99,high_risk,premium_retention_offer,68.8,Send premium retention offer,2026-05-05T10:18:54.826Z,1777976334817,v1
1,high_risk,premium_retention_offer,70,Send premium retention offer,2026-05-05T10:18:54.826Z,1777976334817,v1
1,high_risk,premium_retention_offer,70,Send premium retention offer,2026-05-05T10:18:54.826Z,1777976334817,v1
0,low_risk,no_action,0,No action,2026-05-05T10:18:54.826Z,1777976334817,v1
0.98,high_risk,premium_retention_offer,67.6,Send premium retention offer,2026-05-05T10:18:54.826Z,1777976334817,v1
0,low_risk,no_action,0,No action,2026-05-05T10:18:54.826Z,1777976334817,v1
0,low_risk,no_action,0,No action,2026-05-05T10:18:54.826Z,1777976334817,v1
0,low_risk,no_action,0,No action,2026-05-05T10:18:54.826Z,1777976334817,v1
0,low_risk,no_action,0,No action,2026-05-05T10:18:54.826Z,1777976334817,v1
0,low_risk,no_action,0,No action,2026-05-05T10:18:54.826Z,1777976334817,v1
0,low_risk,no_action,0,No action,2026-05-05T10:18:54.826Z,1777976334817,v1
0,low_risk,no_action,0,No action,2026-05-05T10:18:54.826Z,1777976334817,v1
0,low_risk,no_action,0,No action,2026-05-05T10:18:54.826Z,1777976334817,v1
0,low_risk,no_action,0,No action,2026-05-05T10:18:54.826Z,1777976334817,v1
0,low_risk,no_action,0,No action,2026-05-05T10:18:54.826Z,1777976334817,v1
0,low_risk,no_action,0,No action,2026-05-05T10:18:54.826Z,1777976334817,v1
0,low_risk,no_action,0,No action,2026-05-05T10:18:54.826Z,1777976334817,v1
0,low_risk,no_action,0,No action,2026-05-05T10:18:54.826Z,1777976334817,v1
0,low_risk,no_action,0,No action,2026-05-05T10:18:54.826Z,1777976334817,v1
0,low_risk,no_action,0,No action,2026-05-05T10:18:54.826Z,1777976334817,v1
0,low_risk,no_action,0,No action,2026-05-05T10:18:54.826Z,1777976334817,v1
0,low_risk,no_action,0,No action,2026-05-05T10:18:54.826Z,1777976334817,v1
0.99,high_risk,premium_retention_offer,68.8,Send premium retention offer,2026-05-05T10:18:54.826Z,1777976334817,v1
0,low_risk,no_action,0,No action,2026-05-05T10:18:54.826Z,1777976334817,v1
0,low_risk,no_action,0,No action,2026-05-05T10:18:54.826Z,1777976334817,v1
0,low_risk,no_action,0,No action,2026-05-05T10:18:54.826Z,1777976334817,v1
0,low_risk,no_action,0,No action,2026-05-05T10:18:54.826Z,1777976334817,v1
0,low_risk,no_action,0,No action,2026-05-05T10:18:54.826Z,1777976334817,v1
0,low_risk,no_action,0,No action,2026-05-05T10:18:54.826Z,1777976334817,v1
0,low_risk,no_action,0,No action,2026-05-05T10:18:54.826Z,1777976334817,v1
0,low_risk,no_action,0,No action,2026-05-05T10:18:54.826Z,1777976334817,v1
0,low_risk,no_action,0,No action,2026-05-05T10:18:54.826Z,1777976334817,v1
0,low_risk,no_action,0,No action,2026-05-05T10:18:54.826Z,1777976334817,v1
0,low_risk,no_action,0,No action,2026-05-05T10:18:54.826Z,1777976334817,v1
0,low_risk,no_action,0,No action,2026-05-05T10:18:54.826Z,1777976334817,v1
0,low_risk,no_action,0,No action,2026-05-05T10:18:54.826Z,1777976334817,v1
0,low_risk,no_action,0,No action,2026-05-05T10:18:54.826Z,1777976334817,v1
0,low_risk,no_action,0,No action,2026-05-05T10:18:54.826Z,1777976334817,v1
0.99,high_risk,premium_retention_offer,68.8,Send premium retention offer,2026-05-05T10:18:54.826Z,1777976334817,v1
0,low_risk,no_action,0,No action,2026-05-05T10:18:54.826Z,1777976334817,v1
0.95,high_risk,premium_retention_offer,64,Send premium retention offer,2026-05-05T10:18:54.826Z,1777976334817,v1
0,low_risk,no_action,0,No action,2026-05-05T10:18:54.826Z,1777976334817,v1
0,low_risk,no_action,0,No action,2026-05-05T10:18:54.826Z,1777976334817,v1
0,low_risk,no_action,0,No action,2026-05-05T10:18:54.826Z,1777976334817,v1
0,low_risk,no_action,0,No action,2026-05-05T10:18:54.826Z,1777976334817,v1
0,low_risk,no_action,0,No action,2026-05-05T10:18:54.826Z,1777976334817,v1
0.99,high_risk,premium_retention_offer,68.8,Send premium retention offer,2026-05-05T10:18:54.826Z,1777976334817,v1
0,low_risk,no_action,0,No action,2026-05-05T10:18:54.826Z,1777976334817,v1
0.01,low_risk,no_action,0,No action,2026-05-05T10:18:54.826Z,1777976334817,v1
0,low_risk,no_action,0,No action,2026-05-05T10:18:54.826Z,1777976334817,v1
0,low_risk,no_action,0,No action,2026-05-05T10:18:54.826Z,1777976334817,v1
0,low_risk,no_action,0,No action,2026-05-05T10:18:54.826Z,1777976334817,v1
0,low_risk,no_action,0,No action,2026-05-05T10:18:54.826Z,1777976334817,v1
0,low_risk,no_action,0,No action,2026-05-05T10:18:54.826Z,1777976334817,v1
0,low_risk,no_action,0,No action,2026-05-05T10:18:54.826Z,1777976334817,v1
0,low_risk,no_action,0,No action,2026-05-05T10:18:54.826Z,1777976334817,v1
0.01,low_risk,no_action,0,No action,2026-05-05T10:18:54.826Z,1777976334817,v1
0,low_risk,no_action,0,No action,2026-05-05T10:18:54.826Z,1777976334817,v1
0,low_risk,no_action,0,No action,2026-05-05T10:18:54.826Z,1777976334817,v1
1,high_risk,premium_retention_offer,70,Send premium retention offer,2026-05-05T10:18:54.826Z,1777976334817,v1
0,low_risk,no_action,0,No action,2026-05-05T10:18:54.826Z,1777976334817,v1
0.01,low_risk,no_action,0,No action,2026-05-05T10:18:54.826Z,1777976334817,v1
0,low_risk,no_action,0,No action,2026-05-05T10:18:54.826Z,1777976334817,v1
0.98,high_risk,premium_retention_offer,67.6,Send premium retention offer,2026-05-05T10:18:54.826Z,1777976334817,v1
0,low_risk,no_action,0,No action,2026-05-05T10:18:54.826Z,1777976334817,v1
0.01,low_risk,no_action,0,No action,2026-05-05T10:18:54.826Z,1777976334817,v1
0,low_risk,no_action,0,No action,2026-05-05T10:18:54.826Z,1777976334817,v1
0,low_risk,no_action,0,No action,2026-05-05T10:18:54.826Z,1777976334817,v1
0,low_risk,no_action,0,No action,2026-05-05T10:18:54.826Z,1777976334817,v1
0,low_risk,no_action,0,No action,2026-05-05T10:18:54.826Z,1777976334817,v1
0,low_risk,no_action,0,No action,2026-05-05T10:18:54.826Z,1777976334817,v1
0.96,high_risk,premium_retention_offer,65.2,Send premium retention offer,2026-05-05T10:18:54.826Z,1777976334817,v1
0,low_risk,no_action,0,No action,2026-05-05T10:18:54.826Z,1777976334817,v1
0,low_risk,no_action,0,No action,2026-05-05T10:18:54.826Z,1777976334817,v1
1,high_risk,premium_retention_offer,70,Send premium retention offer,2026-05-05T10:18:54.826Z,1777976334817,v1
0.02,low_risk,no_action,0,No action,2026-05-05T10:18:54.826Z,1777976334817,v1
0,low_risk,no_action,0,No action,2026-05-05T10:18:54.826Z,1777976334817,v1
0,low_risk,no_action,0,No action,2026-05-05T10:18:54.826Z,1777976334817,v1
1,high_risk,premium_retention_offer,70,Send premium retention offer,2026-05-05T10:18:54.826Z,1777976334817,v1
0,low_risk,no_action,0,No action,2026-05-05T10:18:54.826Z,1777976334817,v1
0,low_risk,no_action,0,No action,2026-05-05T10:18:54.826Z,1777976334817,v1
0,low_risk,no_action,0,No action,2026-05-05T10:18:54.826Z,1777976334817,v1
0.99,high_risk,premium_retention_offer,68.8,Send premium retention offer,2026-05-05T10:18:54.826Z,1777976334817,v1
0,low_risk,no_action,0,No action,2026-05-05T10:18:54.826Z,1777976334817,v1
0,low_risk,no_action,0,No action,2026-05-05T10:18:54.826Z,1777976334817,v1
0,low_risk,no_action,0,No action,2026-05-05T10:18:54.826Z,1777976334817,v1
0,low_risk,no_action,0,No action,2026-05-05T10:18:54.826Z,1777976334817,v1
0,low_risk,no_action,0,No action,2026-05-05T10:18:54.826Z,1777976334817,v1
0,low_risk,no_action,0,No action,2026-05-05T10:18:54.826Z,1777976334817,v1
0,low_risk,no_action,0,No action,2026-05-05T10:18:54.826Z,1777976334817,v1
0,low_risk,no_action,0,No action,2026-05-05T10:18:54.826Z,1777976334817,v1
1,high_risk,premium_retention_offer,70,Send premium retention offer,2026-05-05T10:18:54.826Z,1777976334817,v1
0,low_risk,no_action,0,No action,2026-05-05T10:18:54.826Z,1777976334817,v1
0,low_risk,no_action,0,No action,2026-05-05T10:18:54.826Z,1777976334817,v1
0,low_risk,no_action,0,No action,2026-05-05T10:18:54.826Z,1777976334817,v1
0,low_risk,no_action,0,No action,2026-05-05T10:18:54.826Z,1777976334817,v1
1,high_risk,premium_retention_offer,70,Send premium retention offer,2026-05-05T10:18:54.826Z,1777976334817,v1
0,low_risk,no_action,0,No action,2026-05-05T10:18:54.826Z,1777976334817,v1
0,low_risk,no_action,0,No action,2026-05-05T10:18:54.826Z,1777976334817,v1
1,high_risk,premium_retention_offer,70,Send premium retention offer,2026-05-05T10:18:54.826Z,1777976334817,v1
0,low_risk,no_action,0,No action,2026-05-05T10:18:54.826Z,1777976334817,v1
1,high_risk,premium_retention_offer,70,Send premium retention offer,2026-05-05T10:18:54.826Z,1777976334817,v1
0.97,high_risk,premium_retention_offer,66.4,Send premium retention offer,2026-05-05T10:18:54.826Z,1777976334817,v1
0,low_risk,no_action,0,No action,2026-05-05T10:18:54.826Z,1777976334817,v1
0,low_risk,no_action,0,No action,2026-05-05T10:18:54.826Z,1777976334817,v1
0,low_risk,no_action,0,No action,2026-05-05T10:18:54.826Z,1777976334817,v1
0,low_risk,no_action,0,No action,2026-05-05T10:18:54.826Z,1777976334817,v1
0,low_risk,no_action,0,No action,2026-05-05T10:18:54.826Z,1777976334817,v1
0,low_risk,no_action,0,No action,2026-05-05T10:18:54.826Z,1777976334817,v1
0,low_risk,no_action,0,No action,2026-05-05T10:18:54.826Z,1777976334817,v1
0,low_risk,no_action,0,No action,2026-05-05T10:18:54.826Z,1777976334817,v1
0,low_risk,no_action,0,No action,2026-05-05T10:18:54.826Z,1777976334817,v1
1,high_risk,premium_retention_offer,70,Send premium retention offer,2026-05-05T10:18:54.826Z,1777976334817,v1
0,low_risk,no_action,0,No action,2026-05-05T10:18:54.826Z,1777976334817,v1
0,low_risk,no_action,0,No action,2026-05-05T10:18:54.826Z,1777976334817,v1
0,low_risk,no_action,0,No action,2026-05-05T10:18:54.826Z,1777976334817,v1
0,low_risk,no_action,0,No action,2026-05-05T10:18:54.826Z,1777976334817,v1
0.01,low_risk,no_action,0,No action,2026-05-05T10:18:54.826Z,1777976334817,v1
1,high_risk,premium_retention_offer,70,Send premium retention offer,2026-05-05T10:18:54.826Z,1777976334817,v1
0,low_risk,no_action,0,No action,2026-05-05T10:18:54.826Z,1777976334817,v1
1,high_risk,premium_retention_offer,70,Send premium retention offer,2026-05-05T10:18:54.826Z,1777976334817,v1
0,low_risk,no_action,0,No action,2026-05-05T10:18:54.826Z,1777976334817,v1
0,low_risk,no_action,0,No action,2026-05-05T10:18:54.826Z,1777976334817,v1
0,low_risk,no_action,0,No action,2026-05-05T10:18:54.826Z,1777976334817,v1
0,low_risk,no_action,0,No action,2026-05-05T10:18:54.826Z,1777976334817,v1
1,high_risk,premium_retention_offer,70,Send premium retention offer,2026-05-05T10:18:54.826Z,1777976334817,v1
0,low_risk,no_action,0,No action,2026-05-05T10:18:54.826Z,1777976334817,v1
0,low_risk,no_action,0,No action,2026-05-05T10:18:54.826Z,1777976334817,v1
0.01,low_risk,no_action,0,No action,2026-05-05T10:18:54.826Z,1777976334817,v1
0,low_risk,no_action,0,No action,2026-05-05T10:18:54.826Z,1777976334817,v1
0.98,high_risk,premium_retention_offer,67.6,Send premium retention offer,2026-05-05T10:18:54.826Z,1777976334817,v1
0,low_risk,no_action,0,No action,2026-05-05T10:18:54.826Z,1777976334817,v1
0,low_risk,no_action,0,No action,2026-05-05T10:18:54.826Z,1777976334817,v1
0,low_risk,no_action,0,No action,2026-05-05T10:18:54.826Z,1777976334817,v1
0,low_risk,no_action,0,No action,2026-05-05T10:18:54.826Z,1777976334817,v1
0,low_risk,no_action,0,No action,2026-05-05T10:18:54.826Z,1777976334817,v1
1,high_risk,premium_retention_offer,70,Send premium retention offer,2026-05-05T10:18:54.826Z,1777976334817,v1
0,low_risk,no_action,0,No action,2026-05-05T10:18:54.826Z,1777976334817,v1
0,low_risk,no_action,0,No action,2026-05-05T10:18:54.826Z,1777976334817,v1
0,low_risk,no_action,0,No action,2026-05-05T10:18:54.826Z,1777976334817,v1
1,high_risk,premium_retention_offer,70,Send premium retention offer,2026-05-05T10:18:54.826Z,1777976334817,v1
0,low_risk,no_action,0,No action,2026-05-05T10:18:54.826Z,1777976334817,v1
0,low_risk,no_action,0,No action,2026-05-05T10:18:54.826Z,1777976334817,v1
0.98,high_risk,premium_retention_offer,67.6,Send premium retention offer,2026-05-05T10:18:54.826Z,1777976334817,v1
1,high_risk,premium_retention_offer,70,Send premium retention offer,2026-05-05T10:18:54.826Z,1777976334817,v1
0,low_risk,no_action,0,No action,2026-05-05T10:18:54.826Z,1777976334817,v1
0,low_risk,no_action,0,No action,2026-05-05T10:18:54.826Z,1777976334817,v1
0,low_risk,no_action,0,No action,2026-05-05T10:18:54.826Z,1777976334817,v1
0,low_risk,no_action,0,No action,2026-05-05T10:18:54.826Z,1777976334817,v1
1,high_risk,premium_retention_offer,70,Send premium retention offer,2026-05-05T10:18:54.826Z,1777976334817,v1
0,low_risk,no_action,0,No action,2026-05-05T10:18:54.826Z,1777976334817,v1
0,low_risk,no_action,0,No action,2026-05-05T10:18:54.826Z,1777976334817,v1
1,high_risk,premium_retention_offer,70,Send premium retention offer,2026-05-05T10:18:54.826Z,1777976334817,v1
0,low_risk,no_action,0,No action,2026-05-05T10:18:54.826Z,1777976334817,v1
0,low_risk,no_action,0,No action,2026-05-05T10:18:54.826Z,1777976334817,v1
0,low_risk,no_action,0,No action,2026-05-05T10:18:54.826Z,1777976334817,v1
0,low_risk,no_action,0,No action,2026-05-05T10:18:54.826Z,1777976334817,v1
0,low_risk,no_action,0,No action,2026-05-05T10:18:54.826Z,1777976334817,v1
0,low_risk,no_action,0,No action,2026-05-05T10:18:54.826Z,1777976334817,v1
1,high_risk,premium_retention_offer,70,Send premium retention offer,2026-05-05T10:18:54.826Z,1777976334817,v1
0,low_risk,no_action,0,No action,2026-05-05T10:18:54.826Z,1777976334817,v1
0,low_risk,no_action,0,No action,2026-05-05T10:18:54.826Z,1777976334817,v1
1,high_risk,premium_retention_offer,70,Send premium retention offer,2026-05-05T10:18:54.826Z,1777976334817,v1
0,low_risk,no_action,0,No action,2026-05-05T10:18:54.826Z,1777976334817,v1
0,low_risk,no_action,0,No action,2026-05-05T10:18:54.826Z,1777976334817,v1
0,low_risk,no_action,0,No action,2026-05-05T10:18:54.826Z,1777976334817,v1
0.99,high_risk,premium_retention_offer,68.8,Send premium retention offer,2026-05-05T10:18:54.826Z,1777976334817,v1
0,low_risk,no_action,0,No action,2026-05-05T10:18:54.826Z,1777976334817,v1
0,low_risk,no_action,0,No action,2026-05-05T10:18:54.826Z,1777976334817,v1
0,low_risk,no_action,0,No action,2026-05-05T10:18:54.826Z,1777976334817,v1
0.01,low_risk,no_action,0,No action,2026-05-05T10:18:54.826Z,1777976334817,v1
0,low_risk,no_action,0,No action,2026-05-05T10:18:54.826Z,1777976334817,v1
0,low_risk,no_action,0,No action,2026-05-05T10:18:54.826Z,1777976334817,v1
0,low_risk,no_action,0,No action,2026-05-05T10:18:54.826Z,1777976334817,v1
1,high_risk,premium_retention_offer,70,Send premium retention offer,2026-05-05T10:18:54.826Z,1777976334817,v1
1,high_risk,premium_retention_offer,70,Send premium retention offer,2026-05-05T10:18:54.826Z,1777976334817,v1
0,low_risk,no_action,0,No action,2026-05-05T10:18:54.826Z,1777976334817,v1
0,low_risk,no_action,0,No action,2026-05-05T10:18:54.826Z,1777976334817,v1
1,high_risk,premium_retention_offer,70,Send premium retention offer,2026-05-05T10:18:54.826Z,1777976334817,v1
0,low_risk,no_action,0,No action,2026-05-05T10:18:54.826Z,1777976334817,v1
0,low_risk,no_action,0,No action,2026-05-05T10:18:54.826Z,1777976334817,v1
0,low_risk,no_action,0,No action,2026-05-05T10:18:54.826Z,1777976334817,v1
1,high_risk,premium_retention_offer,70,Send premium retention offer,2026-05-05T10:18:54.826Z,1777976334817,v1
0,low_risk,no_action,0,No action,2026-05-05T10:18:54.826Z,1777976334817,v1
0,low_risk,no_action,0,No action,2026-05-05T10:18:54.826Z,1777976334817,v1
0,low_risk,no_action,0,No action,2026-05-05T10:18:54.826Z,1777976334817,v1
0,low_risk,no_action,0,No action,2026-05-05T10:18:54.826Z,1777976334817,v1
0.97,high_risk,premium_retention_offer,66.4,Send premium retention offer,2026-05-05T10:18:54.826Z,1777976334817,v1
0,low_risk,no_action,0,No action,2026-05-05T10:18:54.826Z,1777976334817,v1
0,low_risk,no_action,0,No action,2026-05-05T10:18:54.826Z,1777976334817,v1
0,low_risk,no_action,0,No action,2026-05-05T10:18:54.826Z,1777976334817,v1
0.02,low_risk,no_action,0,No action,2026-05-05T10:18:54.826Z,1777976334817,v1
0,low_risk,no_action,0,No action,2026-05-05T10:18:54.826Z,1777976334817,v1
0,low_risk,no_action,0,No action,2026-05-05T10:18:54.826Z,1777976334817,v1
1,high_risk,premium_retention_offer,70,Send premium retention offer,2026-05-05T10:18:54.826Z,1777976334817,v1
0.03,low_risk,no_action,0,No action,2026-05-05T10:18:54.826Z,1777976334817,v1
0,low_risk,no_action,0,No action,2026-05-05T10:18:54.826Z,1777976334817,v1
1,high_risk,premium_retention_offer,70,Send premium retention offer,2026-05-05T10:18:54.826Z,1777976334817,v1
1,high_risk,premium_retention_offer,70,Send premium retention offer,2026-05-05T10:18:54.826Z,1777976334817,v1
1,high_risk,premium_retention_offer,70,Send premium retention offer,2026-05-05T10:18:54.826Z,1777976334817,v1
0,low_risk,no_action,0,No action,2026-05-05T10:18:54.826Z,1777976334817,v1
0,low_risk,no_action,0,No action,2026-05-05T10:18:54.826Z,1777976334817,v1
0,low_risk,no_action,0,No action,2026-05-05T10:18:54.826Z,1777976334817,v1
0,low_risk,no_action,0,No action,2026-05-05T10:18:54.826Z,1777976334817,v1
0,low_risk,no_action,0,No action,2026-05-05T10:18:54.826Z,1777976334817,v1
0,low_risk,no_action,0,No action,2026-05-05T10:18:54.826Z,1777976334817,v1
0,low_risk,no_action,0,No action,2026-05-05T10:18:54.826Z,1777976334817,v1
0,low_risk,no_action,0,No action,2026-05-05T10:18:54.826Z,1777976334817,v1
0,low_risk,no_action,0,No action,2026-05-05T10:18:54.826Z,1777976334817,v1
0.01,low_risk,no_action,0,No action,2026-05-05T10:18:54.826Z,1777976334817,v1
0,low_risk,no_action,0,No action,2026-05-05T10:18:54.826Z,1777976334817,v1
0,low_risk,no_action,0,No action,2026-05-05T10:18:54.826Z,1777976334817,v1
0,low_risk,no_action,0,No action,2026-05-05T10:18:54.826Z,1777976334817,v1
0,low_risk,no_action,0,No action,2026-05-05T10:18:54.826Z,1777976334817,v1
0,low_risk,no_action,0,No action,2026-05-05T10:18:54.826Z,1777976334817,v1
0.99,high_risk,premium_retention_offer,68.8,Send premium retention offer,2026-05-05T10:18:54.826Z,1777976334817,v1
0,low_risk,no_action,0,No action,2026-05-05T10:18:54.826Z,1777976334817,v1
0,low_risk,no_action,0,No action,2026-05-05T10:18:54.826Z,1777976334817,v1
0,low_risk,no_action,0,No action,2026-05-05T10:18:54.826Z,1777976334817,v1
0,low_risk,no_action,0,No action,2026-05-05T10:18:54.826Z,1777976334817,v1
0,low_risk,no_action,0,No action,2026-05-05T10:18:54.826Z,1777976334817,v1
0,low_risk,no_action,0,No action,2026-05-05T10:18:54.826Z,1777976334817,v1
0,low_risk,no_action,0,No action,2026-05-05T10:18:54.826Z,1777976334817,v1
1,high_risk,premium_retention_offer,70,Send premium retention offer,2026-05-05T10:18:54.826Z,1777976334817,v1
0.01,low_risk,no_action,0,No action,2026-05-05T10:18:54.826Z,1777976334817,v1
1,high_risk,premium_retention_offer,70,Send premium retention offer,2026-05-05T10:18:54.826Z,1777976334817,v1
0,low_risk,no_action,0,No action,2026-05-05T10:18:54.826Z,1777976334817,v1
0,low_risk,no_action,0,No action,2026-05-05T10:18:54.826Z,1777976334817,v1
0,low_risk,no_action,0,No action,2026-05-05T10:18:54.826Z,1777976334817,v1
0,low_risk,no_action,0,No action,2026-05-05T10:18:54.826Z,1777976334817,v1
0,low_risk,no_action,0,No action,2026-05-05T10:18:54.826Z,1777976334817,v1
0,low_risk,no_action,0,No action,2026-05-05T10:18:54.826Z,1777976334817,v1
0.01,low_risk,no_action,0,No action,2026-05-05T10:18:54.826Z,1777976334817,v1
0,low_risk,no_action,0,No action,2026-05-05T10:18:54.826Z,1777976334817,v1
0,low_risk,no_action,0,No action,2026-05-05T10:18:54.826Z,1777976334817,v1
0,low_risk,no_action,0,No action,2026-05-05T10:18:54.826Z,1777976334817,v1
0,low_risk,no_action,0,No action,2026-05-05T10:18:54.826Z,1777976334817,v1
1,high_risk,premium_retention_offer,70,Send premium retention offer,2026-05-05T10:18:54.826Z,1777976334817,v1
0,low_risk,no_action,0,No action,2026-05-05T10:18:54.826Z,1777976334817,v1
0,low_risk,no_action,0,No action,2026-05-05T10:18:54.826Z,1777976334817,v1
0,low_risk,no_action,0,No action,2026-05-05T10:18:54.826Z,1777976334817,v1
1,high_risk,premium_retention_offer,70,Send premium retention offer,2026-05-05T10:18:54.826Z,1777976334817,v1
0,low_risk,no_action,0,No action,2026-05-05T10:18:54.826Z,1777976334817,v1
0.99,high_risk,premium_retention_offer,68.8,Send premium retention offer,2026-05-05T10:18:54.826Z,1777976334817,v1
0,low_risk,no_action,0,No action,2026-05-05T10:18:54.826Z,1777976334817,v1
0,low_risk,no_action,0,No action,2026-05-05T10:18:54.826Z,1777976334817,v1
0,low_risk,no_action,0,No action,2026-05-05T10:18:54.826Z,1777976334817,v1
0,low_risk,no_action,0,No action,2026-05-05T10:18:54.826Z,1777976334817,v1
0,low_risk,no_action,0,No action,2026-05-05T10:18:54.826Z,1777976334817,v1
0,low_risk,no_action,0,No action,2026-05-05T10:18:54.826Z,1777976334817,v1
0,low_risk,no_action,0,No action,2026-05-05T10:18:54.826Z,1777976334817,v1
0,low_risk,no_action,0,No action,2026-05-05T10:18:54.826Z,1777976334817,v1
0,low_risk,no_action,0,No action,2026-05-05T10:18:54.826Z,1777976334817,v1
0,low_risk,no_action,0,No action,2026-05-05T10:18:54.826Z,1777976334817,v1
1,high_risk,premium_retention_offer,70,Send premium retention offer,2026-05-05T10:18:54.826Z,1777976334817,v1
0,low_risk,no_action,0,No action,2026-05-05T10:18:54.826Z,1777976334817,v1
0,low_risk,no_action,0,No action,2026-05-05T10:18:54.826Z,1777976334817,v1
0,low_risk,no_action,0,No action,2026-05-05T10:18:54.826Z,1777976334817,v1
0,low_risk,no_action,0,No action,2026-05-05T10:18:54.826Z,1777976334817,v1
0,low_risk,no_action,0,No action,2026-05-05T10:18:54.826Z,1777976334817,v1
0.01,low_risk,no_action,0,No action,2026-05-05T10:18:54.826Z,1777976334817,v1
0.01,low_risk,no_action,0,No action,2026-05-05T10:18:54.826Z,1777976334817,v1
0.01,low_risk,no_action,0,No action,2026-05-05T10:18:54.826Z,1777976334817,v1
0,low_risk,no_action,0,No action,2026-05-05T10:18:54.826Z,1777976334817,v1
0,low_risk,no_action,0,No action,2026-05-05T10:18:54.826Z,1777976334817,v1
1,high_risk,premium_retention_offer,70,Send premium retention offer,2026-05-05T10:18:54.826Z,1777976334817,v1
0,low_risk,no_action,0,No action,2026-05-05T10:18:54.826Z,1777976334817,v1
0,low_risk,no_action,0,No action,2026-05-05T10:18:54.826Z,1777976334817,v1
0.98,high_risk,premium_retention_offer,67.6,Send premium retention offer,2026-05-05T10:18:54.826Z,1777976334817,v1
0,low_risk,no_action,0,No action,2026-05-05T10:18:54.826Z,1777976334817,v1
0,low_risk,no_action,0,No action,2026-05-05T10:18:54.826Z,1777976334817,v1
0,low_risk,no_action,0,No action,2026-05-05T10:18:54.826Z,1777976334817,v1
0,low_risk,no_action,0,No action,2026-05-05T10:18:54.826Z,1777976334817,v1
0,low_risk,no_action,0,No action,2026-05-05T10:18:54.826Z,1777976334817,v1
0,low_risk,no_action,0,No action,2026-05-05T10:18:54.826Z,1777976334817,v1
1,high_risk,premium_retention_offer,70,Send premium retention offer,2026-05-05T10:18:54.826Z,1777976334817,v1
0,low_risk,no_action,0,No action,2026-05-05T10:18:54.826Z,1777976334817,v1
0,low_risk,no_action,0,No action,2026-05-05T10:18:54.826Z,1777976334817,v1
0,low_risk,no_action,0,No action,2026-05-05T10:18:54.826Z,1777976334817,v1
0,low_risk,no_action,0,No action,2026-05-05T10:18:54.826Z,1777976334817,v1
0,low_risk,no_action,0,No action,2026-05-05T10:18:54.826Z,1777976334817,v1
0,low_risk,no_action,0,No action,2026-05-05T10:18:54.826Z,1777976334817,v1
0,low_risk,no_action,0,No action,2026-05-05T10:18:54.826Z,1777976334817,v1
0,low_risk,no_action,0,No action,2026-05-05T10:18:54.826Z,1777976334817,v1
0,low_risk,no_action,0,No action,2026-05-05T10:18:54.826Z,1777976334817,v1
0.99,high_risk,premium_retention_offer,68.8,Send premium retention offer,2026-05-05T10:18:54.826Z,1777976334817,v1
0,low_risk,no_action,0,No action,2026-05-05T10:18:54.826Z,1777976334817,v1
0,low_risk,no_action,0,No action,2026-05-05T10:18:54.826Z,1777976334817,v1
1,high_risk,premium_retention_offer,70,Send premium retention offer,2026-05-05T10:18:54.826Z,1777976334817,v1
0,low_risk,no_action,0,No action,2026-05-05T10:18:54.826Z,1777976334817,v1
1,high_risk,premium_retention_offer,70,Send premium retention offer,2026-05-05T10:18:54.826Z,1777976334817,v1
0,low_risk,no_action,0,No action,2026-05-05T10:18:54.826Z,1777976334817,v1
0,low_risk,no_action,0,No action,2026-05-05T10:18:54.826Z,1777976334817,v1
0,low_risk,no_action,0,No action,2026-05-05T10:18:54.826Z,1777976334817,v1
0.01,low_risk,no_action,0,No action,2026-05-05T10:18:54.826Z,1777976334817,v1
0,low_risk,no_action,0,No action,2026-05-05T10:18:54.826Z,1777976334817,v1
0,low_risk,no_action,0,No action,2026-05-05T10:18:54.826Z,1777976334817,v1
1,high_risk,premium_retention_offer,70,Send premium retention offer,2026-05-05T10:18:54.826Z,1777976334817,v1
0.01,low_risk,no_action,0,No action,2026-05-05T10:18:54.826Z,1777976334817,v1
0,low_risk,no_action,0,No action,2026-05-05T10:18:54.826Z,1777976334817,v1
0,low_risk,no_action,0,No action,2026-05-05T10:18:54.826Z,1777976334817,v1
0,low_risk,no_action,0,No action,2026-05-05T10:18:54.826Z,1777976334817,v1
0,low_risk,no_action,0,No action,2026-05-05T10:18:54.826Z,1777976334817,v1
1,high_risk,premium_retention_offer,70,Send premium retention offer,2026-05-05T10:18:54.826Z,1777976334817,v1
0,low_risk,no_action,0,No action,2026-05-05T10:18:54.826Z,1777976334817,v1
0.01,low_risk,no_action,0,No action,2026-05-05T10:18:54.826Z,1777976334817,v1
0,low_risk,no_action,0,No action,2026-05-05T10:18:54.826Z,1777976334817,v1
0,low_risk,no_action,0,No action,2026-05-05T10:18:54.826Z,1777976334817,v1
0,low_risk,no_action,0,No action,2026-05-05T10:18:54.826Z,1777976334817,v1
0,low_risk,no_action,0,No action,2026-05-05T10:18:54.826Z,1777976334817,v1
0,low_risk,no_action,0,No action,2026-05-05T10:18:54.826Z,1777976334817,v1
0.02,low_risk,no_action,0,No action,2026-05-05T10:18:54.826Z,1777976334817,v1
1,high_risk,premium_retention_offer,70,Send premium retention offer,2026-05-05T10:18:54.826Z,1777976334817,v1
0,low_risk,no_action,0,No action,2026-05-05T10:18:54.826Z,1777976334817,v1
0.99,high_risk,premium_retention_offer,68.8,Send premium retention offer,2026-05-05T10:18:54.826Z,1777976334817,v1
0.01,low_risk,no_action,0,No action,2026-05-05T10:18:54.826Z,1777976334817,v1
0,low_risk,no_action,0,No action,2026-05-05T10:18:54.826Z,1777976334817,v1
0,low_risk,no_action,0,No action,2026-05-05T10:18:54.826Z,1777976334817,v1
0,low_risk,no_action,0,No action,2026-05-05T10:18:54.826Z,1777976334817,v1
0.01,low_risk,no_action,0,No action,2026-05-05T10:18:54.826Z,1777976334817,v1
0,low_risk,no_action,0,No action,2026-05-05T10:18:54.826Z,1777976334817,v1
0,low_risk,no_action,0,No action,2026-05-05T10:18:54.826Z,1777976334817,v1
0.01,low_risk,no_action,0,No action,2026-05-05T10:18:54.826Z,1777976334817,v1
0,low_risk,no_action,0,No action,2026-05-05T10:18:54.826Z,1777976334817,v1
0,low_risk,no_action,0,No action,2026-05-05T10:18:54.826Z,1777976334817,v1
0,low_risk,no_action,0,No action,2026-05-05T10:18:54.826Z,1777976334817,v1
0,low_risk,no_action,0,No action,2026-05-05T10:18:54.826Z,1777976334817,v1
0.97,high_risk,premium_retention_offer,66.4,Send premium retention offer,2026-05-05T10:18:54.826Z,1777976334817,v1
0.01,low_risk,no_action,0,No action,2026-05-05T10:18:54.826Z,1777976334817,v1
0,low_risk,no_action,0,No action,2026-05-05T10:18:54.826Z,1777976334817,v1
0,low_risk,no_action,0,No action,2026-05-05T10:18:54.826Z,1777976334817,v1
0,low_risk,no_action,0,No action,2026-05-05T10:18:54.826Z,1777976334817,v1
0,low_risk,no_action,0,No action,2026-05-05T10:18:54.826Z,1777976334817,v1
0,low_risk,no_action,0,No action,2026-05-05T10:18:54.826Z,1777976334817,v1
0,low_risk,no_action,0,No action,2026-05-05T10:18:54.826Z,1777976334817,v1
0.02,low_risk,no_action,0,No action,2026-05-05T10:18:54.826Z,1777976334817,v1
0.98,high_risk,premium_retention_offer,67.6,Send premium retention offer,2026-05-05T10:18:54.826Z,1777976334817,v1
0,low_risk,no_action,0,No action,2026-05-05T10:18:54.826Z,1777976334817,v1
0,low_risk,no_action,0,No action,2026-05-05T10:18:54.826Z,1777976334817,v1
0,low_risk,no_action,0,No action,2026-05-05T10:18:54.826Z,1777976334817,v1
0,low_risk,no_action,0,No action,2026-05-05T10:18:54.826Z,1777976334817,v1
0.01,low_risk,no_action,0,No action,2026-05-05T10:18:54.826Z,1777976334817,v1
0,low_risk,no_action,0,No action,2026-05-05T10:18:54.826Z,1777976334817,v1
1,high_risk,premium_retention_offer,70,Send premium retention offer,2026-05-05T10:18:54.826Z,1777976334817,v1
0,low_risk,no_action,0,No action,2026-05-05T10:18:54.826Z,1777976334817,v1
1,high_risk,premium_retention_offer,70,Send premium retention offer,2026-05-05T10:18:54.826Z,1777976334817,v1
0,low_risk,no_action,0,No action,2026-05-05T10:18:54.826Z,1777976334817,v1
0,low_risk,no_action,0,No action,2026-05-05T10:18:54.826Z,1777976334817,v1
0,low_risk,no_action,0,No action,2026-05-05T10:18:54.826Z,1777976334817,v1
0.02,low_risk,no_action,0,No action,2026-05-05T10:18:54.826Z,1777976334817,v1
0,low_risk,no_action,0,No action,2026-05-05T10:18:54.826Z,1777976334817,v1
0,low_risk,no_action,0,No action,2026-05-05T10:18:54.826Z,1777976334817,v1
0,low_risk,no_action,0,No action,2026-05-05T10:18:54.826Z,1777976334817,v1
0.02,low_risk,no_action,0,No action,2026-05-05T10:18:54.826Z,1777976334817,v1
0,low_risk,no_action,0,No action,2026-05-05T10:18:54.826Z,1777976334817,v1
0,low_risk,no_action,0,No action,2026-05-05T10:18:54.826Z,1777976334817,v1
1,high_risk,premium_retention_offer,70,Send premium retention offer,2026-05-05T10:18:54.826Z,1777976334817,v1
1,high_risk,premium_retention_offer,70,Send premium retention offer,2026-05-05T10:18:54.826Z,1777976334817,v1
1,high_risk,premium_retention_offer,70,Send premium retention offer,2026-05-05T10:18:54.826Z,1777976334817,v1
0.99,high_risk,premium_retention_offer,68.8,Send premium retention offer,2026-05-05T10:18:54.826Z,1777976334817,v1
0,low_risk,no_action,0,No action,2026-05-05T10:18:54.826Z,1777976334817,v1
0,low_risk,no_action,0,No action,2026-05-05T10:18:54.826Z,1777976334817,v1
0,low_risk,no_action,0,No action,2026-05-05T10:18:54.826Z,1777976334817,v1
0,low_risk,no_action,0,No action,2026-05-05T10:18:54.826Z,1777976334817,v1
0,low_risk,no_action,0,No action,2026-05-05T10:18:54.826Z,1777976334817,v1
0,low_risk,no_action,0,No action,2026-05-05T10:18:54.826Z,1777976334817,v1
0,low_risk,no_action,0,No action,2026-05-05T10:18:54.826Z,1777976334817,v1
0.99,high_risk,premium_retention_offer,68.8,Send premium retention offer,2026-05-05T10:18:54.826Z,1777976334817,v1
0,low_risk,no_action,0,No action,2026-05-05T10:18:54.826Z,1777976334817,v1
0,low_risk,no_action,0,No action,2026-05-05T10:18:54.826Z,1777976334817,v1
1,high_risk,premium_retention_offer,70,Send premium retention offer,2026-05-05T10:18:54.826Z,1777976334817,v1
0,low_risk,no_action,0,No action,2026-05-05T10:18:54.826Z,1777976334817,v1
0.99,high_risk,premium_retention_offer,68.8,Send premium retention offer,2026-05-05T10:18:54.826Z,1777976334817,v1
0.01,low_risk,no_action,0,No action,2026-05-05T10:18:54.826Z,1777976334817,v1
0,low_risk,no_action,0,No action,2026-05-05T10:18:54.826Z,1777976334817,v1
0,low_risk,no_action,0,No action,2026-05-05T10:18:54.826Z,1777976334817,v1
0.99,high_risk,premium_retention_offer,68.8,Send premium retention offer,2026-05-05T10:18:54.826Z,1777976334817,v1
0,low_risk,no_action,0,No action,2026-05-05T10:18:54.826Z,1777976334817,v1
0.99,high_risk,premium_retention_offer,68.8,Send premium retention offer,2026-05-05T10:18:54.826Z,1777976334817,v1
0.98,high_risk,premium_retention_offer,67.6,Send premium retention offer,2026-05-05T10:18:54.826Z,1777976334817,v1
0,low_risk,no_action,0,No action,2026-05-05T10:18:54.826Z,1777976334817,v1
1,high_risk,premium_retention_offer,70,Send premium retention offer,2026-05-05T10:18:54.826Z,1777976334817,v1
0,low_risk,no_action,0,No action,2026-05-05T10:18:54.826Z,1777976334817,v1
0.99,high_risk,premium_retention_offer,68.8,Send premium retention offer,2026-05-05T10:18:54.826Z,1777976334817,v1
0.99,high_risk,premium_retention_offer,68.8,Send premium retention offer,2026-05-05T10:18:54.826Z,1777976334817,v1
1,high_risk,premium_retention_offer,70,Send premium retention offer,2026-05-05T10:18:54.826Z,1777976334817,v1
0,low_risk,no_action,0,No action,2026-05-05T10:18:54.826Z,1777976334817,v1
0,low_risk,no_action,0,No action,2026-05-05T10:18:54.826Z,1777976334817,v1
0,low_risk,no_action,0,No action,2026-05-05T10:18:54.826Z,1777976334817,v1
0,low_risk,no_action,0,No action,2026-05-05T10:18:54.826Z,1777976334817,v1
0,low_risk,no_action,0,No action,2026-05-05T10:18:54.826Z,1777976334817,v1
0.03,low_risk,no_action,0,No action,2026-05-05T10:18:54.826Z,1777976334817,v1
0,low_risk,no_action,0,No action,2026-05-05T10:18:54.826Z,1777976334817,v1
0,low_risk,no_action,0,No action,2026-05-05T10:18:54.826Z,1777976334817,v1
0,low_risk,no_action,0,No action,2026-05-05T10:18:54.826Z,1777976334817,v1
0,low_risk,no_action,0,No action,2026-05-05T10:18:54.826Z,1777976334817,v1
0,low_risk,no_action,0,No action,2026-05-05T10:18:54.826Z,1777976334817,v1
0,low_risk,no_action,0,No action,2026-05-05T10:18:54.826Z,1777976334817,v1
0.01,low_risk,no_action,0,No action,2026-05-05T10:18:54.826Z,1777976334817,v1
0,low_risk,no_action,0,No action,2026-05-05T10:18:54.826Z,1777976334817,v1
0,low_risk,no_action,0,No action,2026-05-05T10:18:54.826Z,1777976334817,v1
0,low_risk,no_action,0,No action,2026-05-05T10:18:54.826Z,1777976334817,v1
0,low_risk,no_action,0,No action,2026-05-05T10:18:54.826Z,1777976334817,v1
1,high_risk,premium_retention_offer,70,Send premium retention offer,2026-05-05T10:18:54.826Z,1777976334817,v1
0.95,high_risk,premium_retention_offer,64,Send premium retention offer,2026-05-05T10:18:54.826Z,1777976334817,v1
0,low_risk,no_action,0,No action,2026-05-05T10:18:54.826Z,1777976334817,v1
0,low_risk,no_action,0,No action,2026-05-05T10:18:54.826Z,1777976334817,v1
0,low_risk,no_action,0,No action,2026-05-05T10:18:54.826Z,1777976334817,v1
0.01,low_risk,no_action,0,No action,2026-05-05T10:18:54.826Z,1777976334817,v1
0,low_risk,no_action,0,No action,2026-05-05T10:18:54.826Z,1777976334817,v1
0,low_risk,no_action,0,No action,2026-05-05T10:18:54.826Z,1777976334817,v1
0,low_risk,no_action,0,No action,2026-05-05T10:18:54.826Z,1777976334817,v1
0,low_risk,no_action,0,No action,2026-05-05T10:18:54.826Z,1777976334817,v1
0,low_risk,no_action,0,No action,2026-05-05T10:18:54.826Z,1777976334817,v1
0,low_risk,no_action,0,No action,2026-05-05T10:18:54.826Z,1777976334817,v1
0,low_risk,no_action,0,No action,2026-05-05T10:18:54.826Z,1777976334817,v1
0,low_risk,no_action,0,No action,2026-05-05T10:18:54.826Z,1777976334817,v1
0,low_risk,no_action,0,No action,2026-05-05T10:18:54.826Z,1777976334817,v1
0,low_risk,no_action,0,No action,2026-05-05T10:18:54.826Z,1777976334817,v1
0,low_risk,no_action,0,No action,2026-05-05T10:18:54.826Z,1777976334817,v1
0,low_risk,no_action,0,No action,2026-05-05T10:18:54.826Z,1777976334817,v1
1,high_risk,premium_retention_offer,70,Send premium retention offer,2026-05-05T10:18:54.826Z,1777976334817,v1
0,low_risk,no_action,0,No action,2026-05-05T10:18:54.826Z,1777976334817,v1
0,low_risk,no_action,0,No action,2026-05-05T10:18:54.826Z,1777976334817,v1
0,low_risk,no_action,0,No action,2026-05-05T10:18:54.826Z,1777976334817,v1
1,high_risk,premium_retention_offer,70,Send premium retention offer,2026-05-05T10:18:54.826Z,1777976334817,v1
0,low_risk,no_action,0,No action,2026-05-05T10:18:54.826Z,1777976334817,v1
1,high_risk,premium_retention_offer,70,Send premium retention offer,2026-05-05T10:18:54.826Z,1777976334817,v1
0,low_risk,no_action,0,No action,2026-05-05T10:18:54.826Z,1777976334817,v1
0.99,high_risk,premium_retention_offer,68.8,Send premium retention offer,2026-05-05T10:18:54.826Z,1777976334817,v1
0,low_risk,no_action,0,No action,2026-05-05T10:18:54.826Z,1777976334817,v1
0,low_risk,no_action,0,No action,2026-05-05T10:18:54.826Z,1777976334817,v1
0,low_risk,no_action,0,No action,2026-05-05T10:18:54.826Z,1777976334817,v1
0,low_risk,no_action,0,No action,2026-05-05T10:18:54.826Z,1777976334817,v1
0,low_risk,no_action,0,No action,2026-05-05T10:18:54.826Z,1777976334817,v1
1,high_risk,premium_retention_offer,70,Send premium retention offer,2026-05-05T10:18:54.826Z,1777976334817,v1
0,low_risk,no_action,0,No action,2026-05-05T10:18:54.826Z,1777976334817,v1
0,low_risk,no_action,0,No action,2026-05-05T10:18:54.826Z,1777976334817,v1
0,low_risk,no_action,0,No action,2026-05-05T10:18:54.826Z,1777976334817,v1
0,low_risk,no_action,0,No action,2026-05-05T10:18:54.826Z,1777976334817,v1
0,low_risk,no_action,0,No action,2026-05-05T10:18:54.826Z,1777976334817,v1
1,high_risk,premium_retention_offer,70,Send premium retention offer,2026-05-05T10:18:54.826Z,1777976334817,v1
0.01,low_risk,no_action,0,No action,2026-05-05T10:18:54.826Z,1777976334817,v1
0,low_risk,no_action,0,No action,2026-05-05T10:18:54.826Z,1777976334817,v1
0,low_risk,no_action,0,No action,2026-05-05T10:18:54.826Z,1777976334817,v1
0,low_risk,no_action,0,No action,2026-05-05T10:18:54.826Z,1777976334817,v1
0,low_risk,no_action,0,No action,2026-05-05T10:18:54.826Z,1777976334817,v1
0,low_risk,no_action,0,No action,2026-05-05T10:18:54.826Z,1777976334817,v1
1,high_risk,premium_retention_offer,70,Send premium retention offer,2026-05-05T10:18:54.826Z,1777976334817,v1
0,low_risk,no_action,0,No action,2026-05-05T10:18:54.827Z,1777976334817,v1
0,low_risk,no_action,0,No action,2026-05-05T10:18:54.827Z,1777976334817,v1
0.01,low_risk,no_action,0,No action,2026-05-05T10:18:54.827Z,1777976334817,v1
0.01,low_risk,no_action,0,No action,2026-05-05T10:18:54.827Z,1777976334817,v1
1,high_risk,premium_retention_offer,70,Send premium retention offer,2026-05-05T10:18:54.827Z,1777976334817,v1
0,low_risk,no_action,0,No action,2026-05-05T10:18:54.827Z,1777976334817,v1
0.01,low_risk,no_action,0,No action,2026-05-05T10:18:54.827Z,1777976334817,v1
0.98,high_risk,premium_retention_offer,67.6,Send premium retention offer,2026-05-05T10:18:54.827Z,1777976334817,v1
0,low_risk,no_action,0,No action,2026-05-05T10:18:54.827Z,1777976334817,v1
1,high_risk,premium_retention_offer,70,Send premium retention offer,2026-05-05T10:18:54.827Z,1777976334817,v1
0.01,low_risk,no_action,0,No action,2026-05-05T10:18:54.827Z,1777976334817,v1
0,low_risk,no_action,0,No action,2026-05-05T10:18:54.827Z,1777976334817,v1
0,low_risk,no_action,0,No action,2026-05-05T10:18:54.827Z,1777976334817,v1
0,low_risk,no_action,0,No action,2026-05-05T10:18:54.827Z,1777976334817,v1
1,high_risk,premium_retention_offer,70,Send premium retention offer,2026-05-05T10:18:54.827Z,1777976334817,v1
1,high_risk,premium_retention_offer,70,Send premium retention offer,2026-05-05T10:18:54.827Z,1777976334817,v1
0,low_risk,no_action,0,No action,2026-05-05T10:18:54.827Z,1777976334817,v1
0.98,high_risk,premium_retention_offer,67.6,Send premium retention offer,2026-05-05T10:18:54.827Z,1777976334817,v1
0,low_risk,no_action,0,No action,2026-05-05T10:18:54.827Z,1777976334817,v1
0.01,low_risk,no_action,0,No action,2026-05-05T10:18:54.827Z,1777976334817,v1
0.01,low_risk,no_action,0,No action,2026-05-05T10:18:54.827Z,1777976334817,v1
1,high_risk,premium_retention_offer,70,Send premium retention offer,2026-05-05T10:18:54.827Z,1777976334817,v1
0,low_risk,no_action,0,No action,2026-05-05T10:18:54.827Z,1777976334817,v1
1,high_risk,premium_retention_offer,70,Send premium retention offer,2026-05-05T10:18:54.827Z,1777976334817,v1
0.99,high_risk,premium_retention_offer,68.8,Send premium retention offer,2026-05-05T10:18:54.827Z,1777976334817,v1
0.02,low_risk,no_action,0,No action,2026-05-05T10:18:54.827Z,1777976334817,v1
0,low_risk,no_action,0,No action,2026-05-05T10:18:54.827Z,1777976334817,v1
0,low_risk,no_action,0,No action,2026-05-05T10:18:54.827Z,1777976334817,v1
1,high_risk,premium_retention_offer,70,Send premium retention offer,2026-05-05T10:18:54.827Z,1777976334817,v1
0,low_risk,no_action,0,No action,2026-05-05T10:18:54.827Z,1777976334817,v1
0.01,low_risk,no_action,0,No action,2026-05-05T10:18:54.827Z,1777976334817,v1
0,low_risk,no_action,0,No action,2026-05-05T10:18:54.827Z,1777976334817,v1
0,low_risk,no_action,0,No action,2026-05-05T10:18:54.827Z,1777976334817,v1
0,low_risk,no_action,0,No action,2026-05-05T10:18:54.827Z,1777976334817,v1
0,low_risk,no_action,0,No action,2026-05-05T10:18:54.827Z,1777976334817,v1
1,high_risk,premium_retention_offer,70,Send premium retention offer,2026-05-05T10:18:54.827Z,1777976334817,v1
0,low_risk,no_action,0,No action,2026-05-05T10:18:54.827Z,1777976334817,v1
0,low_risk,no_action,0,No action,2026-05-05T10:18:54.827Z,1777976334817,v1
0,low_risk,no_action,0,No action,2026-05-05T10:18:54.827Z,1777976334817,v1
0,low_risk,no_action,0,No action,2026-05-05T10:18:54.827Z,1777976334817,v1
0,low_risk,no_action,0,No action,2026-05-05T10:18:54.827Z,1777976334817,v1
0,low_risk,no_action,0,No action,2026-05-05T10:18:54.827Z,1777976334817,v1
0,low_risk,no_action,0,No action,2026-05-05T10:18:54.827Z,1777976334817,v1
0,low_risk,no_action,0,No action,2026-05-05T10:18:54.827Z,1777976334817,v1
1,high_risk,premium_retention_offer,70,Send premium retention offer,2026-05-05T10:18:54.827Z,1777976334817,v1
0,low_risk,no_action,0,No action,2026-05-05T10:18:54.827Z,1777976334817,v1
0,low_risk,no_action,0,No action,2026-05-05T10:18:54.827Z,1777976334817,v1
0.98,high_risk,premium_retention_offer,67.6,Send premium retention offer,2026-05-05T10:18:54.827Z,1777976334817,v1
0.99,high_risk,premium_retention_offer,68.8,Send premium retention offer,2026-05-05T10:18:54.827Z,1777976334817,v1
0,low_risk,no_action,0,No action,2026-05-05T10:18:54.827Z,1777976334817,v1
0.01,low_risk,no_action,0,No action,2026-05-05T10:18:54.827Z,1777976334817,v1
0,low_risk,no_action,0,No action,2026-05-05T10:18:54.827Z,1777976334817,v1
0,low_risk,no_action,0,No action,2026-05-05T10:18:54.827Z,1777976334817,v1
0,low_risk,no_action,0,No action,2026-05-05T10:18:54.827Z,1777976334817,v1
1,high_risk,premium_retention_offer,70,Send premium retention offer,2026-05-05T10:18:54.827Z,1777976334817,v1
1,high_risk,premium_retention_offer,70,Send premium retention offer,2026-05-05T10:18:54.827Z,1777976334817,v1
0,low_risk,no_action,0,No action,2026-05-05T10:18:54.827Z,1777976334817,v1
1,high_risk,premium_retention_offer,70,Send premium retention offer,2026-05-05T10:18:54.827Z,1777976334817,v1
0.99,high_risk,premium_retention_offer,68.8,Send premium retention offer,2026-05-05T10:18:54.827Z,1777976334817,v1
0.95,high_risk,premium_retention_offer,64,Send premium retention offer,2026-05-05T10:18:54.827Z,1777976334817,v1
0,low_risk,no_action,0,No action,2026-05-05T10:18:54.827Z,1777976334817,v1
0.96,high_risk,premium_retention_offer,65.2,Send premium retention offer,2026-05-05T10:18:54.827Z,1777976334817,v1
0,low_risk,no_action,0,No action,2026-05-05T10:18:54.827Z,1777976334817,v1
0,low_risk,no_action,0,No action,2026-05-05T10:18:54.827Z,1777976334817,v1
0,low_risk,no_action,0,No action,2026-05-05T10:18:54.827Z,1777976334817,v1
0,low_risk,no_action,0,No action,2026-05-05T10:18:54.827Z,1777976334817,v1
0,low_risk,no_action,0,No action,2026-05-05T10:18:54.827Z,1777976334817,v1
0.01,low_risk,no_action,0,No action,2026-05-05T10:18:54.827Z,1777976334817,v1
0,low_risk,no_action,0,No action,2026-05-05T10:18:54.827Z,1777976334817,v1
0,low_risk,no_action,0,No action,2026-05-05T10:18:54.827Z,1777976334817,v1
0,low_risk,no_action,0,No action,2026-05-05T10:18:54.827Z,1777976334817,v1
0,low_risk,no_action,0,No action,2026-05-05T10:18:54.827Z,1777976334817,v1
0,low_risk,no_action,0,No action,2026-05-05T10:18:54.827Z,1777976334817,v1
1,high_risk,premium_retention_offer,70,Send premium retention offer,2026-05-05T10:18:54.827Z,1777976334817,v1
0,low_risk,no_action,0,No action,2026-05-05T10:18:54.827Z,1777976334817,v1
0,low_risk,no_action,0,No action,2026-05-05T10:18:54.827Z,1777976334817,v1
0,low_risk,no_action,0,No action,2026-05-05T10:18:54.827Z,1777976334817,v1
0,low_risk,no_action,0,No action,2026-05-05T10:18:54.827Z,1777976334817,v1
0.02,low_risk,no_action,0,No action,2026-05-05T10:18:54.827Z,1777976334817,v1
0.98,high_risk,premium_retention_offer,67.6,Send premium retention offer,2026-05-05T10:18:54.827Z,1777976334817,v1
0.01,low_risk,no_action,0,No action,2026-05-05T10:18:54.827Z,1777976334817,v1
0,low_risk,no_action,0,No action,2026-05-05T10:18:54.827Z,1777976334817,v1
0,low_risk,no_action,0,No action,2026-05-05T10:18:54.827Z,1777976334817,v1
1,high_risk,premium_retention_offer,70,Send premium retention offer,2026-05-05T10:18:54.827Z,1777976334817,v1
0,low_risk,no_action,0,No action,2026-05-05T10:18:54.827Z,1777976334817,v1
1,high_risk,premium_retention_offer,70,Send premium retention offer,2026-05-05T10:18:54.827Z,1777976334817,v1
0,low_risk,no_action,0,No action,2026-05-05T10:18:54.827Z,1777976334817,v1
0,low_risk,no_action,0,No action,2026-05-05T10:18:54.827Z,1777976334817,v1
0,low_risk,no_action,0,No action,2026-05-05T10:18:54.827Z,1777976334817,v1
1,high_risk,premium_retention_offer,70,Send premium retention offer,2026-05-05T10:18:54.827Z,1777976334817,v1
0,low_risk,no_action,0,No action,2026-05-05T10:18:54.827Z,1777976334817,v1
0,low_risk,no_action,0,No action,2026-05-05T10:18:54.827Z,1777976334817,v1
1,high_risk,premium_retention_offer,70,Send premium retention offer,2026-05-05T10:18:54.827Z,1777976334817,v1
0,low_risk,no_action,0,No action,2026-05-05T10:18:54.827Z,1777976334817,v1
0,low_risk,no_action,0,No action,2026-05-05T10:18:54.827Z,1777976334817,v1
0.02,low_risk,no_action,0,No action,2026-05-05T10:18:54.827Z,1777976334817,v1
0,low_risk,no_action,0,No action,2026-05-05T10:18:54.827Z,1777976334817,v1
0,low_risk,no_action,0,No action,2026-05-05T10:18:54.827Z,1777976334817,v1
0,low_risk,no_action,0,No action,2026-05-05T10:18:54.827Z,1777976334817,v1
0,low_risk,no_action,0,No action,2026-05-05T10:18:54.827Z,1777976334817,v1
0,low_risk,no_action,0,No action,2026-05-05T10:18:54.827Z,1777976334817,v1
0,low_risk,no_action,0,No action,2026-05-05T10:18:54.827Z,1777976334817,v1
1,high_risk,premium_retention_offer,70,Send premium retention offer,2026-05-05T10:18:54.827Z,1777976334817,v1
0,low_risk,no_action,0,No action,2026-05-05T10:18:54.827Z,1777976334817,v1
0.01,low_risk,no_action,0,No action,2026-05-05T10:18:54.827Z,1777976334817,v1
0,low_risk,no_action,0,No action,2026-05-05T10:18:54.827Z,1777976334817,v1
0,low_risk,no_action,0,No action,2026-05-05T10:18:54.827Z,1777976334817,v1
0.01,low_risk,no_action,0,No action,2026-05-05T10:18:54.827Z,1777976334817,v1
0,low_risk,no_action,0,No action,2026-05-05T10:18:54.827Z,1777976334817,v1
0,low_risk,no_action,0,No action,2026-05-05T10:18:54.827Z,1777976334817,v1
0,low_risk,no_action,0,No action,2026-05-05T10:18:54.827Z,1777976334817,v1
1,high_risk,premium_retention_offer,70,Send premium retention offer,2026-05-05T10:18:54.827Z,1777976334817,v1
1,high_risk,premium_retention_offer,70,Send premium retention offer,2026-05-05T10:18:54.827Z,1777976334817,v1
0,low_risk,no_action,0,No action,2026-05-05T10:18:54.827Z,1777976334817,v1
0.99,high_risk,premium_retention_offer,68.8,Send premium retention offer,2026-05-05T10:18:54.827Z,1777976334817,v1
1,high_risk,premium_retention_offer,70,Send premium retention offer,2026-05-05T10:18:54.827Z,1777976334817,v1
0,low_risk,no_action,0,No action,2026-05-05T10:18:54.827Z,1777976334817,v1
0,low_risk,no_action,0,No action,2026-05-05T10:18:54.827Z,1777976334817,v1
0,low_risk,no_action,0,No action,2026-05-05T10:18:54.827Z,1777976334817,v1
0,low_risk,no_action,0,No action,2026-05-05T10:18:54.827Z,1777976334817,v1
0,low_risk,no_action,0,No action,2026-05-05T10:18:54.827Z,1777976334817,v1
1,high_risk,premium_retention_offer,70,Send premium retention offer,2026-05-05T10:18:54.827Z,1777976334817,v1
0,low_risk,no_action,0,No action,2026-05-05T10:18:54.827Z,1777976334817,v1
0.99,high_risk,premium_retention_offer,68.8,Send premium retention offer,2026-05-05T10:18:54.827Z,1777976334817,v1
0,low_risk,no_action,0,No action,2026-05-05T10:18:54.827Z,1777976334817,v1
0,low_risk,no_action,0,No action,2026-05-05T10:18:54.827Z,1777976334817,v1
0,low_risk,no_action,0,No action,2026-05-05T10:18:54.827Z,1777976334817,v1
0.01,low_risk,no_action,0,No action,2026-05-05T10:18:54.827Z,1777976334817,v1
0,low_risk,no_action,0,No action,2026-05-05T10:18:54.827Z,1777976334817,v1
0,low_risk,no_action,0,No action,2026-05-05T10:18:54.827Z,1777976334817,v1
0,low_risk,no_action,0,No action,2026-05-05T10:18:54.827Z,1777976334817,v1
0,low_risk,no_action,0,No action,2026-05-05T10:18:54.827Z,1777976334817,v1
0,low_risk,no_action,0,No action,2026-05-05T10:18:54.827Z,1777976334817,v1
0,low_risk,no_action,0,No action,2026-05-05T10:18:54.827Z,1777976334817,v1
0,low_risk,no_action,0,No action,2026-05-05T10:18:54.827Z,1777976334817,v1
0,low_risk,no_action,0,No action,2026-05-05T10:18:54.827Z,1777976334817,v1
0,low_risk,no_action,0,No action,2026-05-05T10:18:54.827Z,1777976334817,v1
0,low_risk,no_action,0,No action,2026-05-05T10:18:54.827Z,1777976334817,v1
0,low_risk,no_action,0,No action,2026-05-05T10:18:54.827Z,1777976334817,v1
0,low_risk,no_action,0,No action,2026-05-05T10:18:54.827Z,1777976334817,v1
0,low_risk,no_action,0,No action,2026-05-05T10:18:54.827Z,1777976334817,v1
0.98,high_risk,premium_retention_offer,67.6,Send premium retention offer,2026-05-05T10:18:54.827Z,1777976334817,v1
0,low_risk,no_action,0,No action,2026-05-05T10:18:54.827Z,1777976334817,v1
0,low_risk,no_action,0,No action,2026-05-05T10:18:54.827Z,1777976334817,v1
0,low_risk,no_action,0,No action,2026-05-05T10:18:54.827Z,1777976334817,v1
0,low_risk,no_action,0,No action,2026-05-05T10:18:54.827Z,1777976334817,v1
0,low_risk,no_action,0,No action,2026-05-05T10:18:54.827Z,1777976334817,v1
1,high_risk,premium_retention_offer,70,Send premium retention offer,2026-05-05T10:18:54.827Z,1777976334817,v1
0,low_risk,no_action,0,No action,2026-05-05T10:18:54.827Z,1777976334817,v1
1,high_risk,premium_retention_offer,70,Send premium retention offer,2026-05-05T10:18:54.827Z,1777976334817,v1
0,low_risk,no_action,0,No action,2026-05-05T10:18:54.827Z,1777976334817,v1
0,low_risk,no_action,0,No action,2026-05-05T10:18:54.827Z,1777976334817,v1
0,low_risk,no_action,0,No action,2026-05-05T10:18:54.827Z,1777976334817,v1
0,low_risk,no_action,0,No action,2026-05-05T10:18:54.827Z,1777976334817,v1
0,low_risk,no_action,0,No action,2026-05-05T10:18:54.827Z,1777976334817,v1
0,low_risk,no_action,0,No action,2026-05-05T10:18:54.827Z,1777976334817,v1
0,low_risk,no_action,0,No action,2026-05-05T10:18:54.827Z,1777976334817,v1
0,low_risk,no_action,0,No action,2026-05-05T10:18:54.827Z,1777976334817,v1
0,low_risk,no_action,0,No action,2026-05-05T10:18:54.827Z,1777976334817,v1
1,high_risk,premium_retention_offer,70,Send premium retention offer,2026-05-05T10:18:54.827Z,1777976334817,v1
0,low_risk,no_action,0,No action,2026-05-05T10:18:54.827Z,1777976334817,v1
0,low_risk,no_action,0,No action,2026-05-05T10:18:54.827Z,1777976334817,v1
0,low_risk,no_action,0,No action,2026-05-05T10:18:54.827Z,1777976334817,v1
0,low_risk,no_action,0,No action,2026-05-05T10:18:54.827Z,1777976334817,v1
1,high_risk,premium_retention_offer,70,Send premium retention offer,2026-05-05T10:18:54.827Z,1777976334817,v1
0.02,low_risk,no_action,0,No action,2026-05-05T10:18:54.827Z,1777976334817,v1
0.98,high_risk,premium_retention_offer,67.6,Send premium retention offer,2026-05-05T10:18:54.827Z,1777976334817,v1
0,low_risk,no_action,0,No action,2026-05-05T10:18:54.827Z,1777976334817,v1
0,low_risk,no_action,0,No action,2026-05-05T10:18:54.827Z,1777976334817,v1
0.01,low_risk,no_action,0,No action,2026-05-05T10:18:54.827Z,1777976334817,v1
0,low_risk,no_action,0,No action,2026-05-05T10:18:54.827Z,1777976334817,v1
0,low_risk,no_action,0,No action,2026-05-05T10:18:54.827Z,1777976334817,v1
0,low_risk,no_action,0,No action,2026-05-05T10:18:54.827Z,1777976334817,v1
0,low_risk,no_action,0,No action,2026-05-05T10:18:54.827Z,1777976334817,v1
0.89,high_risk,premium_retention_offer,56.8,Send premium retention offer,2026-05-05T10:18:54.827Z,1777976334817,v1
0.99,high_risk,premium_retention_offer,68.8,Send premium retention offer,2026-05-05T10:18:54.827Z,1777976334817,v1
0,low_risk,no_action,0,No action,2026-05-05T10:18:54.827Z,1777976334817,v1
0,low_risk,no_action,0,No action,2026-05-05T10:18:54.827Z,1777976334817,v1
0,low_risk,no_action,0,No action,2026-05-05T10:18:54.827Z,1777976334817,v1
0,low_risk,no_action,0,No action,2026-05-05T10:18:54.827Z,1777976334817,v1
0,low_risk,no_action,0,No action,2026-05-05T10:18:54.827Z,1777976334817,v1
0.98,high_risk,premium_retention_offer,67.6,Send premium retention offer,2026-05-05T10:18:54.827Z,1777976334817,v1
1,high_risk,premium_retention_offer,70,Send premium retention offer,2026-05-05T10:18:54.827Z,1777976334817,v1
0.99,high_risk,premium_retention_offer,68.8,Send premium retention offer,2026-05-05T10:18:54.827Z,1777976334817,v1
0,low_risk,no_action,0,No action,2026-05-05T10:18:54.827Z,1777976334817,v1
0,low_risk,no_action,0,No action,2026-05-05T10:18:54.827Z,1777976334817,v1
0,low_risk,no_action,0,No action,2026-05-05T10:18:54.827Z,1777976334817,v1
0.01,low_risk,no_action,0,No action,2026-05-05T10:18:54.827Z,1777976334817,v1
0,low_risk,no_action,0,No action,2026-05-05T10:18:54.827Z,1777976334817,v1
0,low_risk,no_action,0,No action,2026-05-05T10:18:54.827Z,1777976334817,v1
0,low_risk,no_action,0,No action,2026-05-05T10:18:54.827Z,1777976334817,v1
0,low_risk,no_action,0,No action,2026-05-05T10:18:54.827Z,1777976334817,v1
0,low_risk,no_action,0,No action,2026-05-05T10:18:54.827Z,1777976334817,v1
0,low_risk,no_action,0,No action,2026-05-05T10:18:54.827Z,1777976334817,v1
0,low_risk,no_action,0,No action,2026-05-05T10:18:54.827Z,1777976334817,v1
1,high_risk,premium_retention_offer,70,Send premium retention offer,2026-05-05T10:18:54.827Z,1777976334817,v1
0,low_risk,no_action,0,No action,2026-05-05T10:18:54.827Z,1777976334817,v1
0,low_risk,no_action,0,No action,2026-05-05T10:18:54.827Z,1777976334817,v1
0,low_risk,no_action,0,No action,2026-05-05T10:18:54.827Z,1777976334817,v1
0,low_risk,no_action,0,No action,2026-05-05T10:18:54.827Z,1777976334817,v1
0,low_risk,no_action,0,No action,2026-05-05T10:18:54.827Z,1777976334817,v1
0.01,low_risk,no_action,0,No action,2026-05-05T10:18:54.827Z,1777976334817,v1
0,low_risk,no_action,0,No action,2026-05-05T10:18:54.827Z,1777976334817,v1
0.01,low_risk,no_action,0,No action,2026-05-05T10:18:54.827Z,1777976334817,v1
0,low_risk,no_action,0,No action,2026-05-05T10:18:54.827Z,1777976334817,v1
0,low_risk,no_action,0,No action,2026-05-05T10:18:54.827Z,1777976334817,v1
0,low_risk,no_action,0,No action,2026-05-05T10:18:54.827Z,1777976334817,v1
0,low_risk,no_action,0,No action,2026-05-05T10:18:54.827Z,1777976334817,v1
0.01,low_risk,no_action,0,No action,2026-05-05T10:18:54.827Z,1777976334817,v1
0.98,high_risk,premium_retention_offer,67.6,Send premium retention offer,2026-05-05T10:18:54.827Z,1777976334817,v1
0,low_risk,no_action,0,No action,2026-05-05T10:18:54.827Z,1777976334817,v1
0,low_risk,no_action,0,No action,2026-05-05T10:18:54.827Z,1777976334817,v1
0,low_risk,no_action,0,No action,2026-05-05T10:18:54.827Z,1777976334817,v1
0.01,low_risk,no_action,0,No action,2026-05-05T10:18:54.827Z,1777976334817,v1
0.99,high_risk,premium_retention_offer,68.8,Send premium retention offer,2026-05-05T10:18:54.827Z,1777976334817,v1
0,low_risk,no_action,0,No action,2026-05-05T10:18:54.827Z,1777976334817,v1
0,low_risk,no_action,0,No action,2026-05-05T10:18:54.827Z,1777976334817,v1
0,low_risk,no_action,0,No action,2026-05-05T10:18:54.827Z,1777976334817,v1
0,low_risk,no_action,0,No action,2026-05-05T10:18:54.827Z,1777976334817,v1
0,low_risk,no_action,0,No action,2026-05-05T10:18:54.827Z,1777976334817,v1
0,low_risk,no_action,0,No action,2026-05-05T10:18:54.827Z,1777976334817,v1
0,low_risk,no_action,0,No action,2026-05-05T10:18:54.827Z,1777976334817,v1
0,low_risk,no_action,0,No action,2026-05-05T10:18:54.827Z,1777976334817,v1
1,high_risk,premium_retention_offer,70,Send premium retention offer,2026-05-05T10:18:54.827Z,1777976334817,v1
1,high_risk,premium_retention_offer,70,Send premium retention offer,2026-05-05T10:18:54.827Z,1777976334817,v1
0,low_risk,no_action,0,No action,2026-05-05T10:18:54.827Z,1777976334817,v1
0,low_risk,no_action,0,No action,2026-05-05T10:18:54.827Z,1777976334817,v1
0,low_risk,no_action,0,No action,2026-05-05T10:18:54.827Z,1777976334817,v1
1,high_risk,premium_retention_offer,70,Send premium retention offer,2026-05-05T10:18:54.827Z,1777976334817,v1
0,low_risk,no_action,0,No action,2026-05-05T10:18:54.827Z,1777976334817,v1
0,low_risk,no_action,0,No action,2026-05-05T10:18:54.827Z,1777976334817,v1
0,low_risk,no_action,0,No action,2026-05-05T10:18:54.827Z,1777976334817,v1
0.99,high_risk,premium_retention_offer,68.8,Send premium retention offer,2026-05-05T10:18:54.827Z,1777976334817,v1
0,low_risk,no_action,0,No action,2026-05-05T10:18:54.827Z,1777976334817,v1
0,low_risk,no_action,0,No action,2026-05-05T10:18:54.827Z,1777976334817,v1
0,low_risk,no_action,0,No action,2026-05-05T10:18:54.827Z,1777976334817,v1
0,low_risk,no_action,0,No action,2026-05-05T10:18:54.827Z,1777976334817,v1
0,low_risk,no_action,0,No action,2026-05-05T10:18:54.827Z,1777976334817,v1
0.01,low_risk,no_action,0,No action,2026-05-05T10:18:54.827Z,1777976334817,v1
0,low_risk,no_action,0,No action,2026-05-05T10:18:54.827Z,1777976334817,v1
0,low_risk,no_action,0,No action,2026-05-05T10:18:54.827Z,1777976334817,v1
1,high_risk,premium_retention_offer,70,Send premium retention offer,2026-05-05T10:18:54.827Z,1777976334817,v1
0,low_risk,no_action,0,No action,2026-05-05T10:18:54.827Z,1777976334817,v1
0,low_risk,no_action,0,No action,2026-05-05T10:18:54.827Z,1777976334817,v1
0,low_risk,no_action,0,No action,2026-05-05T10:18:54.827Z,1777976334817,v1
0.91,high_risk,premium_retention_offer,59.2,Send premium retention offer,2026-05-05T10:18:54.827Z,1777976334817,v1
0,low_risk,no_action,0,No action,2026-05-05T10:18:54.827Z,1777976334817,v1
1,high_risk,premium_retention_offer,70,Send premium retention offer,2026-05-05T10:18:54.827Z,1777976334817,v1
0,low_risk,no_action,0,No action,2026-05-05T10:18:54.827Z,1777976334817,v1
0,low_risk,no_action,0,No action,2026-05-05T10:18:54.827Z,1777976334817,v1
0,low_risk,no_action,0,No action,2026-05-05T10:18:54.827Z,1777976334817,v1
0,low_risk,no_action,0,No action,2026-05-05T10:18:54.827Z,1777976334817,v1
0,low_risk,no_action,0,No action,2026-05-05T10:18:54.827Z,1777976334817,v1
0,low_risk,no_action,0,No action,2026-05-05T10:18:54.827Z,1777976334817,v1
0,low_risk,no_action,0,No action,2026-05-05T10:18:54.827Z,1777976334817,v1
0.96,high_risk,premium_retention_offer,65.2,Send premium retention offer,2026-05-05T10:18:54.827Z,1777976334817,v1
0,low_risk,no_action,0,No action,2026-05-05T10:18:54.827Z,1777976334817,v1
0,low_risk,no_action,0,No action,2026-05-05T10:18:54.827Z,1777976334817,v1
0,low_risk,no_action,0,No action,2026-05-05T10:18:54.827Z,1777976334817,v1
0.97,high_risk,premium_retention_offer,66.4,Send premium retention offer,2026-05-05T10:18:54.827Z,1777976334817,v1
1,high_risk,premium_retention_offer,70,Send premium retention offer,2026-05-05T10:18:54.827Z,1777976334817,v1
1,high_risk,premium_retention_offer,70,Send premium retention offer,2026-05-05T10:18:54.827Z,1777976334817,v1
0,low_risk,no_action,0,No action,2026-05-05T10:18:54.827Z,1777976334817,v1
1,high_risk,premium_retention_offer,70,Send premium retention offer,2026-05-05T10:18:54.827Z,1777976334817,v1
0.01,low_risk,no_action,0,No action,2026-05-05T10:18:54.827Z,1777976334817,v1
0,low_risk,no_action,0,No action,2026-05-05T10:18:54.827Z,1777976334817,v1
0,low_risk,no_action,0,No action,2026-05-05T10:18:54.827Z,1777976334817,v1
0.99,high_risk,premium_retention_offer,68.8,Send premium retention offer,2026-05-05T10:18:54.827Z,1777976334817,v1
0,low_risk,no_action,0,No action,2026-05-05T10:18:54.827Z,1777976334817,v1
0,low_risk,no_action,0,No action,2026-05-05T10:18:54.827Z,1777976334817,v1
0,low_risk,no_action,0,No action,2026-05-05T10:18:54.827Z,1777976334817,v1
1,high_risk,premium_retention_offer,70,Send premium retention offer,2026-05-05T10:18:54.827Z,1777976334817,v1
0,low_risk,no_action,0,No action,2026-05-05T10:18:54.827Z,1777976334817,v1
0,low_risk,no_action,0,No action,2026-05-05T10:18:54.827Z,1777976334817,v1
0,low_risk,no_action,0,No action,2026-05-05T10:18:54.827Z,1777976334817,v1
1,high_risk,premium_retention_offer,70,Send premium retention offer,2026-05-05T10:18:54.827Z,1777976334817,v1
0,low_risk,no_action,0,No action,2026-05-05T10:18:54.827Z,1777976334817,v1
0,low_risk,no_action,0,No action,2026-05-05T10:18:54.827Z,1777976334817,v1
0,low_risk,no_action,0,No action,2026-05-05T10:18:54.827Z,1777976334817,v1
0,low_risk,no_action,0,No action,2026-05-05T10:18:54.827Z,1777976334817,v1
0,low_risk,no_action,0,No action,2026-05-05T10:18:54.827Z,1777976334817,v1
0,low_risk,no_action,0,No action,2026-05-05T10:18:54.827Z,1777976334817,v1
0,low_risk,no_action,0,No action,2026-05-05T10:18:54.827Z,1777976334817,v1
0,low_risk,no_action,0,No action,2026-05-05T10:18:54.827Z,1777976334817,v1
0,low_risk,no_action,0,No action,2026-05-05T10:18:54.827Z,1777976334817,v1
0,low_risk,no_action,0,No action,2026-05-05T10:18:54.827Z,1777976334817,v1
0,low_risk,no_action,0,No action,2026-05-05T10:18:54.827Z,1777976334817,v1
0,low_risk,no_action,0,No action,2026-05-05T10:18:54.827Z,1777976334817,v1
0,low_risk,no_action,0,No action,2026-05-05T10:18:54.827Z,1777976334817,v1
0.01,low_risk,no_action,0,No action,2026-05-05T10:18:54.827Z,1777976334817,v1
0,low_risk,no_action,0,No action,2026-05-05T10:18:54.827Z,1777976334817,v1
1,high_risk,premium_retention_offer,70,Send premium retention offer,2026-05-05T10:18:54.827Z,1777976334817,v1
0,low_risk,no_action,0,No action,2026-05-05T10:18:54.827Z,1777976334817,v1
0,low_risk,no_action,0,No action,2026-05-05T10:18:54.827Z,1777976334817,v1
0,low_risk,no_action,0,No action,2026-05-05T10:18:54.827Z,1777976334817,v1
0,low_risk,no_action,0,No action,2026-05-05T10:18:54.827Z,1777976334817,v1
0,low_risk,no_action,0,No action,2026-05-05T10:18:54.827Z,1777976334817,v1
0,low_risk,no_action,0,No action,2026-05-05T10:18:54.827Z,1777976334817,v1
0,low_risk,no_action,0,No action,2026-05-05T10:18:54.827Z,1777976334817,v1
0,low_risk,no_action,0,No action,2026-05-05T10:18:54.827Z,1777976334817,v1
0,low_risk,no_action,0,No action,2026-05-05T10:18:54.827Z,1777976334817,v1
0,low_risk,no_action,0,No action,2026-05-05T10:18:54.827Z,1777976334817,v1
0,low_risk,no_action,0,No action,2026-05-05T10:18:54.827Z,1777976334817,v1
0,low_risk,no_action,0,No action,2026-05-05T10:18:54.827Z,1777976334817,v1
1,high_risk,premium_retention_offer,70,Send premium retention offer,2026-05-05T10:18:54.827Z,1777976334817,v1
0,low_risk,no_action,0,No action,2026-05-05T10:18:54.827Z,1777976334817,v1
0,low_risk,no_action,0,No action,2026-05-05T10:18:54.827Z,1777976334817,v1
1,high_risk,premium_retention_offer,70,Send premium retention offer,2026-05-05T10:18:54.827Z,1777976334817,v1
0,low_risk,no_action,0,No action,2026-05-05T10:18:54.827Z,1777976334817,v1
1,high_risk,premium_retention_offer,70,Send premium retention offer,2026-05-05T10:18:54.827Z,1777976334817,v1
0.01,low_risk,no_action,0,No action,2026-05-05T10:18:54.827Z,1777976334817,v1
0,low_risk,no_action,0,No action,2026-05-05T10:18:54.827Z,1777976334817,v1
0,low_risk,no_action,0,No action,2026-05-05T10:18:54.827Z,1777976334817,v1
0,low_risk,no_action,0,No action,2026-05-05T10:18:54.827Z,1777976334817,v1
0,low_risk,no_action,0,No action,2026-05-05T10:18:54.827Z,1777976334817,v1
0,low_risk,no_action,0,No action,2026-05-05T10:18:54.827Z,1777976334817,v1
0,low_risk,no_action,0,No action,2026-05-05T10:18:54.827Z,1777976334817,v1
0,low_risk,no_action,0,No action,2026-05-05T10:18:54.827Z,1777976334817,v1
0.99,high_risk,premium_retention_offer,68.8,Send premium retention offer,2026-05-05T10:18:54.827Z,1777976334817,v1
1,high_risk,premium_retention_offer,70,Send premium retention offer,2026-05-05T10:18:54.827Z,1777976334817,v1
1,high_risk,premium_retention_offer,70,Send premium retention offer,2026-05-05T10:18:54.827Z,1777976334817,v1
0,low_risk,no_action,0,No action,2026-05-05T10:18:54.827Z,1777976334817,v1
0,low_risk,no_action,0,No action,2026-05-05T10:18:54.827Z,1777976334817,v1
0,low_risk,no_action,0,No action,2026-05-05T10:18:54.827Z,1777976334817,v1
1,high_risk,premium_retention_offer,70,Send premium retention offer,2026-05-05T10:18:54.827Z,1777976334817,v1
0,low_risk,no_action,0,No action,2026-05-05T10:18:54.827Z,1777976334817,v1
0,low_risk,no_action,0,No action,2026-05-05T10:18:54.827Z,1777976334817,v1
0,low_risk,no_action,0,No action,2026-05-05T10:18:54.827Z,1777976334817,v1
0,low_risk,no_action,0,No action,2026-05-05T10:18:54.827Z,1777976334817,v1
0,low_risk,no_action,0,No action,2026-05-05T10:18:54.827Z,1777976334817,v1
0,low_risk,no_action,0,No action,2026-05-05T10:18:54.827Z,1777976334817,v1
1,high_risk,premium_retention_offer,70,Send premium retention offer,2026-05-05T10:18:54.827Z,1777976334817,v1
0,low_risk,no_action,0,No action,2026-05-05T10:18:54.827Z,1777976334817,v1
0,low_risk,no_action,0,No action,2026-05-05T10:18:54.827Z,1777976334817,v1
0,low_risk,no_action,0,No action,2026-05-05T10:18:54.827Z,1777976334817,v1
0.01,low_risk,no_action,0,No action,2026-05-05T10:18:54.827Z,1777976334817,v1
1,high_risk,premium_retention_offer,70,Send premium retention offer,2026-05-05T10:18:54.827Z,1777976334817,v1
0,low_risk,no_action,0,No action,2026-05-05T10:18:54.827Z,1777976334817,v1
0,low_risk,no_action,0,No action,2026-05-05T10:18:54.827Z,1777976334817,v1
0,low_risk,no_action,0,No action,2026-05-05T10:18:54.827Z,1777976334817,v1
0,low_risk,no_action,0,No action,2026-05-05T10:18:54.827Z,1777976334817,v1
1,high_risk,premium_retention_offer,70,Send premium retention offer,2026-05-05T10:18:54.827Z,1777976334817,v1
0,low_risk,no_action,0,No action,2026-05-05T10:18:54.827Z,1777976334817,v1
0,low_risk,no_action,0,No action,2026-05-05T10:18:54.827Z,1777976334817,v1
0,low_risk,no_action,0,No action,2026-05-05T10:18:54.827Z,1777976334817,v1
0,low_risk,no_action,0,No action,2026-05-05T10:18:54.827Z,1777976334817,v1
0.99,high_risk,premium_retention_offer,68.8,Send premium retention offer,2026-05-05T10:18:54.827Z,1777976334817,v1
0,low_risk,no_action,0,No action,2026-05-05T10:18:54.827Z,1777976334817,v1
0,low_risk,no_action,0,No action,2026-05-05T10:18:54.827Z,1777976334817,v1
0.01,low_risk,no_action,0,No action,2026-05-05T10:18:54.827Z,1777976334817,v1
0,low_risk,no_action,0,No action,2026-05-05T10:18:54.827Z,1777976334817,v1
0,low_risk,no_action,0,No action,2026-05-05T10:18:54.827Z,1777976334817,v1
0.99,high_risk,premium_retention_offer,68.8,Send premium retention offer,2026-05-05T10:18:54.827Z,1777976334817,v1
0,low_risk,no_action,0,No action,2026-05-05T10:18:54.827Z,1777976334817,v1
0,low_risk,no_action,0,No action,2026-05-05T10:18:54.827Z,1777976334817,v1
1,high_risk,premium_retention_offer,70,Send premium retention offer,2026-05-05T10:18:54.827Z,1777976334817,v1
0,low_risk,no_action,0,No action,2026-05-05T10:18:54.827Z,1777976334817,v1
0,low_risk,no_action,0,No action,2026-05-05T10:18:54.827Z,1777976334817,v1
0,low_risk,no_action,0,No action,2026-05-05T10:18:54.827Z,1777976334817,v1
0,low_risk,no_action,0,No action,2026-05-05T10:18:54.827Z,1777976334817,v1
0.97,high_risk,premium_retention_offer,66.4,Send premium retention offer,2026-05-05T10:18:54.827Z,1777976334817,v1
0,low_risk,no_action,0,No action,2026-05-05T10:18:54.827Z,1777976334817,v1
0,low_risk,no_action,0,No action,2026-05-05T10:18:54.827Z,1777976334817,v1
0,low_risk,no_action,0,No action,2026-05-05T10:18:54.827Z,1777976334817,v1
0,low_risk,no_action,0,No action,2026-05-05T10:18:54.827Z,1777976334817,v1
0.99,high_risk,premium_retention_offer,68.8,Send premium retention offer,2026-05-05T10:18:54.827Z,1777976334817,v1
1,high_risk,premium_retention_offer,70,Send premium retention offer,2026-05-05T10:18:54.827Z,1777976334817,v1
0,low_risk,no_action,0,No action,2026-05-05T10:18:54.827Z,1777976334817,v1
0,low_risk,no_action,0,No action,2026-05-05T10:18:54.827Z,1777976334817,v1
0,low_risk,no_action,0,No action,2026-05-05T10:18:54.827Z,1777976334817,v1
0,low_risk,no_action,0,No action,2026-05-05T10:18:54.827Z,1777976334817,v1
0.01,low_risk,no_action,0,No action,2026-05-05T10:18:54.827Z,1777976334817,v1
0,low_risk,no_action,0,No action,2026-05-05T10:18:54.827Z,1777976334817,v1
0.01,low_risk,no_action,0,No action,2026-05-05T10:18:54.827Z,1777976334817,v1
0,low_risk,no_action,0,No action,2026-05-05T10:18:54.827Z,1777976334817,v1
0,low_risk,no_action,0,No action,2026-05-05T10:18:54.827Z,1777976334817,v1
0,low_risk,no_action,0,No action,2026-05-05T10:18:54.827Z,1777976334817,v1
0,low_risk,no_action,0,No action,2026-05-05T10:18:54.827Z,1777976334817,v1
0.01,low_risk,no_action,0,No action,2026-05-05T10:18:54.827Z,1777976334817,v1
1,high_risk,premium_retention_offer,70,Send premium retention offer,2026-05-05T10:18:54.827Z,1777976334817,v1
0,low_risk,no_action,0,No action,2026-05-05T10:18:54.827Z,1777976334817,v1
1,high_risk,premium_retention_offer,70,Send premium retention offer,2026-05-05T10:18:54.827Z,1777976334817,v1
0,low_risk,no_action,0,No action,2026-05-05T10:18:54.827Z,1777976334817,v1
1,high_risk,premium_retention_offer,70,Send premium retention offer,2026-05-05T10:18:54.827Z,1777976334817,v1
0,low_risk,no_action,0,No action,2026-05-05T10:18:54.827Z,1777976334817,v1
0,low_risk,no_action,0,No action,2026-05-05T10:18:54.827Z,1777976334817,v1
0,low_risk,no_action,0,No action,2026-05-05T10:18:54.827Z,1777976334817,v1
0,low_risk,no_action,0,No action,2026-05-05T10:18:54.827Z,1777976334817,v1
0,low_risk,no_action,0,No action,2026-05-05T10:18:54.827Z,1777976334817,v1
1,high_risk,premium_retention_offer,70,Send premium retention offer,2026-05-05T10:18:54.827Z,1777976334817,v1
0,low_risk,no_action,0,No action,2026-05-05T10:18:54.827Z,1777976334817,v1
0,low_risk,no_action,0,No action,2026-05-05T10:18:54.827Z,1777976334817,v1
0.01,low_risk,no_action,0,No action,2026-05-05T10:18:54.827Z,1777976334817,v1
0,low_risk,no_action,0,No action,2026-05-05T10:18:54.827Z,1777976334817,v1
0,low_risk,no_action,0,No action,2026-05-05T10:18:54.827Z,1777976334817,v1
0,low_risk,no_action,0,No action,2026-05-05T10:18:54.827Z,1777976334817,v1
0,low_risk,no_action,0,No action,2026-05-05T10:18:54.827Z,1777976334817,v1
0,low_risk,no_action,0,No action,2026-05-05T10:18:54.827Z,1777976334817,v1
1,high_risk,premium_retention_offer,70,Send premium retention offer,2026-05-05T10:18:54.827Z,1777976334817,v1
0.01,low_risk,no_action,0,No action,2026-05-05T10:18:54.827Z,1777976334817,v1
0,low_risk,no_action,0,No action,2026-05-05T10:18:54.827Z,1777976334817,v1
1,high_risk,premium_retention_offer,70,Send premium retention offer,2026-05-05T10:18:54.827Z,1777976334817,v1
0,low_risk,no_action,0,No action,2026-05-05T10:18:54.827Z,1777976334817,v1
0,low_risk,no_action,0,No action,2026-05-05T10:18:54.827Z,1777976334817,v1
0,low_risk,no_action,0,No action,2026-05-05T10:18:54.827Z,1777976334817,v1
0,low_risk,no_action,0,No action,2026-05-05T10:18:54.827Z,1777976334817,v1
0,low_risk,no_action,0,No action,2026-05-05T10:18:54.827Z,1777976334817,v1
0,low_risk,no_action,0,No action,2026-05-05T10:18:54.827Z,1777976334817,v1
0,low_risk,no_action,0,No action,2026-05-05T10:18:54.827Z,1777976334817,v1
1,high_risk,premium_retention_offer,70,Send premium retention offer,2026-05-05T10:18:54.827Z,1777976334817,v1
0,low_risk,no_action,0,No action,2026-05-05T10:18:54.827Z,1777976334817,v1
0.98,high_risk,premium_retention_offer,67.6,Send premium retention offer,2026-05-05T10:18:54.827Z,1777976334817,v1
0,low_risk,no_action,0,No action,2026-05-05T10:18:54.827Z,1777976334817,v1
0,low_risk,no_action,0,No action,2026-05-05T10:18:54.827Z,1777976334817,v1
0,low_risk,no_action,0,No action,2026-05-05T10:18:54.827Z,1777976334817,v1
0,low_risk,no_action,0,No action,2026-05-05T10:18:54.827Z,1777976334817,v1
0,low_risk,no_action,0,No action,2026-05-05T10:18:54.827Z,1777976334817,v1
0,low_risk,no_action,0,No action,2026-05-05T10:18:54.827Z,1777976334817,v1
0,low_risk,no_action,0,No action,2026-05-05T10:18:54.827Z,1777976334817,v1
0,low_risk,no_action,0,No action,2026-05-05T10:18:54.827Z,1777976334817,v1
0,low_risk,no_action,0,No action,2026-05-05T10:18:54.827Z,1777976334817,v1
0,low_risk,no_action,0,No action,2026-05-05T10:18:54.827Z,1777976334817,v1
0,low_risk,no_action,0,No action,2026-05-05T10:18:54.827Z,1777976334817,v1
0,low_risk,no_action,0,No action,2026-05-05T10:18:54.827Z,1777976334817,v1
1,high_risk,premium_retention_offer,70,Send premium retention offer,2026-05-05T10:18:54.827Z,1777976334817,v1
0,low_risk,no_action,0,No action,2026-05-05T10:18:54.827Z,1777976334817,v1
0,low_risk,no_action,0,No action,2026-05-05T10:18:54.827Z,1777976334817,v1
0,low_risk,no_action,0,No action,2026-05-05T10:18:54.827Z,1777976334817,v1
0,low_risk,no_action,0,No action,2026-05-05T10:18:54.827Z,1777976334817,v1
0,low_risk,no_action,0,No action,2026-05-05T10:18:54.827Z,1777976334817,v1
0,low_risk,no_action,0,No action,2026-05-05T10:18:54.827Z,1777976334817,v1
0.99,high_risk,premium_retention_offer,68.8,Send premium retention offer,2026-05-05T10:18:54.827Z,1777976334817,v1
0,low_risk,no_action,0,No action,2026-05-05T10:18:54.827Z,1777976334817,v1
0.01,low_risk,no_action,0,No action,2026-05-05T10:18:54.827Z,1777976334817,v1
0,low_risk,no_action,0,No action,2026-05-05T10:18:54.827Z,1777976334817,v1
0,low_risk,no_action,0,No action,2026-05-05T10:18:54.827Z,1777976334817,v1
0,low_risk,no_action,0,No action,2026-05-05T10:18:54.827Z,1777976334817,v1
0.01,low_risk,no_action,0,No action,2026-05-05T10:18:54.827Z,1777976334817,v1
0,low_risk,no_action,0,No action,2026-05-05T10:18:54.827Z,1777976334817,v1
0,low_risk,no_action,0,No action,2026-05-05T10:18:54.827Z,1777976334817,v1
0,low_risk,no_action,0,No action,2026-05-05T10:18:54.827Z,1777976334817,v1
1,high_risk,premium_retention_offer,70,Send premium retention offer,2026-05-05T10:18:54.827Z,1777976334817,v1
0.99,high_risk,premium_retention_offer,68.8,Send premium retention offer,2026-05-05T10:18:54.827Z,1777976334817,v1
0,low_risk,no_action,0,No action,2026-05-05T10:18:54.827Z,1777976334817,v1
1,high_risk,premium_retention_offer,70,Send premium retention offer,2026-05-05T10:18:54.827Z,1777976334817,v1
0,low_risk,no_action,0,No action,2026-05-05T10:18:54.827Z,1777976334817,v1
1,high_risk,premium_retention_offer,70,Send premium retention offer,2026-05-05T10:18:54.827Z,1777976334817,v1
0,low_risk,no_action,0,No action,2026-05-05T10:18:54.827Z,1777976334817,v1
0,low_risk,no_action,0,No action,2026-05-05T10:18:54.827Z,1777976334817,v1
0,low_risk,no_action,0,No action,2026-05-05T10:18:54.827Z,1777976334817,v1
0.99,high_risk,premium_retention_offer,68.8,Send premium retention offer,2026-05-05T10:18:54.827Z,1777976334817,v1
0,low_risk,no_action,0,No action,2026-05-05T10:18:54.827Z,1777976334817,v1
0,low_risk,no_action,0,No action,2026-05-05T10:18:54.827Z,1777976334817,v1
0.99,high_risk,premium_retention_offer,68.8,Send premium retention offer,2026-05-05T10:18:54.827Z,1777976334817,v1
0.01,low_risk,no_action,0,No action,2026-05-05T10:18:54.827Z,1777976334817,v1
0,low_risk,no_action,0,No action,2026-05-05T10:18:54.827Z,1777976334817,v1
0.99,high_risk,premium_retention_offer,68.8,Send premium retention offer,2026-05-05T10:18:54.827Z,1777976334817,v1
1,high_risk,premium_retention_offer,70,Send premium retention offer,2026-05-05T10:18:54.827Z,1777976334817,v1
0.01,low_risk,no_action,0,No action,2026-05-05T10:18:54.827Z,1777976334817,v1
0,low_risk,no_action,0,No action,2026-05-05T10:18:54.827Z,1777976334817,v1
0.99,high_risk,premium_retention_offer,68.8,Send premium retention offer,2026-05-05T10:18:54.827Z,1777976334817,v1
0,low_risk,no_action,0,No action,2026-05-05T10:18:54.827Z,1777976334817,v1
0,low_risk,no_action,0,No action,2026-05-05T10:18:54.827Z,1777976334817,v1
1,high_risk,premium_retention_offer,70,Send premium retention offer,2026-05-05T10:18:54.827Z,1777976334817,v1
0,low_risk,no_action,0,No action,2026-05-05T10:18:54.827Z,1777976334817,v1
0,low_risk,no_action,0,No action,2026-05-05T10:18:54.827Z,1777976334817,v1
0.98,high_risk,premium_retention_offer,67.6,Send premium retention offer,2026-05-05T10:18:54.827Z,1777976334817,v1
0,low_risk,no_action,0,No action,2026-05-05T10:18:54.827Z,1777976334817,v1
0.97,high_risk,premium_retention_offer,66.4,Send premium retention offer,2026-05-05T10:18:54.827Z,1777976334817,v1
0,low_risk,no_action,0,No action,2026-05-05T10:18:54.827Z,1777976334817,v1
0,low_risk,no_action,0,No action,2026-05-05T10:18:54.827Z,1777976334817,v1
0,low_risk,no_action,0,No action,2026-05-05T10:18:54.827Z,1777976334817,v1
0,low_risk,no_action,0,No action,2026-05-05T10:18:54.827Z,1777976334817,v1
0,low_risk,no_action,0,No action,2026-05-05T10:18:54.827Z,1777976334817,v1
0,low_risk,no_action,0,No action,2026-05-05T10:18:54.827Z,1777976334817,v1
0,low_risk,no_action,0,No action,2026-05-05T10:18:54.827Z,1777976334817,v1
0,low_risk,no_action,0,No action,2026-05-05T10:18:54.827Z,1777976334817,v1
0,low_risk,no_action,0,No action,2026-05-05T10:18:54.827Z,1777976334817,v1
0,low_risk,no_action,0,No action,2026-05-05T10:18:54.827Z,1777976334817,v1
0,low_risk,no_action,0,No action,2026-05-05T10:18:54.827Z,1777976334817,v1
0.99,high_risk,premium_retention_offer,68.8,Send premium retention offer,2026-05-05T10:18:54.827Z,1777976334817,v1
0,low_risk,no_action,0,No action,2026-05-05T10:18:54.827Z,1777976334817,v1
0,low_risk,no_action,0,No action,2026-05-05T10:18:54.827Z,1777976334817,v1
0,low_risk,no_action,0,No action,2026-05-05T10:18:54.827Z,1777976334817,v1
0,low_risk,no_action,0,No action,2026-05-05T10:18:54.827Z,1777976334817,v1
0,low_risk,no_action,0,No action,2026-05-05T10:18:54.827Z,1777976334817,v1
0.01,low_risk,no_action,0,No action,2026-05-05T10:18:54.827Z,1777976334817,v1
0,low_risk,no_action,0,No action,2026-05-05T10:18:54.827Z,1777976334817,v1
0,low_risk,no_action,0,No action,2026-05-05T10:18:54.827Z,1777976334817,v1
0,low_risk,no_action,0,No action,2026-05-05T10:18:54.827Z,1777976334817,v1
0,low_risk,no_action,0,No action,2026-05-05T10:18:54.827Z,1777976334817,v1
1,high_risk,premium_retention_offer,70,Send premium retention offer,2026-05-05T10:18:54.827Z,1777976334817,v1
0,low_risk,no_action,0,No action,2026-05-05T10:18:54.827Z,1777976334817,v1
1,high_risk,premium_retention_offer,70,Send premium retention offer,2026-05-05T10:18:54.827Z,1777976334817,v1
0.01,low_risk,no_action,0,No action,2026-05-05T10:18:54.827Z,1777976334817,v1
0,low_risk,no_action,0,No action,2026-05-05T10:18:54.828Z,1777976334817,v1
1,high_risk,premium_retention_offer,70,Send premium retention offer,2026-05-05T10:18:54.828Z,1777976334817,v1
0,low_risk,no_action,0,No action,2026-05-05T10:18:54.828Z,1777976334817,v1
0,low_risk,no_action,0,No action,2026-05-05T10:18:54.828Z,1777976334817,v1
0,low_risk,no_action,0,No action,2026-05-05T10:18:54.828Z,1777976334817,v1
0,low_risk,no_action,0,No action,2026-05-05T10:18:54.828Z,1777976334817,v1
1,high_risk,premium_retention_offer,70,Send premium retention offer,2026-05-05T10:18:54.828Z,1777976334817,v1
0,low_risk,no_action,0,No action,2026-05-05T10:18:54.828Z,1777976334817,v1
0,low_risk,no_action,0,No action,2026-05-05T10:18:54.828Z,1777976334817,v1
0,low_risk,no_action,0,No action,2026-05-05T10:18:54.828Z,1777976334817,v1
0.01,low_risk,no_action,0,No action,2026-05-05T10:18:54.828Z,1777976334817,v1
0,low_risk,no_action,0,No action,2026-05-05T10:18:54.828Z,1777976334817,v1
0.01,low_risk,no_action,0,No action,2026-05-05T10:18:54.828Z,1777976334817,v1
0,low_risk,no_action,0,No action,2026-05-05T10:18:54.828Z,1777976334817,v1
0,low_risk,no_action,0,No action,2026-05-05T10:18:54.828Z,1777976334817,v1
0,low_risk,no_action,0,No action,2026-05-05T10:18:54.828Z,1777976334817,v1
1,high_risk,premium_retention_offer,70,Send premium retention offer,2026-05-05T10:18:54.828Z,1777976334817,v1
0,low_risk,no_action,0,No action,2026-05-05T10:18:54.828Z,1777976334817,v1
0,low_risk,no_action,0,No action,2026-05-05T10:18:54.828Z,1777976334817,v1
0,low_risk,no_action,0,No action,2026-05-05T10:18:54.828Z,1777976334817,v1
0,low_risk,no_action,0,No action,2026-05-05T10:18:54.828Z,1777976334817,v1
0,low_risk,no_action,0,No action,2026-05-05T10:18:54.828Z,1777976334817,v1
0,low_risk,no_action,0,No action,2026-05-05T10:18:54.828Z,1777976334817,v1
0,low_risk,no_action,0,No action,2026-05-05T10:18:54.828Z,1777976334817,v1
0,low_risk,no_action,0,No action,2026-05-05T10:18:54.828Z,1777976334817,v1
0,low_risk,no_action,0,No action,2026-05-05T10:18:54.828Z,1777976334817,v1
0,low_risk,no_action,0,No action,2026-05-05T10:18:54.828Z,1777976334817,v1
0,low_risk,no_action,0,No action,2026-05-05T10:18:54.828Z,1777976334817,v1
0,low_risk,no_action,0,No action,2026-05-05T10:18:54.828Z,1777976334817,v1
0,low_risk,no_action,0,No action,2026-05-05T10:18:54.828Z,1777976334817,v1
0,low_risk,no_action,0,No action,2026-05-05T10:18:54.828Z,1777976334817,v1
0,low_risk,no_action,0,No action,2026-05-05T10:18:54.828Z,1777976334817,v1
0.03,low_risk,no_action,0,No action,2026-05-05T10:18:54.828Z,1777976334817,v1
0,low_risk,no_action,0,No action,2026-05-05T10:18:54.828Z,1777976334817,v1
0,low_risk,no_action,0,No action,2026-05-05T10:18:54.828Z,1777976334817,v1
0,low_risk,no_action,0,No action,2026-05-05T10:18:54.828Z,1777976334817,v1
0,low_risk,no_action,0,No action,2026-05-05T10:18:54.828Z,1777976334817,v1
0,low_risk,no_action,0,No action,2026-05-05T10:18:54.828Z,1777976334817,v1
0,low_risk,no_action,0,No action,2026-05-05T10:18:54.828Z,1777976334817,v1
0.98,high_risk,premium_retention_offer,67.6,Send premium retention offer,2026-05-05T10:18:54.828Z,1777976334817,v1
0,low_risk,no_action,0,No action,2026-05-05T10:18:54.828Z,1777976334817,v1
0,low_risk,no_action,0,No action,2026-05-05T10:18:54.828Z,1777976334817,v1
0,low_risk,no_action,0,No action,2026-05-05T10:18:54.828Z,1777976334817,v1
0,low_risk,no_action,0,No action,2026-05-05T10:18:54.828Z,1777976334817,v1
0.99,high_risk,premium_retention_offer,68.8,Send premium retention offer,2026-05-05T10:18:54.828Z,1777976334817,v1
0,low_risk,no_action,0,No action,2026-05-05T10:18:54.828Z,1777976334817,v1
0,low_risk,no_action,0,No action,2026-05-05T10:18:54.828Z,1777976334817,v1
0,low_risk,no_action,0,No action,2026-05-05T10:18:54.828Z,1777976334817,v1
0,low_risk,no_action,0,No action,2026-05-05T10:18:54.828Z,1777976334817,v1
0,low_risk,no_action,0,No action,2026-05-05T10:18:54.828Z,1777976334817,v1
0.01,low_risk,no_action,0,No action,2026-05-05T10:18:54.828Z,1777976334817,v1
1,high_risk,premium_retention_offer,70,Send premium retention offer,2026-05-05T10:18:54.828Z,1777976334817,v1
0,low_risk,no_action,0,No action,2026-05-05T10:18:54.828Z,1777976334817,v1
0,low_risk,no_action,0,No action,2026-05-05T10:18:54.828Z,1777976334817,v1
0,low_risk,no_action,0,No action,2026-05-05T10:18:54.828Z,1777976334817,v1
0,low_risk,no_action,0,No action,2026-05-05T10:18:54.828Z,1777976334817,v1
1,high_risk,premium_retention_offer,70,Send premium retention offer,2026-05-05T10:18:54.828Z,1777976334817,v1
0,low_risk,no_action,0,No action,2026-05-05T10:18:54.828Z,1777976334817,v1
1,high_risk,premium_retention_offer,70,Send premium retention offer,2026-05-05T10:18:54.828Z,1777976334817,v1
0.99,high_risk,premium_retention_offer,68.8,Send premium retention offer,2026-05-05T10:18:54.828Z,1777976334817,v1
0,low_risk,no_action,0,No action,2026-05-05T10:18:54.828Z,1777976334817,v1
0,low_risk,no_action,0,No action,2026-05-05T10:18:54.828Z,1777976334817,v1
0,low_risk,no_action,0,No action,2026-05-05T10:18:54.828Z,1777976334817,v1
0,low_risk,no_action,0,No action,2026-05-05T10:18:54.828Z,1777976334817,v1
0,low_risk,no_action,0,No action,2026-05-05T10:18:54.828Z,1777976334817,v1
0.01,low_risk,no_action,0,No action,2026-05-05T10:18:54.828Z,1777976334817,v1
0,low_risk,no_action,0,No action,2026-05-05T10:18:54.828Z,1777976334817,v1
1,high_risk,premium_retention_offer,70,Send premium retention offer,2026-05-05T10:18:54.828Z,1777976334817,v1
0.01,low_risk,no_action,0,No action,2026-05-05T10:18:54.828Z,1777976334817,v1
0,low_risk,no_action,0,No action,2026-05-05T10:18:54.828Z,1777976334817,v1
0,low_risk,no_action,0,No action,2026-05-05T10:18:54.828Z,1777976334817,v1
0,low_risk,no_action,0,No action,2026-05-05T10:18:54.828Z,1777976334817,v1
0,low_risk,no_action,0,No action,2026-05-05T10:18:54.828Z,1777976334817,v1
0,low_risk,no_action,0,No action,2026-05-05T10:18:54.828Z,1777976334817,v1
0,low_risk,no_action,0,No action,2026-05-05T10:18:54.828Z,1777976334817,v1
0,low_risk,no_action,0,No action,2026-05-05T10:18:54.828Z,1777976334817,v1
0,low_risk,no_action,0,No action,2026-05-05T10:18:54.828Z,1777976334817,v1
0,low_risk,no_action,0,No action,2026-05-05T10:18:54.828Z,1777976334817,v1
0.98,high_risk,premium_retention_offer,67.6,Send premium retention offer,2026-05-05T10:18:54.828Z,1777976334817,v1
0,low_risk,no_action,0,No action,2026-05-05T10:18:54.828Z,1777976334817,v1
0,low_risk,no_action,0,No action,2026-05-05T10:18:54.828Z,1777976334817,v1
1,high_risk,premium_retention_offer,70,Send premium retention offer,2026-05-05T10:18:54.828Z,1777976334817,v1
0,low_risk,no_action,0,No action,2026-05-05T10:18:54.828Z,1777976334817,v1
0,low_risk,no_action,0,No action,2026-05-05T10:18:54.828Z,1777976334817,v1
0,low_risk,no_action,0,No action,2026-05-05T10:18:54.828Z,1777976334817,v1
0,low_risk,no_action,0,No action,2026-05-05T10:18:54.828Z,1777976334817,v1
0.99,high_risk,premium_retention_offer,68.8,Send premium retention offer,2026-05-05T10:18:54.828Z,1777976334817,v1
0.99,high_risk,premium_retention_offer,68.8,Send premium retention offer,2026-05-05T10:18:54.828Z,1777976334817,v1
0,low_risk,no_action,0,No action,2026-05-05T10:18:54.828Z,1777976334817,v1
0,low_risk,no_action,0,No action,2026-05-05T10:18:54.828Z,1777976334817,v1
0,low_risk,no_action,0,No action,2026-05-05T10:18:54.828Z,1777976334817,v1
0,low_risk,no_action,0,No action,2026-05-05T10:18:54.828Z,1777976334817,v1
0,low_risk,no_action,0,No action,2026-05-05T10:18:54.828Z,1777976334817,v1
0,low_risk,no_action,0,No action,2026-05-05T10:18:54.828Z,1777976334817,v1
0,low_risk,no_action,0,No action,2026-05-05T10:18:54.828Z,1777976334817,v1
0,low_risk,no_action,0,No action,2026-05-05T10:18:54.828Z,1777976334817,v1
0.99,high_risk,premium_retention_offer,68.8,Send premium retention offer,2026-05-05T10:18:54.828Z,1777976334817,v1
0,low_risk,no_action,0,No action,2026-05-05T10:18:54.828Z,1777976334817,v1
0,low_risk,no_action,0,No action,2026-05-05T10:18:54.828Z,1777976334817,v1
0,low_risk,no_action,0,No action,2026-05-05T10:18:54.828Z,1777976334817,v1
0.01,low_risk,no_action,0,No action,2026-05-05T10:18:54.828Z,1777976334817,v1
1,high_risk,premium_retention_offer,70,Send premium retention offer,2026-05-05T10:18:54.828Z,1777976334817,v1
0,low_risk,no_action,0,No action,2026-05-05T10:18:54.828Z,1777976334817,v1
0,low_risk,no_action,0,No action,2026-05-05T10:18:54.828Z,1777976334817,v1
0,low_risk,no_action,0,No action,2026-05-05T10:18:54.828Z,1777976334817,v1
0,low_risk,no_action,0,No action,2026-05-05T10:18:54.828Z,1777976334817,v1
1,high_risk,premium_retention_offer,70,Send premium retention offer,2026-05-05T10:18:54.828Z,1777976334817,v1
0,low_risk,no_action,0,No action,2026-05-05T10:18:54.828Z,1777976334817,v1
0,low_risk,no_action,0,No action,2026-05-05T10:18:54.828Z,1777976334817,v1
1,high_risk,premium_retention_offer,70,Send premium retention offer,2026-05-05T10:18:54.828Z,1777976334817,v1
0,low_risk,no_action,0,No action,2026-05-05T10:18:54.828Z,1777976334817,v1
0,low_risk,no_action,0,No action,2026-05-05T10:18:54.828Z,1777976334817,v1
0,low_risk,no_action,0,No action,2026-05-05T10:18:54.828Z,1777976334817,v1
0,low_risk,no_action,0,No action,2026-05-05T10:18:54.828Z,1777976334817,v1
0,low_risk,no_action,0,No action,2026-05-05T10:18:54.828Z,1777976334817,v1
0,low_risk,no_action,0,No action,2026-05-05T10:18:54.828Z,1777976334817,v1
0.99,high_risk,premium_retention_offer,68.8,Send premium retention offer,2026-05-05T10:18:54.828Z,1777976334817,v1
0.01,low_risk,no_action,0,No action,2026-05-05T10:18:54.828Z,1777976334817,v1
0.97,high_risk,premium_retention_offer,66.4,Send premium retention offer,2026-05-05T10:18:54.828Z,1777976334817,v1
0,low_risk,no_action,0,No action,2026-05-05T10:18:54.828Z,1777976334817,v1
0,low_risk,no_action,0,No action,2026-05-05T10:18:54.828Z,1777976334817,v1
0.01,low_risk,no_action,0,No action,2026-05-05T10:18:54.828Z,1777976334817,v1
0,low_risk,no_action,0,No action,2026-05-05T10:18:54.828Z,1777976334817,v1
0,low_risk,no_action,0,No action,2026-05-05T10:18:54.828Z,1777976334817,v1
0,low_risk,no_action,0,No action,2026-05-05T10:18:54.828Z,1777976334817,v1
1,high_risk,premium_retention_offer,70,Send premium retention offer,2026-05-05T10:18:54.828Z,1777976334817,v1
0,low_risk,no_action,0,No action,2026-05-05T10:18:54.828Z,1777976334817,v1
0,low_risk,no_action,0,No action,2026-05-05T10:18:54.828Z,1777976334817,v1
1,high_risk,premium_retention_offer,70,Send premium retention offer,2026-05-05T10:18:54.828Z,1777976334817,v1
0.98,high_risk,premium_retention_offer,67.6,Send premium retention offer,2026-05-05T10:18:54.828Z,1777976334817,v1
1,high_risk,premium_retention_offer,70,Send premium retention offer,2026-05-05T10:18:54.828Z,1777976334817,v1
0,low_risk,no_action,0,No action,2026-05-05T10:18:54.828Z,1777976334817,v1
0,low_risk,no_action,0,No action,2026-05-05T10:18:54.828Z,1777976334817,v1
0,low_risk,no_action,0,No action,2026-05-05T10:18:54.828Z,1777976334817,v1
0,low_risk,no_action,0,No action,2026-05-05T10:18:54.828Z,1777976334817,v1
1,high_risk,premium_retention_offer,70,Send premium retention offer,2026-05-05T10:18:54.828Z,1777976334817,v1
0,low_risk,no_action,0,No action,2026-05-05T10:18:54.828Z,1777976334817,v1
0,low_risk,no_action,0,No action,2026-05-05T10:18:54.828Z,1777976334817,v1
1,high_risk,premium_retention_offer,70,Send premium retention offer,2026-05-05T10:18:54.828Z,1777976334817,v1
0.97,high_risk,premium_retention_offer,66.4,Send premium retention offer,2026-05-05T10:18:54.828Z,1777976334817,v1
0,low_risk,no_action,0,No action,2026-05-05T10:18:54.828Z,1777976334817,v1
0,low_risk,no_action,0,No action,2026-05-05T10:18:54.828Z,1777976334817,v1
0,low_risk,no_action,0,No action,2026-05-05T10:18:54.828Z,1777976334817,v1
0,low_risk,no_action,0,No action,2026-05-05T10:18:54.828Z,1777976334817,v1
1,high_risk,premium_retention_offer,70,Send premium retention offer,2026-05-05T10:18:54.828Z,1777976334817,v1
0,low_risk,no_action,0,No action,2026-05-05T10:18:54.828Z,1777976334817,v1
0,low_risk,no_action,0,No action,2026-05-05T10:18:54.828Z,1777976334817,v1
0,low_risk,no_action,0,No action,2026-05-05T10:18:54.828Z,1777976334817,v1
0,low_risk,no_action,0,No action,2026-05-05T10:18:54.828Z,1777976334817,v1
0,low_risk,no_action,0,No action,2026-05-05T10:18:54.828Z,1777976334817,v1
0,low_risk,no_action,0,No action,2026-05-05T10:18:54.828Z,1777976334817,v1
0,low_risk,no_action,0,No action,2026-05-05T10:18:54.828Z,1777976334817,v1
0,low_risk,no_action,0,No action,2026-05-05T10:18:54.828Z,1777976334817,v1
1,high_risk,premium_retention_offer,70,Send premium retention offer,2026-05-05T10:18:54.828Z,1777976334817,v1
0,low_risk,no_action,0,No action,2026-05-05T10:18:54.828Z,1777976334817,v1
0,low_risk,no_action,0,No action,2026-05-05T10:18:54.828Z,1777976334817,v1
0.99,high_risk,premium_retention_offer,68.8,Send premium retention offer,2026-05-05T10:18:54.828Z,1777976334817,v1
0,low_risk,no_action,0,No action,2026-05-05T10:18:54.828Z,1777976334817,v1
0.98,high_risk,premium_retention_offer,67.6,Send premium retention offer,2026-05-05T10:18:54.828Z,1777976334817,v1
0,low_risk,no_action,0,No action,2026-05-05T10:18:54.828Z,1777976334817,v1
0,low_risk,no_action,0,No action,2026-05-05T10:18:54.828Z,1777976334817,v1
0,low_risk,no_action,0,No action,2026-05-05T10:18:54.828Z,1777976334817,v1
0,low_risk,no_action,0,No action,2026-05-05T10:18:54.828Z,1777976334817,v1
1,high_risk,premium_retention_offer,70,Send premium retention offer,2026-05-05T10:18:54.828Z,1777976334817,v1
0,low_risk,no_action,0,No action,2026-05-05T10:18:54.828Z,1777976334817,v1
0,low_risk,no_action,0,No action,2026-05-05T10:18:54.828Z,1777976334817,v1
0,low_risk,no_action,0,No action,2026-05-05T10:18:54.828Z,1777976334817,v1
0.01,low_risk,no_action,0,No action,2026-05-05T10:18:54.828Z,1777976334817,v1
0,low_risk,no_action,0,No action,2026-05-05T10:18:54.828Z,1777976334817,v1
0.01,low_risk,no_action,0,No action,2026-05-05T10:18:54.828Z,1777976334817,v1
0,low_risk,no_action,0,No action,2026-05-05T10:18:54.828Z,1777976334817,v1
0,low_risk,no_action,0,No action,2026-05-05T10:18:54.828Z,1777976334817,v1
0,low_risk,no_action,0,No action,2026-05-05T10:18:54.828Z,1777976334817,v1
0,low_risk,no_action,0,No action,2026-05-05T10:18:54.828Z,1777976334817,v1
0,low_risk,no_action,0,No action,2026-05-05T10:18:54.828Z,1777976334817,v1
0,low_risk,no_action,0,No action,2026-05-05T10:18:54.828Z,1777976334817,v1
0,low_risk,no_action,0,No action,2026-05-05T10:18:54.828Z,1777976334817,v1
0,low_risk,no_action,0,No action,2026-05-05T10:18:54.828Z,1777976334817,v1
0,low_risk,no_action,0,No action,2026-05-05T10:18:54.828Z,1777976334817,v1
0,low_risk,no_action,0,No action,2026-05-05T10:18:54.828Z,1777976334817,v1
0,low_risk,no_action,0,No action,2026-05-05T10:18:54.828Z,1777976334817,v1
1,high_risk,premium_retention_offer,70,Send premium retention offer,2026-05-05T10:18:54.828Z,1777976334817,v1
0,low_risk,no_action,0,No action,2026-05-05T10:18:54.828Z,1777976334817,v1
0,low_risk,no_action,0,No action,2026-05-05T10:18:54.828Z,1777976334817,v1
1,high_risk,premium_retention_offer,70,Send premium retention offer,2026-05-05T10:18:54.828Z,1777976334817,v1
0,low_risk,no_action,0,No action,2026-05-05T10:18:54.828Z,1777976334817,v1
0,low_risk,no_action,0,No action,2026-05-05T10:18:54.828Z,1777976334817,v1
0,low_risk,no_action,0,No action,2026-05-05T10:18:54.828Z,1777976334817,v1
0,low_risk,no_action,0,No action,2026-05-05T10:18:54.828Z,1777976334817,v1
0,low_risk,no_action,0,No action,2026-05-05T10:18:54.828Z,1777976334817,v1
0.01,low_risk,no_action,0,No action,2026-05-05T10:18:54.828Z,1777976334817,v1
0.99,high_risk,premium_retention_offer,68.8,Send premium retention offer,2026-05-05T10:18:54.828Z,1777976334817,v1
0,low_risk,no_action,0,No action,2026-05-05T10:18:54.828Z,1777976334817,v1
0,low_risk,no_action,0,No action,2026-05-05T10:18:54.828Z,1777976334817,v1
0,low_risk,no_action,0,No action,2026-05-05T10:18:54.828Z,1777976334817,v1
0,low_risk,no_action,0,No action,2026-05-05T10:18:54.828Z,1777976334817,v1
0,low_risk,no_action,0,No action,2026-05-05T10:18:54.828Z,1777976334817,v1
1,high_risk,premium_retention_offer,70,Send premium retention offer,2026-05-05T10:18:54.828Z,1777976334817,v1
0.94,high_risk,premium_retention_offer,62.8,Send premium retention offer,2026-05-05T10:18:54.828Z,1777976334817,v1
0,low_risk,no_action,0,No action,2026-05-05T10:18:54.828Z,1777976334817,v1
0,low_risk,no_action,0,No action,2026-05-05T10:18:54.828Z,1777976334817,v1
0,low_risk,no_action,0,No action,2026-05-05T10:18:54.828Z,1777976334817,v1
0,low_risk,no_action,0,No action,2026-05-05T10:18:54.828Z,1777976334817,v1
0,low_risk,no_action,0,No action,2026-05-05T10:18:54.828Z,1777976334817,v1
0,low_risk,no_action,0,No action,2026-05-05T10:18:54.828Z,1777976334817,v1
0.99,high_risk,premium_retention_offer,68.8,Send premium retention offer,2026-05-05T10:18:54.828Z,1777976334817,v1
0.01,low_risk,no_action,0,No action,2026-05-05T10:18:54.828Z,1777976334817,v1
0,low_risk,no_action,0,No action,2026-05-05T10:18:54.828Z,1777976334817,v1
0,low_risk,no_action,0,No action,2026-05-05T10:18:54.828Z,1777976334817,v1
0.98,high_risk,premium_retention_offer,67.6,Send premium retention offer,2026-05-05T10:18:54.828Z,1777976334817,v1
0,low_risk,no_action,0,No action,2026-05-05T10:18:54.828Z,1777976334817,v1
0.99,high_risk,premium_retention_offer,68.8,Send premium retention offer,2026-05-05T10:18:54.828Z,1777976334817,v1
0,low_risk,no_action,0,No action,2026-05-05T10:18:54.828Z,1777976334817,v1
0,low_risk,no_action,0,No action,2026-05-05T10:18:54.828Z,1777976334817,v1
1,high_risk,premium_retention_offer,70,Send premium retention offer,2026-05-05T10:18:54.828Z,1777976334817,v1
0,low_risk,no_action,0,No action,2026-05-05T10:18:54.828Z,1777976334817,v1
0,low_risk,no_action,0,No action,2026-05-05T10:18:54.828Z,1777976334817,v1
0,low_risk,no_action,0,No action,2026-05-05T10:18:54.828Z,1777976334817,v1
0,low_risk,no_action,0,No action,2026-05-05T10:18:54.828Z,1777976334817,v1
1,high_risk,premium_retention_offer,70,Send premium retention offer,2026-05-05T10:18:54.828Z,1777976334817,v1
0,low_risk,no_action,0,No action,2026-05-05T10:18:54.828Z,1777976334817,v1
1,high_risk,premium_retention_offer,70,Send premium retention offer,2026-05-05T10:18:54.828Z,1777976334817,v1
0.01,low_risk,no_action,0,No action,2026-05-05T10:18:54.828Z,1777976334817,v1
0,low_risk,no_action,0,No action,2026-05-05T10:18:54.828Z,1777976334817,v1
1,high_risk,premium_retention_offer,70,Send premium retention offer,2026-05-05T10:18:54.828Z,1777976334817,v1
0,low_risk,no_action,0,No action,2026-05-05T10:18:54.828Z,1777976334817,v1
0,low_risk,no_action,0,No action,2026-05-05T10:18:54.828Z,1777976334817,v1
0.98,high_risk,premium_retention_offer,67.6,Send premium retention offer,2026-05-05T10:18:54.828Z,1777976334817,v1
1,high_risk,premium_retention_offer,70,Send premium retention offer,2026-05-05T10:18:54.828Z,1777976334817,v1
0,low_risk,no_action,0,No action,2026-05-05T10:18:54.828Z,1777976334817,v1
0.99,high_risk,premium_retention_offer,68.8,Send premium retention offer,2026-05-05T10:18:54.828Z,1777976334817,v1
0,low_risk,no_action,0,No action,2026-05-05T10:18:54.828Z,1777976334817,v1
0,low_risk,no_action,0,No action,2026-05-05T10:18:54.828Z,1777976334817,v1
0,low_risk,no_action,0,No action,2026-05-05T10:18:54.828Z,1777976334817,v1
0,low_risk,no_action,0,No action,2026-05-05T10:18:54.828Z,1777976334817,v1
0.99,high_risk,premium_retention_offer,68.8,Send premium retention offer,2026-05-05T10:18:54.828Z,1777976334817,v1
1,high_risk,premium_retention_offer,70,Send premium retention offer,2026-05-05T10:18:54.828Z,1777976334817,v1
0.99,high_risk,premium_retention_offer,68.8,Send premium retention offer,2026-05-05T10:18:54.828Z,1777976334817,v1
0,low_risk,no_action,0,No action,2026-05-05T10:18:54.828Z,1777976334817,v1
0,low_risk,no_action,0,No action,2026-05-05T10:18:54.828Z,1777976334817,v1
0,low_risk,no_action,0,No action,2026-05-05T10:18:54.828Z,1777976334817,v1
1,high_risk,premium_retention_offer,70,Send premium retention offer,2026-05-05T10:18:54.828Z,1777976334817,v1
1,high_risk,premium_retention_offer,70,Send premium retention offer,2026-05-05T10:18:54.828Z,1777976334817,v1
0,low_risk,no_action,0,No action,2026-05-05T10:18:54.828Z,1777976334817,v1
0,low_risk,no_action,0,No action,2026-05-05T10:18:54.828Z,1777976334817,v1
0.98,high_risk,premium_retention_offer,67.6,Send premium retention offer,2026-05-05T10:18:54.828Z,1777976334817,v1
0,low_risk,no_action,0,No action,2026-05-05T10:18:54.828Z,1777976334817,v1
0,low_risk,no_action,0,No action,2026-05-05T10:18:54.828Z,1777976334817,v1
0.99,high_risk,premium_retention_offer,68.8,Send premium retention offer,2026-05-05T10:18:54.828Z,1777976334817,v1
0,low_risk,no_action,0,No action,2026-05-05T10:18:54.828Z,1777976334817,v1
1,high_risk,premium_retention_offer,70,Send premium retention offer,2026-05-05T10:18:54.828Z,1777976334817,v1
0,low_risk,no_action,0,No action,2026-05-05T10:18:54.828Z,1777976334817,v1
0,low_risk,no_action,0,No action,2026-05-05T10:18:54.828Z,1777976334817,v1
0,low_risk,no_action,0,No action,2026-05-05T10:18:54.828Z,1777976334817,v1
0,low_risk,no_action,0,No action,2026-05-05T10:18:54.828Z,1777976334817,v1
0,low_risk,no_action,0,No action,2026-05-05T10:18:54.828Z,1777976334817,v1
0,low_risk,no_action,0,No action,2026-05-05T10:18:54.828Z,1777976334817,v1
0,low_risk,no_action,0,No action,2026-05-05T10:18:54.828Z,1777976334817,v1
0,low_risk,no_action,0,No action,2026-05-05T10:18:54.828Z,1777976334817,v1
0,low_risk,no_action,0,No action,2026-05-05T10:18:54.828Z,1777976334817,v1
0.01,low_risk,no_action,0,No action,2026-05-05T10:18:54.828Z,1777976334817,v1
0,low_risk,no_action,0,No action,2026-05-05T10:18:54.828Z,1777976334817,v1
0.03,low_risk,no_action,0,No action,2026-05-05T10:18:54.828Z,1777976334817,v1
0,low_risk,no_action,0,No action,2026-05-05T10:18:54.828Z,1777976334817,v1
0,low_risk,no_action,0,No action,2026-05-05T10:18:54.828Z,1777976334817,v1
0,low_risk,no_action,0,No action,2026-05-05T10:18:54.828Z,1777976334817,v1
0.01,low_risk,no_action,0,No action,2026-05-05T10:18:54.828Z,1777976334817,v1
0,low_risk,no_action,0,No action,2026-05-05T10:18:54.828Z,1777976334817,v1
0,low_risk,no_action,0,No action,2026-05-05T10:18:54.828Z,1777976334817,v1
0,low_risk,no_action,0,No action,2026-05-05T10:18:54.828Z,1777976334817,v1
0.02,low_risk,no_action,0,No action,2026-05-05T10:18:54.828Z,1777976334817,v1
0,low_risk,no_action,0,No action,2026-05-05T10:18:54.828Z,1777976334817,v1
0,low_risk,no_action,0,No action,2026-05-05T10:18:54.828Z,1777976334817,v1
0,low_risk,no_action,0,No action,2026-05-05T10:18:54.828Z,1777976334817,v1
0.99,high_risk,premium_retention_offer,68.8,Send premium retention offer,2026-05-05T10:18:54.828Z,1777976334817,v1
0,low_risk,no_action,0,No action,2026-05-05T10:18:54.828Z,1777976334817,v1
0,low_risk,no_action,0,No action,2026-05-05T10:18:54.828Z,1777976334817,v1
0,low_risk,no_action,0,No action,2026-05-05T10:18:54.828Z,1777976334817,v1
0,low_risk,no_action,0,No action,2026-05-05T10:18:54.828Z,1777976334817,v1
0.01,low_risk,no_action,0,No action,2026-05-05T10:18:54.828Z,1777976334817,v1
0,low_risk,no_action,0,No action,2026-05-05T10:18:54.828Z,1777976334817,v1
0,low_risk,no_action,0,No action,2026-05-05T10:18:54.828Z,1777976334817,v1
0,low_risk,no_action,0,No action,2026-05-05T10:18:54.828Z,1777976334817,v1
0,low_risk,no_action,0,No action,2026-05-05T10:18:54.828Z,1777976334817,v1
1,high_risk,premium_retention_offer,70,Send premium retention offer,2026-05-05T10:18:54.828Z,1777976334817,v1
0,low_risk,no_action,0,No action,2026-05-05T10:18:54.828Z,1777976334817,v1
0,low_risk,no_action,0,No action,2026-05-05T10:18:54.828Z,1777976334817,v1
0,low_risk,no_action,0,No action,2026-05-05T10:18:54.828Z,1777976334817,v1
0,low_risk,no_action,0,No action,2026-05-05T10:18:54.828Z,1777976334817,v1
0,low_risk,no_action,0,No action,2026-05-05T10:18:54.828Z,1777976334817,v1
0,low_risk,no_action,0,No action,2026-05-05T10:18:54.828Z,1777976334817,v1
0,low_risk,no_action,0,No action,2026-05-05T10:18:54.828Z,1777976334817,v1
0,low_risk,no_action,0,No action,2026-05-05T10:18:54.828Z,1777976334817,v1
0,low_risk,no_action,0,No action,2026-05-05T10:18:54.828Z,1777976334817,v1
0,low_risk,no_action,0,No action,2026-05-05T10:18:54.828Z,1777976334817,v1
0,low_risk,no_action,0,No action,2026-05-05T10:18:54.828Z,1777976334817,v1
0,low_risk,no_action,0,No action,2026-05-05T10:18:54.828Z,1777976334817,v1
0,low_risk,no_action,0,No action,2026-05-05T10:18:54.828Z,1777976334817,v1
0,low_risk,no_action,0,No action,2026-05-05T10:18:54.828Z,1777976334817,v1
0.99,high_risk,premium_retention_offer,68.8,Send premium retention offer,2026-05-05T10:18:54.828Z,1777976334817,v1
0,low_risk,no_action,0,No action,2026-05-05T10:18:54.828Z,1777976334817,v1
0.03,low_risk,no_action,0,No action,2026-05-05T10:18:54.828Z,1777976334817,v1
0.99,high_risk,premium_retention_offer,68.8,Send premium retention offer,2026-05-05T10:18:54.828Z,1777976334817,v1
0,low_risk,no_action,0,No action,2026-05-05T10:18:54.828Z,1777976334817,v1
1,high_risk,premium_retention_offer,70,Send premium retention offer,2026-05-05T10:18:54.828Z,1777976334817,v1
0.99,high_risk,premium_retention_offer,68.8,Send premium retention offer,2026-05-05T10:18:54.828Z,1777976334817,v1
0,low_risk,no_action,0,No action,2026-05-05T10:18:54.828Z,1777976334817,v1
0,low_risk,no_action,0,No action,2026-05-05T10:18:54.828Z,1777976334817,v1
0,low_risk,no_action,0,No action,2026-05-05T10:18:54.828Z,1777976334817,v1
0.93,high_risk,premium_retention_offer,61.6,Send premium retention offer,2026-05-05T10:18:54.828Z,1777976334817,v1
1,high_risk,premium_retention_offer,70,Send premium retention offer,2026-05-05T10:18:54.828Z,1777976334817,v1
0,low_risk,no_action,0,No action,2026-05-05T10:18:54.828Z,1777976334817,v1
0,low_risk,no_action,0,No action,2026-05-05T10:18:54.828Z,1777976334817,v1
0,low_risk,no_action,0,No action,2026-05-05T10:18:54.828Z,1777976334817,v1
0,low_risk,no_action,0,No action,2026-05-05T10:18:54.828Z,1777976334817,v1
0,low_risk,no_action,0,No action,2026-05-05T10:18:54.828Z,1777976334817,v1
1,high_risk,premium_retention_offer,70,Send premium retention offer,2026-05-05T10:18:54.828Z,1777976334817,v1
0,low_risk,no_action,0,No action,2026-05-05T10:18:54.828Z,1777976334817,v1
0,low_risk,no_action,0,No action,2026-05-05T10:18:54.828Z,1777976334817,v1
0,low_risk,no_action,0,No action,2026-05-05T10:18:54.828Z,1777976334817,v1
0.99,high_risk,premium_retention_offer,68.8,Send premium retention offer,2026-05-05T10:18:54.828Z,1777976334817,v1
0,low_risk,no_action,0,No action,2026-05-05T10:18:54.828Z,1777976334817,v1
1,high_risk,premium_retention_offer,70,Send premium retention offer,2026-05-05T10:18:54.828Z,1777976334817,v1
0,low_risk,no_action,0,No action,2026-05-05T10:18:54.828Z,1777976334817,v1
0,low_risk,no_action,0,No action,2026-05-05T10:18:54.828Z,1777976334817,v1
0,low_risk,no_action,0,No action,2026-05-05T10:18:54.828Z,1777976334817,v1
0,low_risk,no_action,0,No action,2026-05-05T10:18:54.828Z,1777976334817,v1
0,low_risk,no_action,0,No action,2026-05-05T10:18:54.828Z,1777976334817,v1
0,low_risk,no_action,0,No action,2026-05-05T10:18:54.828Z,1777976334817,v1
0,low_risk,no_action,0,No action,2026-05-05T10:18:54.828Z,1777976334817,v1
0.04,low_risk,no_action,0,No action,2026-05-05T10:18:54.828Z,1777976334817,v1
1,high_risk,premium_retention_offer,70,Send premium retention offer,2026-05-05T10:18:54.828Z,1777976334817,v1
1,high_risk,premium_retention_offer,70,Send premium retention offer,2026-05-05T10:18:54.828Z,1777976334817,v1
0,low_risk,no_action,0,No action,2026-05-05T10:18:54.828Z,1777976334817,v1
0,low_risk,no_action,0,No action,2026-05-05T10:18:54.828Z,1777976334817,v1
0,low_risk,no_action,0,No action,2026-05-05T10:18:54.828Z,1777976334817,v1
0,low_risk,no_action,0,No action,2026-05-05T10:18:54.828Z,1777976334817,v1
0,low_risk,no_action,0,No action,2026-05-05T10:18:54.828Z,1777976334817,v1
0,low_risk,no_action,0,No action,2026-05-05T10:18:54.828Z,1777976334817,v1
0,low_risk,no_action,0,No action,2026-05-05T10:18:54.828Z,1777976334817,v1
0,low_risk,no_action,0,No action,2026-05-05T10:18:54.828Z,1777976334817,v1
0,low_risk,no_action,0,No action,2026-05-05T10:18:54.828Z,1777976334817,v1
1,high_risk,premium_retention_offer,70,Send premium retention offer,2026-05-05T10:18:54.828Z,1777976334817,v1
0,low_risk,no_action,0,No action,2026-05-05T10:18:54.828Z,1777976334817,v1
0.96,high_risk,premium_retention_offer,65.2,Send premium retention offer,2026-05-05T10:18:54.828Z,1777976334817,v1
0,low_risk,no_action,0,No action,2026-05-05T10:18:54.828Z,1777976334817,v1
0,low_risk,no_action,0,No action,2026-05-05T10:18:54.828Z,1777976334817,v1
0,low_risk,no_action,0,No action,2026-05-05T10:18:54.828Z,1777976334817,v1
0,low_risk,no_action,0,No action,2026-05-05T10:18:54.828Z,1777976334817,v1
0.08,low_risk,no_action,0,No action,2026-05-05T10:18:54.828Z,1777976334817,v1
0,low_risk,no_action,0,No action,2026-05-05T10:18:54.828Z,1777976334817,v1
0.99,high_risk,premium_retention_offer,68.8,Send premium retention offer,2026-05-05T10:18:54.828Z,1777976334817,v1
0,low_risk,no_action,0,No action,2026-05-05T10:18:54.828Z,1777976334817,v1
0,low_risk,no_action,0,No action,2026-05-05T10:18:54.828Z,1777976334817,v1
1,high_risk,premium_retention_offer,70,Send premium retention offer,2026-05-05T10:18:54.828Z,1777976334817,v1
0,low_risk,no_action,0,No action,2026-05-05T10:18:54.828Z,1777976334817,v1
1,high_risk,premium_retention_offer,70,Send premium retention offer,2026-05-05T10:18:54.828Z,1777976334817,v1
0,low_risk,no_action,0,No action,2026-05-05T10:18:54.828Z,1777976334817,v1
0,low_risk,no_action,0,No action,2026-05-05T10:18:54.828Z,1777976334817,v1
0,low_risk,no_action,0,No action,2026-05-05T10:18:54.828Z,1777976334817,v1
1,high_risk,premium_retention_offer,70,Send premium retention offer,2026-05-05T10:18:54.828Z,1777976334817,v1
0,low_risk,no_action,0,No action,2026-05-05T10:18:54.828Z,1777976334817,v1
0.01,low_risk,no_action,0,No action,2026-05-05T10:18:54.828Z,1777976334817,v1
0,low_risk,no_action,0,No action,2026-05-05T10:18:54.828Z,1777976334817,v1
0,low_risk,no_action,0,No action,2026-05-05T10:18:54.828Z,1777976334817,v1
0,low_risk,no_action,0,No action,2026-05-05T10:18:54.828Z,1777976334817,v1
0,low_risk,no_action,0,No action,2026-05-05T10:18:54.828Z,1777976334817,v1
0,low_risk,no_action,0,No action,2026-05-05T10:18:54.828Z,1777976334817,v1
0,low_risk,no_action,0,No action,2026-05-05T10:18:54.828Z,1777976334817,v1
0,low_risk,no_action,0,No action,2026-05-05T10:18:54.828Z,1777976334817,v1
0,low_risk,no_action,0,No action,2026-05-05T10:18:54.828Z,1777976334817,v1
0,low_risk,no_action,0,No action,2026-05-05T10:18:54.828Z,1777976334817,v1
0,low_risk,no_action,0,No action,2026-05-05T10:18:54.828Z,1777976334817,v1
0,low_risk,no_action,0,No action,2026-05-05T10:18:54.828Z,1777976334817,v1
0,low_risk,no_action,0,No action,2026-05-05T10:18:54.828Z,1777976334817,v1
0.06,low_risk,no_action,0,No action,2026-05-05T10:18:54.828Z,1777976334817,v1
0,low_risk,no_action,0,No action,2026-05-05T10:18:54.828Z,1777976334817,v1
0,low_risk,no_action,0,No action,2026-05-05T10:18:54.828Z,1777976334817,v1
0.01,low_risk,no_action,0,No action,2026-05-05T10:18:54.828Z,1777976334817,v1
0,low_risk,no_action,0,No action,2026-05-05T10:18:54.828Z,1777976334817,v1
0,low_risk,no_action,0,No action,2026-05-05T10:18:54.828Z,1777976334817,v1
0,low_risk,no_action,0,No action,2026-05-05T10:18:54.828Z,1777976334817,v1
0,low_risk,no_action,0,No action,2026-05-05T10:18:54.828Z,1777976334817,v1
0,low_risk,no_action,0,No action,2026-05-05T10:18:54.828Z,1777976334817,v1
0.95,high_risk,premium_retention_offer,64,Send premium retention offer,2026-05-05T10:18:54.828Z,1777976334817,v1
0,low_risk,no_action,0,No action,2026-05-05T10:18:54.828Z,1777976334817,v1
0,low_risk,no_action,0,No action,2026-05-05T10:18:54.828Z,1777976334817,v1
0,low_risk,no_action,0,No action,2026-05-05T10:18:54.828Z,1777976334817,v1
0,low_risk,no_action,0,No action,2026-05-05T10:18:54.828Z,1777976334817,v1
0,low_risk,no_action,0,No action,2026-05-05T10:18:54.828Z,1777976334817,v1
0,low_risk,no_action,0,No action,2026-05-05T10:18:54.828Z,1777976334817,v1
0,low_risk,no_action,0,No action,2026-05-05T10:18:54.828Z,1777976334817,v1
0,low_risk,no_action,0,No action,2026-05-05T10:18:54.828Z,1777976334817,v1
0,low_risk,no_action,0,No action,2026-05-05T10:18:54.828Z,1777976334817,v1
0.99,high_risk,premium_retention_offer,68.8,Send premium retention offer,2026-05-05T10:18:54.828Z,1777976334817,v1
0,low_risk,no_action,0,No action,2026-05-05T10:18:54.828Z,1777976334817,v1
0,low_risk,no_action,0,No action,2026-05-05T10:18:54.828Z,1777976334817,v1
0,low_risk,no_action,0,No action,2026-05-05T10:18:54.828Z,1777976334817,v1
0,low_risk,no_action,0,No action,2026-05-05T10:18:54.828Z,1777976334817,v1
0.97,high_risk,premium_retention_offer,66.4,Send premium retention offer,2026-05-05T10:18:54.828Z,1777976334817,v1
0,low_risk,no_action,0,No action,2026-05-05T10:18:54.828Z,1777976334817,v1
0,low_risk,no_action,0,No action,2026-05-05T10:18:54.828Z,1777976334817,v1
1,high_risk,premium_retention_offer,70,Send premium retention offer,2026-05-05T10:18:54.828Z,1777976334817,v1
0,low_risk,no_action,0,No action,2026-05-05T10:18:54.828Z,1777976334817,v1
0.99,high_risk,premium_retention_offer,68.8,Send premium retention offer,2026-05-05T10:18:54.828Z,1777976334817,v1
0.01,low_risk,no_action,0,No action,2026-05-05T10:18:54.828Z,1777976334817,v1
0,low_risk,no_action,0,No action,2026-05-05T10:18:54.828Z,1777976334817,v1
0,low_risk,no_action,0,No action,2026-05-05T10:18:54.828Z,1777976334817,v1
0.04,low_risk,no_action,0,No action,2026-05-05T10:18:54.828Z,1777976334817,v1
0,low_risk,no_action,0,No action,2026-05-05T10:18:54.828Z,1777976334817,v1
0,low_risk,no_action,0,No action,2026-05-05T10:18:54.828Z,1777976334817,v1
0,low_risk,no_action,0,No action,2026-05-05T10:18:54.828Z,1777976334817,v1
0,low_risk,no_action,0,No action,2026-05-05T10:18:54.828Z,1777976334817,v1
0,low_risk,no_action,0,No action,2026-05-05T10:18:54.828Z,1777976334817,v1
0,low_risk,no_action,0,No action,2026-05-05T10:18:54.828Z,1777976334817,v1
0,low_risk,no_action,0,No action,2026-05-05T10:18:54.828Z,1777976334817,v1
0,low_risk,no_action,0,No action,2026-05-05T10:18:54.828Z,1777976334817,v1
0,low_risk,no_action,0,No action,2026-05-05T10:18:54.828Z,1777976334817,v1
0,low_risk,no_action,0,No action,2026-05-05T10:18:54.828Z,1777976334817,v1
0.97,high_risk,premium_retention_offer,66.4,Send premium retention offer,2026-05-05T10:18:54.828Z,1777976334817,v1
0,low_risk,no_action,0,No action,2026-05-05T10:18:54.828Z,1777976334817,v1
0,low_risk,no_action,0,No action,2026-05-05T10:18:54.828Z,1777976334817,v1
0.01,low_risk,no_action,0,No action,2026-05-05T10:18:54.828Z,1777976334817,v1
0,low_risk,no_action,0,No action,2026-05-05T10:18:54.828Z,1777976334817,v1
0,low_risk,no_action,0,No action,2026-05-05T10:18:54.828Z,1777976334817,v1
0,low_risk,no_action,0,No action,2026-05-05T10:18:54.828Z,1777976334817,v1
0,low_risk,no_action,0,No action,2026-05-05T10:18:54.828Z,1777976334817,v1
0,low_risk,no_action,0,No action,2026-05-05T10:18:54.828Z,1777976334817,v1
0,low_risk,no_action,0,No action,2026-05-05T10:18:54.828Z,1777976334817,v1
0.99,high_risk,premium_retention_offer,68.8,Send premium retention offer,2026-05-05T10:18:54.828Z,1777976334817,v1
0,low_risk,no_action,0,No action,2026-05-05T10:18:54.828Z,1777976334817,v1
0.99,high_risk,premium_retention_offer,68.8,Send premium retention offer,2026-05-05T10:18:54.828Z,1777976334817,v1
0.98,high_risk,premium_retention_offer,67.6,Send premium retention offer,2026-05-05T10:18:54.828Z,1777976334817,v1
0.01,low_risk,no_action,0,No action,2026-05-05T10:18:54.828Z,1777976334817,v1
0,low_risk,no_action,0,No action,2026-05-05T10:18:54.828Z,1777976334817,v1
0,low_risk,no_action,0,No action,2026-05-05T10:18:54.828Z,1777976334817,v1
0,low_risk,no_action,0,No action,2026-05-05T10:18:54.828Z,1777976334817,v1
1,high_risk,premium_retention_offer,70,Send premium retention offer,2026-05-05T10:18:54.828Z,1777976334817,v1
0,low_risk,no_action,0,No action,2026-05-05T10:18:54.828Z,1777976334817,v1
0.01,low_risk,no_action,0,No action,2026-05-05T10:18:54.828Z,1777976334817,v1
0,low_risk,no_action,0,No action,2026-05-05T10:18:54.828Z,1777976334817,v1
0,low_risk,no_action,0,No action,2026-05-05T10:18:54.828Z,1777976334817,v1
0,low_risk,no_action,0,No action,2026-05-05T10:18:54.828Z,1777976334817,v1
0,low_risk,no_action,0,No action,2026-05-05T10:18:54.828Z,1777976334817,v1
0,low_risk,no_action,0,No action,2026-05-05T10:18:54.828Z,1777976334817,v1
0,low_risk,no_action,0,No action,2026-05-05T10:18:54.828Z,1777976334817,v1
0,low_risk,no_action,0,No action,2026-05-05T10:18:54.828Z,1777976334817,v1
0,low_risk,no_action,0,No action,2026-05-05T10:18:54.828Z,1777976334817,v1
0.99,high_risk,premium_retention_offer,68.8,Send premium retention offer,2026-05-05T10:18:54.828Z,1777976334817,v1
1,high_risk,premium_retention_offer,70,Send premium retention offer,2026-05-05T10:18:54.828Z,1777976334817,v1
0.98,high_risk,premium_retention_offer,67.6,Send premium retention offer,2026-05-05T10:18:54.828Z,1777976334817,v1
0.89,high_risk,premium_retention_offer,56.8,Send premium retention offer,2026-05-05T10:18:54.828Z,1777976334817,v1
1,high_risk,premium_retention_offer,70,Send premium retention offer,2026-05-05T10:18:54.828Z,1777976334817,v1
0,low_risk,no_action,0,No action,2026-05-05T10:18:54.828Z,1777976334817,v1
0,low_risk,no_action,0,No action,2026-05-05T10:18:54.828Z,1777976334817,v1
0,low_risk,no_action,0,No action,2026-05-05T10:18:54.828Z,1777976334817,v1
0.01,low_risk,no_action,0,No action,2026-05-05T10:18:54.828Z,1777976334817,v1
0,low_risk,no_action,0,No action,2026-05-05T10:18:54.828Z,1777976334817,v1
0,low_risk,no_action,0,No action,2026-05-05T10:18:54.828Z,1777976334817,v1
0.99,high_risk,premium_retention_offer,68.8,Send premium retention offer,2026-05-05T10:18:54.828Z,1777976334817,v1
1,high_risk,premium_retention_offer,70,Send premium retention offer,2026-05-05T10:18:54.828Z,1777976334817,v1
0,low_risk,no_action,0,No action,2026-05-05T10:18:54.828Z,1777976334817,v1
0,low_risk,no_action,0,No action,2026-05-05T10:18:54.828Z,1777976334817,v1
0,low_risk,no_action,0,No action,2026-05-05T10:18:54.828Z,1777976334817,v1
0,low_risk,no_action,0,No action,2026-05-05T10:18:54.828Z,1777976334817,v1
0.01,low_risk,no_action,0,No action,2026-05-05T10:18:54.828Z,1777976334817,v1
1,high_risk,premium_retention_offer,70,Send premium retention offer,2026-05-05T10:18:54.828Z,1777976334817,v1
0,low_risk,no_action,0,No action,2026-05-05T10:18:54.828Z,1777976334817,v1
0,low_risk,no_action,0,No action,2026-05-05T10:18:54.828Z,1777976334817,v1
0,low_risk,no_action,0,No action,2026-05-05T10:18:54.828Z,1777976334817,v1
0,low_risk,no_action,0,No action,2026-05-05T10:18:54.828Z,1777976334817,v1
0.01,low_risk,no_action,0,No action,2026-05-05T10:18:54.828Z,1777976334817,v1
0.99,high_risk,premium_retention_offer,68.8,Send premium retention offer,2026-05-05T10:18:54.828Z,1777976334817,v1
1,high_risk,premium_retention_offer,70,Send premium retention offer,2026-05-05T10:18:54.828Z,1777976334817,v1
0.07,low_risk,no_action,0,No action,2026-05-05T10:18:54.829Z,1777976334817,v1
0,low_risk,no_action,0,No action,2026-05-05T10:18:54.829Z,1777976334817,v1
0,low_risk,no_action,0,No action,2026-05-05T10:18:54.829Z,1777976334817,v1
0,low_risk,no_action,0,No action,2026-05-05T10:18:54.829Z,1777976334817,v1
0,low_risk,no_action,0,No action,2026-05-05T10:18:54.829Z,1777976334817,v1
0,low_risk,no_action,0,No action,2026-05-05T10:18:54.829Z,1777976334817,v1
0,low_risk,no_action,0,No action,2026-05-05T10:18:54.829Z,1777976334817,v1
0.99,high_risk,premium_retention_offer,68.8,Send premium retention offer,2026-05-05T10:18:54.829Z,1777976334817,v1
0,low_risk,no_action,0,No action,2026-05-05T10:18:54.829Z,1777976334817,v1
0,low_risk,no_action,0,No action,2026-05-05T10:18:54.829Z,1777976334817,v1
0,low_risk,no_action,0,No action,2026-05-05T10:18:54.829Z,1777976334817,v1
0,low_risk,no_action,0,No action,2026-05-05T10:18:54.829Z,1777976334817,v1
1,high_risk,premium_retention_offer,70,Send premium retention offer,2026-05-05T10:18:54.829Z,1777976334817,v1
0,low_risk,no_action,0,No action,2026-05-05T10:18:54.829Z,1777976334817,v1
0.99,high_risk,premium_retention_offer,68.8,Send premium retention offer,2026-05-05T10:18:54.829Z,1777976334817,v1
1,high_risk,premium_retention_offer,70,Send premium retention offer,2026-05-05T10:18:54.829Z,1777976334817,v1
0.01,low_risk,no_action,0,No action,2026-05-05T10:18:54.829Z,1777976334817,v1
0,low_risk,no_action,0,No action,2026-05-05T10:18:54.829Z,1777976334817,v1
0,low_risk,no_action,0,No action,2026-05-05T10:18:54.829Z,1777976334817,v1
0,low_risk,no_action,0,No action,2026-05-05T10:18:54.829Z,1777976334817,v1
0,low_risk,no_action,0,No action,2026-05-05T10:18:54.829Z,1777976334817,v1
1,high_risk,premium_retention_offer,70,Send premium retention offer,2026-05-05T10:18:54.829Z,1777976334817,v1
0,low_risk,no_action,0,No action,2026-05-05T10:18:54.829Z,1777976334817,v1
1,high_risk,premium_retention_offer,70,Send premium retention offer,2026-05-05T10:18:54.829Z,1777976334817,v1
0,low_risk,no_action,0,No action,2026-05-05T10:18:54.829Z,1777976334817,v1
0,low_risk,no_action,0,No action,2026-05-05T10:18:54.829Z,1777976334817,v1
0,low_risk,no_action,0,No action,2026-05-05T10:18:54.829Z,1777976334817,v1
0,low_risk,no_action,0,No action,2026-05-05T10:18:54.829Z,1777976334817,v1
1,high_risk,premium_retention_offer,70,Send premium retention offer,2026-05-05T10:18:54.829Z,1777976334817,v1
0,low_risk,no_action,0,No action,2026-05-05T10:18:54.829Z,1777976334817,v1
0.01,low_risk,no_action,0,No action,2026-05-05T10:18:54.829Z,1777976334817,v1
0,low_risk,no_action,0,No action,2026-05-05T10:18:54.829Z,1777976334817,v1
0.01,low_risk,no_action,0,No action,2026-05-05T10:18:54.829Z,1777976334817,v1
1,high_risk,premium_retention_offer,70,Send premium retention offer,2026-05-05T10:18:54.829Z,1777976334817,v1
0,low_risk,no_action,0,No action,2026-05-05T10:18:54.829Z,1777976334817,v1
0,low_risk,no_action,0,No action,2026-05-05T10:18:54.829Z,1777976334817,v1
0,low_risk,no_action,0,No action,2026-05-05T10:18:54.829Z,1777976334817,v1
0,low_risk,no_action,0,No action,2026-05-05T10:18:54.829Z,1777976334817,v1
0.01,low_risk,no_action,0,No action,2026-05-05T10:18:54.829Z,1777976334817,v1
0.97,high_risk,premium_retention_offer,66.4,Send premium retention offer,2026-05-05T10:18:54.829Z,1777976334817,v1
0.99,high_risk,premium_retention_offer,68.8,Send premium retention offer,2026-05-05T10:18:54.829Z,1777976334817,v1
0,low_risk,no_action,0,No action,2026-05-05T10:18:54.829Z,1777976334817,v1
0,low_risk,no_action,0,No action,2026-05-05T10:18:54.829Z,1777976334817,v1
0,low_risk,no_action,0,No action,2026-05-05T10:18:54.829Z,1777976334817,v1
0,low_risk,no_action,0,No action,2026-05-05T10:18:54.829Z,1777976334817,v1
0,low_risk,no_action,0,No action,2026-05-05T10:18:54.829Z,1777976334817,v1
0,low_risk,no_action,0,No action,2026-05-05T10:18:54.829Z,1777976334817,v1
0,low_risk,no_action,0,No action,2026-05-05T10:18:54.829Z,1777976334817,v1
0,low_risk,no_action,0,No action,2026-05-05T10:18:54.829Z,1777976334817,v1
1,high_risk,premium_retention_offer,70,Send premium retention offer,2026-05-05T10:18:54.829Z,1777976334817,v1
1,high_risk,premium_retention_offer,70,Send premium retention offer,2026-05-05T10:18:54.829Z,1777976334817,v1
0,low_risk,no_action,0,No action,2026-05-05T10:18:54.829Z,1777976334817,v1
0,low_risk,no_action,0,No action,2026-05-05T10:18:54.829Z,1777976334817,v1
1,high_risk,premium_retention_offer,70,Send premium retention offer,2026-05-05T10:18:54.829Z,1777976334817,v1
0,low_risk,no_action,0,No action,2026-05-05T10:18:54.829Z,1777976334817,v1
0,low_risk,no_action,0,No action,2026-05-05T10:18:54.829Z,1777976334817,v1
0,low_risk,no_action,0,No action,2026-05-05T10:18:54.829Z,1777976334817,v1
1,high_risk,premium_retention_offer,70,Send premium retention offer,2026-05-05T10:18:54.829Z,1777976334817,v1
0,low_risk,no_action,0,No action,2026-05-05T10:18:54.829Z,1777976334817,v1
0,low_risk,no_action,0,No action,2026-05-05T10:18:54.829Z,1777976334817,v1
0,low_risk,no_action,0,No action,2026-05-05T10:18:54.829Z,1777976334817,v1
0,low_risk,no_action,0,No action,2026-05-05T10:18:54.829Z,1777976334817,v1
0,low_risk,no_action,0,No action,2026-05-05T10:18:54.829Z,1777976334817,v1
0,low_risk,no_action,0,No action,2026-05-05T10:18:54.829Z,1777976334817,v1
0,low_risk,no_action,0,No action,2026-05-05T10:18:54.829Z,1777976334817,v1
0,low_risk,no_action,0,No action,2026-05-05T10:18:54.829Z,1777976334817,v1
0.01,low_risk,no_action,0,No action,2026-05-05T10:18:54.829Z,1777976334817,v1
0,low_risk,no_action,0,No action,2026-05-05T10:18:54.829Z,1777976334817,v1
1,high_risk,premium_retention_offer,70,Send premium retention offer,2026-05-05T10:18:54.829Z,1777976334817,v1
0.99,high_risk,premium_retention_offer,68.8,Send premium retention offer,2026-05-05T10:18:54.829Z,1777976334817,v1
0,low_risk,no_action,0,No action,2026-05-05T10:18:54.829Z,1777976334817,v1
0.01,low_risk,no_action,0,No action,2026-05-05T10:18:54.829Z,1777976334817,v1
0,low_risk,no_action,0,No action,2026-05-05T10:18:54.829Z,1777976334817,v1
0,low_risk,no_action,0,No action,2026-05-05T10:18:54.829Z,1777976334817,v1
1,high_risk,premium_retention_offer,70,Send premium retention offer,2026-05-05T10:18:54.829Z,1777976334817,v1
0,low_risk,no_action,0,No action,2026-05-05T10:18:54.829Z,1777976334817,v1
0,low_risk,no_action,0,No action,2026-05-05T10:18:54.829Z,1777976334817,v1
0,low_risk,no_action,0,No action,2026-05-05T10:18:54.829Z,1777976334817,v1
0,low_risk,no_action,0,No action,2026-05-05T10:18:54.829Z,1777976334817,v1
1,high_risk,premium_retention_offer,70,Send premium retention offer,2026-05-05T10:18:54.829Z,1777976334817,v1
1,high_risk,premium_retention_offer,70,Send premium retention offer,2026-05-05T10:18:54.829Z,1777976334817,v1
1,high_risk,premium_retention_offer,70,Send premium retention offer,2026-05-05T10:18:54.829Z,1777976334817,v1
1,high_risk,premium_retention_offer,70,Send premium retention offer,2026-05-05T10:18:54.829Z,1777976334817,v1
0,low_risk,no_action,0,No action,2026-05-05T10:18:54.829Z,1777976334817,v1
0.01,low_risk,no_action,0,No action,2026-05-05T10:18:54.829Z,1777976334817,v1
0,low_risk,no_action,0,No action,2026-05-05T10:18:54.829Z,1777976334817,v1
0,low_risk,no_action,0,No action,2026-05-05T10:18:54.829Z,1777976334817,v1
0,low_risk,no_action,0,No action,2026-05-05T10:18:54.829Z,1777976334817,v1
0,low_risk,no_action,0,No action,2026-05-05T10:18:54.829Z,1777976334817,v1
0,low_risk,no_action,0,No action,2026-05-05T10:18:54.829Z,1777976334817,v1
1,high_risk,premium_retention_offer,70,Send premium retention offer,2026-05-05T10:18:54.829Z,1777976334817,v1
1,high_risk,premium_retention_offer,70,Send premium retention offer,2026-05-05T10:18:54.829Z,1777976334817,v1
0,low_risk,no_action,0,No action,2026-05-05T10:18:54.829Z,1777976334817,v1
1,high_risk,premium_retention_offer,70,Send premium retention offer,2026-05-05T10:18:54.829Z,1777976334817,v1
0,low_risk,no_action,0,No action,2026-05-05T10:18:54.829Z,1777976334817,v1
0,low_risk,no_action,0,No action,2026-05-05T10:18:54.829Z,1777976334817,v1
1,high_risk,premium_retention_offer,70,Send premium retention offer,2026-05-05T10:18:54.829Z,1777976334817,v1
0,low_risk,no_action,0,No action,2026-05-05T10:18:54.829Z,1777976334817,v1
0,low_risk,no_action,0,No action,2026-05-05T10:18:54.829Z,1777976334817,v1
1,high_risk,premium_retention_offer,70,Send premium retention offer,2026-05-05T10:18:54.829Z,1777976334817,v1
0.01,low_risk,no_action,0,No action,2026-05-05T10:18:54.829Z,1777976334817,v1
0,low_risk,no_action,0,No action,2026-05-05T10:18:54.829Z,1777976334817,v1
1,high_risk,premium_retention_offer,70,Send premium retention offer,2026-05-05T10:18:54.829Z,1777976334817,v1
0,low_risk,no_action,0,No action,2026-05-05T10:18:54.829Z,1777976334817,v1
0,low_risk,no_action,0,No action,2026-05-05T10:18:54.829Z,1777976334817,v1
0,low_risk,no_action,0,No action,2026-05-05T10:18:54.829Z,1777976334817,v1
0.99,high_risk,premium_retention_offer,68.8,Send premium retention offer,2026-05-05T10:18:54.829Z,1777976334817,v1
0,low_risk,no_action,0,No action,2026-05-05T10:18:54.829Z,1777976334817,v1
0,low_risk,no_action,0,No action,2026-05-05T10:18:54.829Z,1777976334817,v1
0.04,low_risk,no_action,0,No action,2026-05-05T10:18:54.829Z,1777976334817,v1
0,low_risk,no_action,0,No action,2026-05-05T10:18:54.829Z,1777976334817,v1
1,high_risk,premium_retention_offer,70,Send premium retention offer,2026-05-05T10:18:54.829Z,1777976334817,v1
1,high_risk,premium_retention_offer,70,Send premium retention offer,2026-05-05T10:18:54.829Z,1777976334817,v1
0.98,high_risk,premium_retention_offer,67.6,Send premium retention offer,2026-05-05T10:18:54.829Z,1777976334817,v1
1,high_risk,premium_retention_offer,70,Send premium retention offer,2026-05-05T10:18:54.829Z,1777976334817,v1
0,low_risk,no_action,0,No action,2026-05-05T10:18:54.829Z,1777976334817,v1
0,low_risk,no_action,0,No action,2026-05-05T10:18:54.829Z,1777976334817,v1
0,low_risk,no_action,0,No action,2026-05-05T10:18:54.829Z,1777976334817,v1
0,low_risk,no_action,0,No action,2026-05-05T10:18:54.829Z,1777976334817,v1
0,low_risk,no_action,0,No action,2026-05-05T10:18:54.829Z,1777976334817,v1
0.01,low_risk,no_action,0,No action,2026-05-05T10:18:54.829Z,1777976334817,v1
0,low_risk,no_action,0,No action,2026-05-05T10:18:54.829Z,1777976334817,v1
0,low_risk,no_action,0,No action,2026-05-05T10:18:54.829Z,1777976334817,v1
0,low_risk,no_action,0,No action,2026-05-05T10:18:54.829Z,1777976334817,v1
0,low_risk,no_action,0,No action,2026-05-05T10:18:54.829Z,1777976334817,v1
0,low_risk,no_action,0,No action,2026-05-05T10:18:54.829Z,1777976334817,v1
0,low_risk,no_action,0,No action,2026-05-05T10:18:54.829Z,1777976334817,v1
0,low_risk,no_action,0,No action,2026-05-05T10:18:54.829Z,1777976334817,v1
0.99,high_risk,premium_retention_offer,68.8,Send premium retention offer,2026-05-05T10:18:54.829Z,1777976334817,v1
1,high_risk,premium_retention_offer,70,Send premium retention offer,2026-05-05T10:18:54.829Z,1777976334817,v1
0,low_risk,no_action,0,No action,2026-05-05T10:18:54.829Z,1777976334817,v1
0.99,high_risk,premium_retention_offer,68.8,Send premium retention offer,2026-05-05T10:18:54.829Z,1777976334817,v1
0,low_risk,no_action,0,No action,2026-05-05T10:18:54.829Z,1777976334817,v1
0.97,high_risk,premium_retention_offer,66.4,Send premium retention offer,2026-05-05T10:18:54.829Z,1777976334817,v1
0,low_risk,no_action,0,No action,2026-05-05T10:18:54.829Z,1777976334817,v1
0.97,high_risk,premium_retention_offer,66.4,Send premium retention offer,2026-05-05T10:18:54.829Z,1777976334817,v1
0,low_risk,no_action,0,No action,2026-05-05T10:18:54.829Z,1777976334817,v1
0,low_risk,no_action,0,No action,2026-05-05T10:18:54.829Z,1777976334817,v1
0,low_risk,no_action,0,No action,2026-05-05T10:18:54.829Z,1777976334817,v1
0,low_risk,no_action,0,No action,2026-05-05T10:18:54.829Z,1777976334817,v1
0,low_risk,no_action,0,No action,2026-05-05T10:18:54.829Z,1777976334817,v1
0.99,high_risk,premium_retention_offer,68.8,Send premium retention offer,2026-05-05T10:18:54.829Z,1777976334817,v1
0,low_risk,no_action,0,No action,2026-05-05T10:18:54.829Z,1777976334817,v1
0,low_risk,no_action,0,No action,2026-05-05T10:18:54.829Z,1777976334817,v1
0,low_risk,no_action,0,No action,2026-05-05T10:18:54.829Z,1777976334817,v1
0,low_risk,no_action,0,No action,2026-05-05T10:18:54.829Z,1777976334817,v1
0,low_risk,no_action,0,No action,2026-05-05T10:18:54.829Z,1777976334817,v1
0,low_risk,no_action,0,No action,2026-05-05T10:18:54.829Z,1777976334817,v1
0,low_risk,no_action,0,No action,2026-05-05T10:18:54.829Z,1777976334817,v1
0,low_risk,no_action,0,No action,2026-05-05T10:18:54.829Z,1777976334817,v1
0,low_risk,no_action,0,No action,2026-05-05T10:18:54.829Z,1777976334817,v1
0,low_risk,no_action,0,No action,2026-05-05T10:18:54.829Z,1777976334817,v1
0,low_risk,no_action,0,No action,2026-05-05T10:18:54.829Z,1777976334817,v1
0,low_risk,no_action,0,No action,2026-05-05T10:18:54.829Z,1777976334817,v1
0,low_risk,no_action,0,No action,2026-05-05T10:18:54.829Z,1777976334817,v1
0.99,high_risk,premium_retention_offer,68.8,Send premium retention offer,2026-05-05T10:18:54.829Z,1777976334817,v1
0,low_risk,no_action,0,No action,2026-05-05T10:18:54.829Z,1777976334817,v1
0,low_risk,no_action,0,No action,2026-05-05T10:18:54.829Z,1777976334817,v1
0.01,low_risk,no_action,0,No action,2026-05-05T10:18:54.829Z,1777976334817,v1
0,low_risk,no_action,0,No action,2026-05-05T10:18:54.829Z,1777976334817,v1
0,low_risk,no_action,0,No action,2026-05-05T10:18:54.829Z,1777976334817,v1
0,low_risk,no_action,0,No action,2026-05-05T10:18:54.829Z,1777976334817,v1
1,high_risk,premium_retention_offer,70,Send premium retention offer,2026-05-05T10:18:54.829Z,1777976334817,v1
0,low_risk,no_action,0,No action,2026-05-05T10:18:54.829Z,1777976334817,v1
0,low_risk,no_action,0,No action,2026-05-05T10:18:54.829Z,1777976334817,v1
0,low_risk,no_action,0,No action,2026-05-05T10:18:54.829Z,1777976334817,v1
0,low_risk,no_action,0,No action,2026-05-05T10:18:54.829Z,1777976334817,v1
1,high_risk,premium_retention_offer,70,Send premium retention offer,2026-05-05T10:18:54.829Z,1777976334817,v1
0,low_risk,no_action,0,No action,2026-05-05T10:18:54.829Z,1777976334817,v1
0,low_risk,no_action,0,No action,2026-05-05T10:18:54.829Z,1777976334817,v1
0,low_risk,no_action,0,No action,2026-05-05T10:18:54.829Z,1777976334817,v1
0,low_risk,no_action,0,No action,2026-05-05T10:18:54.829Z,1777976334817,v1
0,low_risk,no_action,0,No action,2026-05-05T10:18:54.829Z,1777976334817,v1
0,low_risk,no_action,0,No action,2026-05-05T10:18:54.829Z,1777976334817,v1
0,low_risk,no_action,0,No action,2026-05-05T10:18:54.829Z,1777976334817,v1
0.01,low_risk,no_action,0,No action,2026-05-05T10:18:54.829Z,1777976334817,v1
0,low_risk,no_action,0,No action,2026-05-05T10:18:54.829Z,1777976334817,v1
0,low_risk,no_action,0,No action,2026-05-05T10:18:54.829Z,1777976334817,v1
0,low_risk,no_action,0,No action,2026-05-05T10:18:54.829Z,1777976334817,v1
0,low_risk,no_action,0,No action,2026-05-05T10:18:54.829Z,1777976334817,v1
0,low_risk,no_action,0,No action,2026-05-05T10:18:54.829Z,1777976334817,v1
0,low_risk,no_action,0,No action,2026-05-05T10:18:54.829Z,1777976334817,v1
0.02,low_risk,no_action,0,No action,2026-05-05T10:18:54.829Z,1777976334817,v1
1,high_risk,premium_retention_offer,70,Send premium retention offer,2026-05-05T10:18:54.829Z,1777976334817,v1
0,low_risk,no_action,0,No action,2026-05-05T10:18:54.829Z,1777976334817,v1
1,high_risk,premium_retention_offer,70,Send premium retention offer,2026-05-05T10:18:54.829Z,1777976334817,v1
0,low_risk,no_action,0,No action,2026-05-05T10:18:54.829Z,1777976334817,v1
0,low_risk,no_action,0,No action,2026-05-05T10:18:54.829Z,1777976334817,v1
0,low_risk,no_action,0,No action,2026-05-05T10:18:54.829Z,1777976334817,v1
0,low_risk,no_action,0,No action,2026-05-05T10:18:54.829Z,1777976334817,v1
0.01,low_risk,no_action,0,No action,2026-05-05T10:18:54.829Z,1777976334817,v1
1,high_risk,premium_retention_offer,70,Send premium retention offer,2026-05-05T10:18:54.829Z,1777976334817,v1
0,low_risk,no_action,0,No action,2026-05-05T10:18:54.829Z,1777976334817,v1
0,low_risk,no_action,0,No action,2026-05-05T10:18:54.829Z,1777976334817,v1
0,low_risk,no_action,0,No action,2026-05-05T10:18:54.829Z,1777976334817,v1
1,high_risk,premium_retention_offer,70,Send premium retention offer,2026-05-05T10:18:54.829Z,1777976334817,v1
0,low_risk,no_action,0,No action,2026-05-05T10:18:54.829Z,1777976334817,v1
0,low_risk,no_action,0,No action,2026-05-05T10:18:54.829Z,1777976334817,v1
0.98,high_risk,premium_retention_offer,67.6,Send premium retention offer,2026-05-05T10:18:54.829Z,1777976334817,v1
0,low_risk,no_action,0,No action,2026-05-05T10:18:54.829Z,1777976334817,v1
0,low_risk,no_action,0,No action,2026-05-05T10:18:54.829Z,1777976334817,v1
0,low_risk,no_action,0,No action,2026-05-05T10:18:54.829Z,1777976334817,v1
0,low_risk,no_action,0,No action,2026-05-05T10:18:54.829Z,1777976334817,v1
0,low_risk,no_action,0,No action,2026-05-05T10:18:54.829Z,1777976334817,v1
0,low_risk,no_action,0,No action,2026-05-05T10:18:54.829Z,1777976334817,v1
0,low_risk,no_action,0,No action,2026-05-05T10:18:54.829Z,1777976334817,v1
0,low_risk,no_action,0,No action,2026-05-05T10:18:54.829Z,1777976334817,v1
0,low_risk,no_action,0,No action,2026-05-05T10:18:54.829Z,1777976334817,v1
0.06,low_risk,no_action,0,No action,2026-05-05T10:18:54.829Z,1777976334817,v1
0,low_risk,no_action,0,No action,2026-05-05T10:18:54.829Z,1777976334817,v1
0,low_risk,no_action,0,No action,2026-05-05T10:18:54.829Z,1777976334817,v1
0,low_risk,no_action,0,No action,2026-05-05T10:18:54.829Z,1777976334817,v1
0,low_risk,no_action,0,No action,2026-05-05T10:18:54.829Z,1777976334817,v1
0,low_risk,no_action,0,No action,2026-05-05T10:18:54.829Z,1777976334817,v1
0.99,high_risk,premium_retention_offer,68.8,Send premium retention offer,2026-05-05T10:18:54.829Z,1777976334817,v1
0,low_risk,no_action,0,No action,2026-05-05T10:18:54.829Z,1777976334817,v1
0,low_risk,no_action,0,No action,2026-05-05T10:18:54.829Z,1777976334817,v1
0,low_risk,no_action,0,No action,2026-05-05T10:18:54.829Z,1777976334817,v1
0,low_risk,no_action,0,No action,2026-05-05T10:18:54.829Z,1777976334817,v1
0.99,high_risk,premium_retention_offer,68.8,Send premium retention offer,2026-05-05T10:18:54.829Z,1777976334817,v1
0,low_risk,no_action,0,No action,2026-05-05T10:18:54.829Z,1777976334817,v1
0,low_risk,no_action,0,No action,2026-05-05T10:18:54.829Z,1777976334817,v1
0,low_risk,no_action,0,No action,2026-05-05T10:18:54.829Z,1777976334817,v1
0,low_risk,no_action,0,No action,2026-05-05T10:18:54.829Z,1777976334817,v1
1,high_risk,premium_retention_offer,70,Send premium retention offer,2026-05-05T10:18:54.829Z,1777976334817,v1
0,low_risk,no_action,0,No action,2026-05-05T10:18:54.829Z,1777976334817,v1
0,low_risk,no_action,0,No action,2026-05-05T10:18:54.829Z,1777976334817,v1
1,high_risk,premium_retention_offer,70,Send premium retention offer,2026-05-05T10:18:54.829Z,1777976334817,v1
0,low_risk,no_action,0,No action,2026-05-05T10:18:54.829Z,1777976334817,v1
0,low_risk,no_action,0,No action,2026-05-05T10:18:54.829Z,1777976334817,v1
0,low_risk,no_action,0,No action,2026-05-05T10:18:54.829Z,1777976334817,v1
0.01,low_risk,no_action,0,No action,2026-05-05T10:18:54.829Z,1777976334817,v1
0,low_risk,no_action,0,No action,2026-05-05T10:18:54.829Z,1777976334817,v1
0,low_risk,no_action,0,No action,2026-05-05T10:18:54.829Z,1777976334817,v1
1,high_risk,premium_retention_offer,70,Send premium retention offer,2026-05-05T10:18:54.829Z,1777976334817,v1
0,low_risk,no_action,0,No action,2026-05-05T10:18:54.829Z,1777976334817,v1
0,low_risk,no_action,0,No action,2026-05-05T10:18:54.829Z,1777976334817,v1
1,high_risk,premium_retention_offer,70,Send premium retention offer,2026-05-05T10:18:54.829Z,1777976334817,v1
0,low_risk,no_action,0,No action,2026-05-05T10:18:54.829Z,1777976334817,v1
0,low_risk,no_action,0,No action,2026-05-05T10:18:54.829Z,1777976334817,v1
0,low_risk,no_action,0,No action,2026-05-05T10:18:54.829Z,1777976334817,v1
0,low_risk,no_action,0,No action,2026-05-05T10:18:54.829Z,1777976334817,v1
0,low_risk,no_action,0,No action,2026-05-05T10:18:54.829Z,1777976334817,v1
0.01,low_risk,no_action,0,No action,2026-05-05T10:18:54.829Z,1777976334817,v1
0,low_risk,no_action,0,No action,2026-05-05T10:18:54.829Z,1777976334817,v1
0,low_risk,no_action,0,No action,2026-05-05T10:18:54.829Z,1777976334817,v1
0,low_risk,no_action,0,No action,2026-05-05T10:18:54.829Z,1777976334817,v1
0,low_risk,no_action,0,No action,2026-05-05T10:18:54.829Z,1777976334817,v1
0,low_risk,no_action,0,No action,2026-05-05T10:18:54.829Z,1777976334817,v1
0,low_risk,no_action,0,No action,2026-05-05T10:18:54.829Z,1777976334817,v1
1,high_risk,premium_retention_offer,70,Send premium retention offer,2026-05-05T10:18:54.829Z,1777976334817,v1
0,low_risk,no_action,0,No action,2026-05-05T10:18:54.829Z,1777976334817,v1
0,low_risk,no_action,0,No action,2026-05-05T10:18:54.829Z,1777976334817,v1
0.99,high_risk,premium_retention_offer,68.8,Send premium retention offer,2026-05-05T10:18:54.829Z,1777976334817,v1
0,low_risk,no_action,0,No action,2026-05-05T10:18:54.829Z,1777976334817,v1
0,low_risk,no_action,0,No action,2026-05-05T10:18:54.829Z,1777976334817,v1
0,low_risk,no_action,0,No action,2026-05-05T10:18:54.829Z,1777976334817,v1
1,high_risk,premium_retention_offer,70,Send premium retention offer,2026-05-05T10:18:54.829Z,1777976334817,v1
0,low_risk,no_action,0,No action,2026-05-05T10:18:54.829Z,1777976334817,v1
0,low_risk,no_action,0,No action,2026-05-05T10:18:54.829Z,1777976334817,v1
0,low_risk,no_action,0,No action,2026-05-05T10:18:54.829Z,1777976334817,v1
0,low_risk,no_action,0,No action,2026-05-05T10:18:54.829Z,1777976334817,v1
0.99,high_risk,premium_retention_offer,68.8,Send premium retention offer,2026-05-05T10:18:54.829Z,1777976334817,v1
0,low_risk,no_action,0,No action,2026-05-05T10:18:54.829Z,1777976334817,v1
0,low_risk,no_action,0,No action,2026-05-05T10:18:54.829Z,1777976334817,v1
0,low_risk,no_action,0,No action,2026-05-05T10:18:54.829Z,1777976334817,v1
0,low_risk,no_action,0,No action,2026-05-05T10:18:54.829Z,1777976334817,v1
0.01,low_risk,no_action,0,No action,2026-05-05T10:18:54.829Z,1777976334817,v1
0,low_risk,no_action,0,No action,2026-05-05T10:18:54.829Z,1777976334817,v1
0.01,low_risk,no_action,0,No action,2026-05-05T10:18:54.829Z,1777976334817,v1
0,low_risk,no_action,0,No action,2026-05-05T10:18:54.829Z,1777976334817,v1
0,low_risk,no_action,0,No action,2026-05-05T10:18:54.829Z,1777976334817,v1
0,low_risk,no_action,0,No action,2026-05-05T10:18:54.829Z,1777976334817,v1
0,low_risk,no_action,0,No action,2026-05-05T10:18:54.829Z,1777976334817,v1
0,low_risk,no_action,0,No action,2026-05-05T10:18:54.829Z,1777976334817,v1
0.01,low_risk,no_action,0,No action,2026-05-05T10:18:54.829Z,1777976334817,v1
0,low_risk,no_action,0,No action,2026-05-05T10:18:54.829Z,1777976334817,v1
0,low_risk,no_action,0,No action,2026-05-05T10:18:54.829Z,1777976334817,v1
1,high_risk,premium_retention_offer,70,Send premium retention offer,2026-05-05T10:18:54.829Z,1777976334817,v1
0,low_risk,no_action,0,No action,2026-05-05T10:18:54.829Z,1777976334817,v1
0,low_risk,no_action,0,No action,2026-05-05T10:18:54.829Z,1777976334817,v1
0,low_risk,no_action,0,No action,2026-05-05T10:18:54.829Z,1777976334817,v1
0,low_risk,no_action,0,No action,2026-05-05T10:18:54.829Z,1777976334817,v1
1,high_risk,premium_retention_offer,70,Send premium retention offer,2026-05-05T10:18:54.829Z,1777976334817,v1
0,low_risk,no_action,0,No action,2026-05-05T10:18:54.829Z,1777976334817,v1
1,high_risk,premium_retention_offer,70,Send premium retention offer,2026-05-05T10:18:54.829Z,1777976334817,v1
0,low_risk,no_action,0,No action,2026-05-05T10:18:54.829Z,1777976334817,v1
0,low_risk,no_action,0,No action,2026-05-05T10:18:54.829Z,1777976334817,v1
0.01,low_risk,no_action,0,No action,2026-05-05T10:18:54.829Z,1777976334817,v1
0,low_risk,no_action,0,No action,2026-05-05T10:18:54.829Z,1777976334817,v1
0.99,high_risk,premium_retention_offer,68.8,Send premium retention offer,2026-05-05T10:18:54.829Z,1777976334817,v1
0.02,low_risk,no_action,0,No action,2026-05-05T10:18:54.829Z,1777976334817,v1
0,low_risk,no_action,0,No action,2026-05-05T10:18:54.829Z,1777976334817,v1
0,low_risk,no_action,0,No action,2026-05-05T10:18:54.829Z,1777976334817,v1
0,low_risk,no_action,0,No action,2026-05-05T10:18:54.829Z,1777976334817,v1
0,low_risk,no_action,0,No action,2026-05-05T10:18:54.829Z,1777976334817,v1
0,low_risk,no_action,0,No action,2026-05-05T10:18:54.829Z,1777976334817,v1
0,low_risk,no_action,0,No action,2026-05-05T10:18:54.829Z,1777976334817,v1
0,low_risk,no_action,0,No action,2026-05-05T10:18:54.829Z,1777976334817,v1
0,low_risk,no_action,0,No action,2026-05-05T10:18:54.829Z,1777976334817,v1
0,low_risk,no_action,0,No action,2026-05-05T10:18:54.829Z,1777976334817,v1
1,high_risk,premium_retention_offer,70,Send premium retention offer,2026-05-05T10:18:54.829Z,1777976334817,v1
1,high_risk,premium_retention_offer,70,Send premium retention offer,2026-05-05T10:18:54.829Z,1777976334817,v1
0,low_risk,no_action,0,No action,2026-05-05T10:18:54.829Z,1777976334817,v1
1,high_risk,premium_retention_offer,70,Send premium retention offer,2026-05-05T10:18:54.829Z,1777976334817,v1
0,low_risk,no_action,0,No action,2026-05-05T10:18:54.829Z,1777976334817,v1
0,low_risk,no_action,0,No action,2026-05-05T10:18:54.829Z,1777976334817,v1
0,low_risk,no_action,0,No action,2026-05-05T10:18:54.829Z,1777976334817,v1
0,low_risk,no_action,0,No action,2026-05-05T10:18:54.829Z,1777976334817,v1
0,low_risk,no_action,0,No action,2026-05-05T10:18:54.829Z,1777976334817,v1
0,low_risk,no_action,0,No action,2026-05-05T10:18:54.829Z,1777976334817,v1
0,low_risk,no_action,0,No action,2026-05-05T10:18:54.829Z,1777976334817,v1
0,low_risk,no_action,0,No action,2026-05-05T10:18:54.829Z,1777976334817,v1
0.99,high_risk,premium_retention_offer,68.8,Send premium retention offer,2026-05-05T10:18:54.829Z,1777976334817,v1
1,high_risk,premium_retention_offer,70,Send premium retention offer,2026-05-05T10:18:54.829Z,1777976334817,v1
0,low_risk,no_action,0,No action,2026-05-05T10:18:54.829Z,1777976334817,v1
0,low_risk,no_action,0,No action,2026-05-05T10:18:54.829Z,1777976334817,v1
0,low_risk,no_action,0,No action,2026-05-05T10:18:54.829Z,1777976334817,v1
0,low_risk,no_action,0,No action,2026-05-05T10:18:54.829Z,1777976334817,v1
1,high_risk,premium_retention_offer,70,Send premium retention offer,2026-05-05T10:18:54.829Z,1777976334817,v1
0,low_risk,no_action,0,No action,2026-05-05T10:18:54.829Z,1777976334817,v1
0,low_risk,no_action,0,No action,2026-05-05T10:18:54.829Z,1777976334817,v1
0,low_risk,no_action,0,No action,2026-05-05T10:18:54.829Z,1777976334817,v1
0,low_risk,no_action,0,No action,2026-05-05T10:18:54.829Z,1777976334817,v1
0,low_risk,no_action,0,No action,2026-05-05T10:18:54.829Z,1777976334817,v1
0,low_risk,no_action,0,No action,2026-05-05T10:18:54.829Z,1777976334817,v1
0,low_risk,no_action,0,No action,2026-05-05T10:18:54.829Z,1777976334817,v1
0,low_risk,no_action,0,No action,2026-05-05T10:18:54.829Z,1777976334817,v1
0,low_risk,no_action,0,No action,2026-05-05T10:18:54.829Z,1777976334817,v1
0,low_risk,no_action,0,No action,2026-05-05T10:18:54.829Z,1777976334817,v1
0,low_risk,no_action,0,No action,2026-05-05T10:18:54.829Z,1777976334817,v1
0,low_risk,no_action,0,No action,2026-05-05T10:18:54.829Z,1777976334817,v1
1,high_risk,premium_retention_offer,70,Send premium retention offer,2026-05-05T10:18:54.829Z,1777976334817,v1
0,low_risk,no_action,0,No action,2026-05-05T10:18:54.829Z,1777976334817,v1
0,low_risk,no_action,0,No action,2026-05-05T10:18:54.829Z,1777976334817,v1
0,low_risk,no_action,0,No action,2026-05-05T10:18:54.829Z,1777976334817,v1
1,high_risk,premium_retention_offer,70,Send premium retention offer,2026-05-05T10:18:54.829Z,1777976334817,v1
0,low_risk,no_action,0,No action,2026-05-05T10:18:54.829Z,1777976334817,v1
0.01,low_risk,no_action,0,No action,2026-05-05T10:18:54.829Z,1777976334817,v1
0.99,high_risk,premium_retention_offer,68.8,Send premium retention offer,2026-05-05T10:18:54.829Z,1777976334817,v1
0,low_risk,no_action,0,No action,2026-05-05T10:18:54.829Z,1777976334817,v1
0,low_risk,no_action,0,No action,2026-05-05T10:18:54.829Z,1777976334817,v1
1,high_risk,premium_retention_offer,70,Send premium retention offer,2026-05-05T10:18:54.829Z,1777976334817,v1
0,low_risk,no_action,0,No action,2026-05-05T10:18:54.829Z,1777976334817,v1
0.02,low_risk,no_action,0,No action,2026-05-05T10:18:54.829Z,1777976334817,v1
0,low_risk,no_action,0,No action,2026-05-05T10:18:54.829Z,1777976334817,v1
0,low_risk,no_action,0,No action,2026-05-05T10:18:54.829Z,1777976334817,v1
0,low_risk,no_action,0,No action,2026-05-05T10:18:54.829Z,1777976334817,v1
0,low_risk,no_action,0,No action,2026-05-05T10:18:54.829Z,1777976334817,v1
1,high_risk,premium_retention_offer,70,Send premium retention offer,2026-05-05T10:18:54.829Z,1777976334817,v1
0.08,low_risk,no_action,0,No action,2026-05-05T10:18:54.829Z,1777976334817,v1
0,low_risk,no_action,0,No action,2026-05-05T10:18:54.829Z,1777976334817,v1
0.03,low_risk,no_action,0,No action,2026-05-05T10:18:54.829Z,1777976334817,v1
0,low_risk,no_action,0,No action,2026-05-05T10:18:54.829Z,1777976334817,v1
0.01,low_risk,no_action,0,No action,2026-05-05T10:18:54.829Z,1777976334817,v1
0,low_risk,no_action,0,No action,2026-05-05T10:18:54.829Z,1777976334817,v1
0.01,low_risk,no_action,0,No action,2026-05-05T10:18:54.829Z,1777976334817,v1
0,low_risk,no_action,0,No action,2026-05-05T10:18:54.829Z,1777976334817,v1
0.01,low_risk,no_action,0,No action,2026-05-05T10:18:54.829Z,1777976334817,v1
0,low_risk,no_action,0,No action,2026-05-05T10:18:54.829Z,1777976334817,v1
0.99,high_risk,premium_retention_offer,68.8,Send premium retention offer,2026-05-05T10:18:54.829Z,1777976334817,v1
0.01,low_risk,no_action,0,No action,2026-05-05T10:18:54.829Z,1777976334817,v1
0.01,low_risk,no_action,0,No action,2026-05-05T10:18:54.829Z,1777976334817,v1
0,low_risk,no_action,0,No action,2026-05-05T10:18:54.829Z,1777976334817,v1
0,low_risk,no_action,0,No action,2026-05-05T10:18:54.829Z,1777976334817,v1
0,low_risk,no_action,0,No action,2026-05-05T10:18:54.829Z,1777976334817,v1
0,low_risk,no_action,0,No action,2026-05-05T10:18:54.829Z,1777976334817,v1
0.01,low_risk,no_action,0,No action,2026-05-05T10:18:54.829Z,1777976334817,v1
0,low_risk,no_action,0,No action,2026-05-05T10:18:54.829Z,1777976334817,v1
0,low_risk,no_action,0,No action,2026-05-05T10:18:54.829Z,1777976334817,v1
0,low_risk,no_action,0,No action,2026-05-05T10:18:54.829Z,1777976334817,v1
0,low_risk,no_action,0,No action,2026-05-05T10:18:54.829Z,1777976334817,v1
0,low_risk,no_action,0,No action,2026-05-05T10:18:54.829Z,1777976334817,v1
0,low_risk,no_action,0,No action,2026-05-05T10:18:54.829Z,1777976334817,v1
0.01,low_risk,no_action,0,No action,2026-05-05T10:18:54.829Z,1777976334817,v1
0.99,high_risk,premium_retention_offer,68.8,Send premium retention offer,2026-05-05T10:18:54.829Z,1777976334817,v1
0,low_risk,no_action,0,No action,2026-05-05T10:18:54.829Z,1777976334817,v1
0,low_risk,no_action,0,No action,2026-05-05T10:18:54.829Z,1777976334817,v1
0,low_risk,no_action,0,No action,2026-05-05T10:18:54.829Z,1777976334817,v1
0,low_risk,no_action,0,No action,2026-05-05T10:18:54.829Z,1777976334817,v1
0,low_risk,no_action,0,No action,2026-05-05T10:18:54.829Z,1777976334817,v1
0,low_risk,no_action,0,No action,2026-05-05T10:18:54.829Z,1777976334817,v1
0,low_risk,no_action,0,No action,2026-05-05T10:18:54.829Z,1777976334817,v1
0.99,high_risk,premium_retention_offer,68.8,Send premium retention offer,2026-05-05T10:18:54.829Z,1777976334817,v1
0.01,low_risk,no_action,0,No action,2026-05-05T10:18:54.829Z,1777976334817,v1
0.01,low_risk,no_action,0,No action,2026-05-05T10:18:54.829Z,1777976334817,v1
0.99,high_risk,premium_retention_offer,68.8,Send premium retention offer,2026-05-05T10:18:54.829Z,1777976334817,v1
0,low_risk,no_action,0,No action,2026-05-05T10:18:54.829Z,1777976334817,v1
1,high_risk,premium_retention_offer,70,Send premium retention offer,2026-05-05T10:18:54.829Z,1777976334817,v1
0.99,high_risk,premium_retention_offer,68.8,Send premium retention offer,2026-05-05T10:18:54.829Z,1777976334817,v1
0,low_risk,no_action,0,No action,2026-05-05T10:18:54.829Z,1777976334817,v1
0,low_risk,no_action,0,No action,2026-05-05T10:18:54.829Z,1777976334817,v1
0,low_risk,no_action,0,No action,2026-05-05T10:18:54.829Z,1777976334817,v1
0,low_risk,no_action,0,No action,2026-05-05T10:18:54.829Z,1777976334817,v1
0,low_risk,no_action,0,No action,2026-05-05T10:18:54.829Z,1777976334817,v1
0.01,low_risk,no_action,0,No action,2026-05-05T10:18:54.829Z,1777976334817,v1
0.01,low_risk,no_action,0,No action,2026-05-05T10:18:54.829Z,1777976334817,v1
0,low_risk,no_action,0,No action,2026-05-05T10:18:54.829Z,1777976334817,v1
0.99,high_risk,premium_retention_offer,68.8,Send premium retention offer,2026-05-05T10:18:54.829Z,1777976334817,v1
0,low_risk,no_action,0,No action,2026-05-05T10:18:54.829Z,1777976334817,v1
0,low_risk,no_action,0,No action,2026-05-05T10:18:54.829Z,1777976334817,v1
0.99,high_risk,premium_retention_offer,68.8,Send premium retention offer,2026-05-05T10:18:54.829Z,1777976334817,v1
1,high_risk,premium_retention_offer,70,Send premium retention offer,2026-05-05T10:18:54.829Z,1777976334817,v1
0,low_risk,no_action,0,No action,2026-05-05T10:18:54.829Z,1777976334817,v1
0,low_risk,no_action,0,No action,2026-05-05T10:18:54.829Z,1777976334817,v1
0,low_risk,no_action,0,No action,2026-05-05T10:18:54.829Z,1777976334817,v1
0,low_risk,no_action,0,No action,2026-05-05T10:18:54.829Z,1777976334817,v1
1,high_risk,premium_retention_offer,70,Send premium retention offer,2026-05-05T10:18:54.829Z,1777976334817,v1
0,low_risk,no_action,0,No action,2026-05-05T10:18:54.829Z,1777976334817,v1
1,high_risk,premium_retention_offer,70,Send premium retention offer,2026-05-05T10:18:54.829Z,1777976334817,v1
0,low_risk,no_action,0,No action,2026-05-05T10:18:54.829Z,1777976334817,v1
1,high_risk,premium_retention_offer,70,Send premium retention offer,2026-05-05T10:18:54.829Z,1777976334817,v1
0,low_risk,no_action,0,No action,2026-05-05T10:18:54.829Z,1777976334817,v1
0,low_risk,no_action,0,No action,2026-05-05T10:18:54.829Z,1777976334817,v1
0,low_risk,no_action,0,No action,2026-05-05T10:18:54.829Z,1777976334817,v1
0,low_risk,no_action,0,No action,2026-05-05T10:18:54.829Z,1777976334817,v1
0,low_risk,no_action,0,No action,2026-05-05T10:18:54.829Z,1777976334817,v1
0,low_risk,no_action,0,No action,2026-05-05T10:18:54.829Z,1777976334817,v1
0.01,low_risk,no_action,0,No action,2026-05-05T10:18:54.829Z,1777976334817,v1
0,low_risk,no_action,0,No action,2026-05-05T10:18:54.829Z,1777976334817,v1
0,low_risk,no_action,0,No action,2026-05-05T10:18:54.829Z,1777976334817,v1
0,low_risk,no_action,0,No action,2026-05-05T10:18:54.829Z,1777976334817,v1
0,low_risk,no_action,0,No action,2026-05-05T10:18:54.829Z,1777976334817,v1
1,high_risk,premium_retention_offer,70,Send premium retention offer,2026-05-05T10:18:54.829Z,1777976334817,v1
0,low_risk,no_action,0,No action,2026-05-05T10:18:54.829Z,1777976334817,v1
0,low_risk,no_action,0,No action,2026-05-05T10:18:54.829Z,1777976334817,v1
1,high_risk,premium_retention_offer,70,Send premium retention offer,2026-05-05T10:18:54.829Z,1777976334817,v1
0.01,low_risk,no_action,0,No action,2026-05-05T10:18:54.829Z,1777976334817,v1
0.99,high_risk,premium_retention_offer,68.8,Send premium retention offer,2026-05-05T10:18:54.829Z,1777976334817,v1
0.99,high_risk,premium_retention_offer,68.8,Send premium retention offer,2026-05-05T10:18:54.829Z,1777976334817,v1
0,low_risk,no_action,0,No action,2026-05-05T10:18:54.829Z,1777976334817,v1
0,low_risk,no_action,0,No action,2026-05-05T10:18:54.829Z,1777976334817,v1
0,low_risk,no_action,0,No action,2026-05-05T10:18:54.829Z,1777976334817,v1
0,low_risk,no_action,0,No action,2026-05-05T10:18:54.829Z,1777976334817,v1
0,low_risk,no_action,0,No action,2026-05-05T10:18:54.829Z,1777976334817,v1
0,low_risk,no_action,0,No action,2026-05-05T10:18:54.829Z,1777976334817,v1
0,low_risk,no_action,0,No action,2026-05-05T10:18:54.829Z,1777976334817,v1
0,low_risk,no_action,0,No action,2026-05-05T10:18:54.829Z,1777976334817,v1
0,low_risk,no_action,0,No action,2026-05-05T10:18:54.829Z,1777976334817,v1
0,low_risk,no_action,0,No action,2026-05-05T10:18:54.829Z,1777976334817,v1
0,low_risk,no_action,0,No action,2026-05-05T10:18:54.829Z,1777976334817,v1
0,low_risk,no_action,0,No action,2026-05-05T10:18:54.829Z,1777976334817,v1
0,low_risk,no_action,0,No action,2026-05-05T10:18:54.829Z,1777976334817,v1
0.99,high_risk,premium_retention_offer,68.8,Send premium retention offer,2026-05-05T10:18:54.829Z,1777976334817,v1
1,high_risk,premium_retention_offer,70,Send premium retention offer,2026-05-05T10:18:54.829Z,1777976334817,v1
0,low_risk,no_action,0,No action,2026-05-05T10:18:54.829Z,1777976334817,v1
0,low_risk,no_action,0,No action,2026-05-05T10:18:54.829Z,1777976334817,v1
1,high_risk,premium_retention_offer,70,Send premium retention offer,2026-05-05T10:18:54.829Z,1777976334817,v1
0,low_risk,no_action,0,No action,2026-05-05T10:18:54.829Z,1777976334817,v1
0,low_risk,no_action,0,No action,2026-05-05T10:18:54.829Z,1777976334817,v1
0,low_risk,no_action,0,No action,2026-05-05T10:18:54.829Z,1777976334817,v1
0,low_risk,no_action,0,No action,2026-05-05T10:18:54.829Z,1777976334817,v1
0,low_risk,no_action,0,No action,2026-05-05T10:18:54.829Z,1777976334817,v1
0,low_risk,no_action,0,No action,2026-05-05T10:18:54.829Z,1777976334817,v1
0,low_risk,no_action,0,No action,2026-05-05T10:18:54.829Z,1777976334817,v1
1,high_risk,premium_retention_offer,70,Send premium retention offer,2026-05-05T10:18:54.829Z,1777976334817,v1
0,low_risk,no_action,0,No action,2026-05-05T10:18:54.829Z,1777976334817,v1
0,low_risk,no_action,0,No action,2026-05-05T10:18:54.829Z,1777976334817,v1
0.01,low_risk,no_action,0,No action,2026-05-05T10:18:54.829Z,1777976334817,v1
0,low_risk,no_action,0,No action,2026-05-05T10:18:54.829Z,1777976334817,v1
0,low_risk,no_action,0,No action,2026-05-05T10:18:54.829Z,1777976334817,v1
0,low_risk,no_action,0,No action,2026-05-05T10:18:54.829Z,1777976334817,v1
0,low_risk,no_action,0,No action,2026-05-05T10:18:54.829Z,1777976334817,v1
0,low_risk,no_action,0,No action,2026-05-05T10:18:54.829Z,1777976334817,v1
0.99,high_risk,premium_retention_offer,68.8,Send premium retention offer,2026-05-05T10:18:54.829Z,1777976334817,v1
0,low_risk,no_action,0,No action,2026-05-05T10:18:54.829Z,1777976334817,v1
0,low_risk,no_action,0,No action,2026-05-05T10:18:54.829Z,1777976334817,v1
0,low_risk,no_action,0,No action,2026-05-05T10:18:54.829Z,1777976334817,v1
0,low_risk,no_action,0,No action,2026-05-05T10:18:54.829Z,1777976334817,v1
0,low_risk,no_action,0,No action,2026-05-05T10:18:54.829Z,1777976334817,v1
1,high_risk,premium_retention_offer,70,Send premium retention offer,2026-05-05T10:18:54.829Z,1777976334817,v1
0,low_risk,no_action,0,No action,2026-05-05T10:18:54.829Z,1777976334817,v1
0.01,low_risk,no_action,0,No action,2026-05-05T10:18:54.829Z,1777976334817,v1
0,low_risk,no_action,0,No action,2026-05-05T10:18:54.829Z,1777976334817,v1
1,high_risk,premium_retention_offer,70,Send premium retention offer,2026-05-05T10:18:54.829Z,1777976334817,v1
0,low_risk,no_action,0,No action,2026-05-05T10:18:54.829Z,1777976334817,v1
0.99,high_risk,premium_retention_offer,68.8,Send premium retention offer,2026-05-05T10:18:54.829Z,1777976334817,v1
0,low_risk,no_action,0,No action,2026-05-05T10:18:54.829Z,1777976334817,v1
0,low_risk,no_action,0,No action,2026-05-05T10:18:54.829Z,1777976334817,v1
0,low_risk,no_action,0,No action,2026-05-05T10:18:54.829Z,1777976334817,v1
0,low_risk,no_action,0,No action,2026-05-05T10:18:54.829Z,1777976334817,v1
0.01,low_risk,no_action,0,No action,2026-05-05T10:18:54.829Z,1777976334817,v1
0,low_risk,no_action,0,No action,2026-05-05T10:18:54.829Z,1777976334817,v1
0,low_risk,no_action,0,No action,2026-05-05T10:18:54.829Z,1777976334817,v1
0,low_risk,no_action,0,No action,2026-05-05T10:18:54.829Z,1777976334817,v1
0.99,high_risk,premium_retention_offer,68.8,Send premium retention offer,2026-05-05T10:18:54.829Z,1777976334817,v1
0,low_risk,no_action,0,No action,2026-05-05T10:18:54.829Z,1777976334817,v1
0,low_risk,no_action,0,No action,2026-05-05T10:18:54.829Z,1777976334817,v1
0,low_risk,no_action,0,No action,2026-05-05T10:18:54.829Z,1777976334817,v1
0.01,low_risk,no_action,0,No action,2026-05-05T10:18:54.829Z,1777976334817,v1
0,low_risk,no_action,0,No action,2026-05-05T10:18:54.829Z,1777976334817,v1
0,low_risk,no_action,0,No action,2026-05-05T10:18:54.829Z,1777976334817,v1
0,low_risk,no_action,0,No action,2026-05-05T10:18:54.829Z,1777976334817,v1
1,high_risk,premium_retention_offer,70,Send premium retention offer,2026-05-05T10:18:54.829Z,1777976334817,v1
0,low_risk,no_action,0,No action,2026-05-05T10:18:54.829Z,1777976334817,v1
0,low_risk,no_action,0,No action,2026-05-05T10:18:54.829Z,1777976334817,v1
0,low_risk,no_action,0,No action,2026-05-05T10:18:54.829Z,1777976334817,v1
0,low_risk,no_action,0,No action,2026-05-05T10:18:54.829Z,1777976334817,v1
0,low_risk,no_action,0,No action,2026-05-05T10:18:54.829Z,1777976334817,v1
0,low_risk,no_action,0,No action,2026-05-05T10:18:54.830Z,1777976334817,v1
0,low_risk,no_action,0,No action,2026-05-05T10:18:54.830Z,1777976334817,v1
1,high_risk,premium_retention_offer,70,Send premium retention offer,2026-05-05T10:18:54.830Z,1777976334817,v1
0,low_risk,no_action,0,No action,2026-05-05T10:18:54.830Z,1777976334817,v1
0,low_risk,no_action,0,No action,2026-05-05T10:18:54.830Z,1777976334817,v1
0,low_risk,no_action,0,No action,2026-05-05T10:18:54.830Z,1777976334817,v1
0,low_risk,no_action,0,No action,2026-05-05T10:18:54.830Z,1777976334817,v1
0,low_risk,no_action,0,No action,2026-05-05T10:18:54.830Z,1777976334817,v1
0.01,low_risk,no_action,0,No action,2026-05-05T10:18:54.830Z,1777976334817,v1
0,low_risk,no_action,0,No action,2026-05-05T10:18:54.830Z,1777976334817,v1
0,low_risk,no_action,0,No action,2026-05-05T10:18:54.830Z,1777976334817,v1
0,low_risk,no_action,0,No action,2026-05-05T10:18:54.830Z,1777976334817,v1
0.01,low_risk,no_action,0,No action,2026-05-05T10:18:54.830Z,1777976334817,v1
0,low_risk,no_action,0,No action,2026-05-05T10:18:54.830Z,1777976334817,v1
0.02,low_risk,no_action,0,No action,2026-05-05T10:18:54.830Z,1777976334817,v1
0,low_risk,no_action,0,No action,2026-05-05T10:18:54.830Z,1777976334817,v1
0,low_risk,no_action,0,No action,2026-05-05T10:18:54.830Z,1777976334817,v1
0,low_risk,no_action,0,No action,2026-05-05T10:18:54.830Z,1777976334817,v1
0,low_risk,no_action,0,No action,2026-05-05T10:18:54.830Z,1777976334817,v1
0,low_risk,no_action,0,No action,2026-05-05T10:18:54.830Z,1777976334817,v1
0.99,high_risk,premium_retention_offer,68.8,Send premium retention offer,2026-05-05T10:18:54.830Z,1777976334817,v1
0,low_risk,no_action,0,No action,2026-05-05T10:18:54.830Z,1777976334817,v1
0,low_risk,no_action,0,No action,2026-05-05T10:18:54.830Z,1777976334817,v1
0.99,high_risk,premium_retention_offer,68.8,Send premium retention offer,2026-05-05T10:18:54.830Z,1777976334817,v1
0,low_risk,no_action,0,No action,2026-05-05T10:18:54.830Z,1777976334817,v1
0,low_risk,no_action,0,No action,2026-05-05T10:18:54.830Z,1777976334817,v1
0,low_risk,no_action,0,No action,2026-05-05T10:18:54.830Z,1777976334817,v1
0,low_risk,no_action,0,No action,2026-05-05T10:18:54.830Z,1777976334817,v1
0,low_risk,no_action,0,No action,2026-05-05T10:18:54.830Z,1777976334817,v1
0,low_risk,no_action,0,No action,2026-05-05T10:18:54.830Z,1777976334817,v1
0,low_risk,no_action,0,No action,2026-05-05T10:18:54.830Z,1777976334817,v1
0,low_risk,no_action,0,No action,2026-05-05T10:18:54.830Z,1777976334817,v1
0.98,high_risk,premium_retention_offer,67.6,Send premium retention offer,2026-05-05T10:18:54.830Z,1777976334817,v1
1,high_risk,premium_retention_offer,70,Send premium retention offer,2026-05-05T10:18:54.830Z,1777976334817,v1
0,low_risk,no_action,0,No action,2026-05-05T10:18:54.830Z,1777976334817,v1
1,high_risk,premium_retention_offer,70,Send premium retention offer,2026-05-05T10:18:54.830Z,1777976334817,v1
0,low_risk,no_action,0,No action,2026-05-05T10:18:54.830Z,1777976334817,v1
0,low_risk,no_action,0,No action,2026-05-05T10:18:54.830Z,1777976334817,v1
0,low_risk,no_action,0,No action,2026-05-05T10:18:54.830Z,1777976334817,v1
0,low_risk,no_action,0,No action,2026-05-05T10:18:54.830Z,1777976334817,v1
0,low_risk,no_action,0,No action,2026-05-05T10:18:54.830Z,1777976334817,v1
0,low_risk,no_action,0,No action,2026-05-05T10:18:54.830Z,1777976334817,v1
0,low_risk,no_action,0,No action,2026-05-05T10:18:54.830Z,1777976334817,v1
0.99,high_risk,premium_retention_offer,68.8,Send premium retention offer,2026-05-05T10:18:54.830Z,1777976334817,v1
0,low_risk,no_action,0,No action,2026-05-05T10:18:54.830Z,1777976334817,v1
0.99,high_risk,premium_retention_offer,68.8,Send premium retention offer,2026-05-05T10:18:54.830Z,1777976334817,v1
0,low_risk,no_action,0,No action,2026-05-05T10:18:54.830Z,1777976334817,v1
0,low_risk,no_action,0,No action,2026-05-05T10:18:54.830Z,1777976334817,v1
0.94,high_risk,premium_retention_offer,62.8,Send premium retention offer,2026-05-05T10:18:54.830Z,1777976334817,v1
0,low_risk,no_action,0,No action,2026-05-05T10:18:54.830Z,1777976334817,v1
0,low_risk,no_action,0,No action,2026-05-05T10:18:54.830Z,1777976334817,v1
0,low_risk,no_action,0,No action,2026-05-05T10:18:54.830Z,1777976334817,v1
1,high_risk,premium_retention_offer,70,Send premium retention offer,2026-05-05T10:18:54.830Z,1777976334817,v1
0.01,low_risk,no_action,0,No action,2026-05-05T10:18:54.830Z,1777976334817,v1
0,low_risk,no_action,0,No action,2026-05-05T10:18:54.830Z,1777976334817,v1
0,low_risk,no_action,0,No action,2026-05-05T10:18:54.830Z,1777976334817,v1
0,low_risk,no_action,0,No action,2026-05-05T10:18:54.830Z,1777976334817,v1
0,low_risk,no_action,0,No action,2026-05-05T10:18:54.830Z,1777976334817,v1
0,low_risk,no_action,0,No action,2026-05-05T10:18:54.830Z,1777976334817,v1
0,low_risk,no_action,0,No action,2026-05-05T10:18:54.830Z,1777976334817,v1
0,low_risk,no_action,0,No action,2026-05-05T10:18:54.830Z,1777976334817,v1
0.01,low_risk,no_action,0,No action,2026-05-05T10:18:54.830Z,1777976334817,v1
0,low_risk,no_action,0,No action,2026-05-05T10:18:54.830Z,1777976334817,v1
0,low_risk,no_action,0,No action,2026-05-05T10:18:54.830Z,1777976334817,v1
0,low_risk,no_action,0,No action,2026-05-05T10:18:54.830Z,1777976334817,v1
1,high_risk,premium_retention_offer,70,Send premium retention offer,2026-05-05T10:18:54.830Z,1777976334817,v1
0,low_risk,no_action,0,No action,2026-05-05T10:18:54.830Z,1777976334817,v1
1,high_risk,premium_retention_offer,70,Send premium retention offer,2026-05-05T10:18:54.830Z,1777976334817,v1
0.99,high_risk,premium_retention_offer,68.8,Send premium retention offer,2026-05-05T10:18:54.830Z,1777976334817,v1
1,high_risk,premium_retention_offer,70,Send premium retention offer,2026-05-05T10:18:54.830Z,1777976334817,v1
0,low_risk,no_action,0,No action,2026-05-05T10:18:54.830Z,1777976334817,v1
0,low_risk,no_action,0,No action,2026-05-05T10:18:54.830Z,1777976334817,v1
0.01,low_risk,no_action,0,No action,2026-05-05T10:18:54.830Z,1777976334817,v1
0,low_risk,no_action,0,No action,2026-05-05T10:18:54.830Z,1777976334817,v1
0,low_risk,no_action,0,No action,2026-05-05T10:18:54.830Z,1777976334817,v1
0.97,high_risk,premium_retention_offer,66.4,Send premium retention offer,2026-05-05T10:18:54.830Z,1777976334817,v1
0,low_risk,no_action,0,No action,2026-05-05T10:18:54.830Z,1777976334817,v1
0.98,high_risk,premium_retention_offer,67.6,Send premium retention offer,2026-05-05T10:18:54.830Z,1777976334817,v1
0.99,high_risk,premium_retention_offer,68.8,Send premium retention offer,2026-05-05T10:18:54.830Z,1777976334817,v1
0,low_risk,no_action,0,No action,2026-05-05T10:18:54.830Z,1777976334817,v1
0,low_risk,no_action,0,No action,2026-05-05T10:18:54.830Z,1777976334817,v1
0,low_risk,no_action,0,No action,2026-05-05T10:18:54.830Z,1777976334817,v1
1,high_risk,premium_retention_offer,70,Send premium retention offer,2026-05-05T10:18:54.830Z,1777976334817,v1
0,low_risk,no_action,0,No action,2026-05-05T10:18:54.830Z,1777976334817,v1
0,low_risk,no_action,0,No action,2026-05-05T10:18:54.830Z,1777976334817,v1
1,high_risk,premium_retention_offer,70,Send premium retention offer,2026-05-05T10:18:54.830Z,1777976334817,v1
0,low_risk,no_action,0,No action,2026-05-05T10:18:54.830Z,1777976334817,v1
0,low_risk,no_action,0,No action,2026-05-05T10:18:54.830Z,1777976334817,v1
0,low_risk,no_action,0,No action,2026-05-05T10:18:54.830Z,1777976334817,v1
0,low_risk,no_action,0,No action,2026-05-05T10:18:54.830Z,1777976334817,v1
0,low_risk,no_action,0,No action,2026-05-05T10:18:54.830Z,1777976334817,v1
1,high_risk,premium_retention_offer,70,Send premium retention offer,2026-05-05T10:18:54.830Z,1777976334817,v1
0,low_risk,no_action,0,No action,2026-05-05T10:18:54.830Z,1777976334817,v1
0.01,low_risk,no_action,0,No action,2026-05-05T10:18:54.830Z,1777976334817,v1
0,low_risk,no_action,0,No action,2026-05-05T10:18:54.830Z,1777976334817,v1
0,low_risk,no_action,0,No action,2026-05-05T10:18:54.830Z,1777976334817,v1
0,low_risk,no_action,0,No action,2026-05-05T10:18:54.830Z,1777976334817,v1
0.99,high_risk,premium_retention_offer,68.8,Send premium retention offer,2026-05-05T10:18:54.830Z,1777976334817,v1
0,low_risk,no_action,0,No action,2026-05-05T10:18:54.830Z,1777976334817,v1
1,high_risk,premium_retention_offer,70,Send premium retention offer,2026-05-05T10:18:54.830Z,1777976334817,v1
0,low_risk,no_action,0,No action,2026-05-05T10:18:54.830Z,1777976334817,v1
1,high_risk,premium_retention_offer,70,Send premium retention offer,2026-05-05T10:18:54.830Z,1777976334817,v1
0.94,high_risk,premium_retention_offer,62.8,Send premium retention offer,2026-05-05T10:18:54.830Z,1777976334817,v1
0,low_risk,no_action,0,No action,2026-05-05T10:18:54.830Z,1777976334817,v1
0,low_risk,no_action,0,No action,2026-05-05T10:18:54.830Z,1777976334817,v1
0,low_risk,no_action,0,No action,2026-05-05T10:18:54.830Z,1777976334817,v1
0,low_risk,no_action,0,No action,2026-05-05T10:18:54.830Z,1777976334817,v1
0,low_risk,no_action,0,No action,2026-05-05T10:18:54.830Z,1777976334817,v1
0,low_risk,no_action,0,No action,2026-05-05T10:18:54.830Z,1777976334817,v1
0,low_risk,no_action,0,No action,2026-05-05T10:18:54.830Z,1777976334817,v1
1,high_risk,premium_retention_offer,70,Send premium retention offer,2026-05-05T10:18:54.830Z,1777976334817,v1
0.02,low_risk,no_action,0,No action,2026-05-05T10:18:54.830Z,1777976334817,v1
0,low_risk,no_action,0,No action,2026-05-05T10:18:54.830Z,1777976334817,v1
0,low_risk,no_action,0,No action,2026-05-05T10:18:54.830Z,1777976334817,v1
0,low_risk,no_action,0,No action,2026-05-05T10:18:54.830Z,1777976334817,v1
0.97,high_risk,premium_retention_offer,66.4,Send premium retention offer,2026-05-05T10:18:54.830Z,1777976334817,v1
0,low_risk,no_action,0,No action,2026-05-05T10:18:54.830Z,1777976334817,v1
1,high_risk,premium_retention_offer,70,Send premium retention offer,2026-05-05T10:18:54.830Z,1777976334817,v1
0,low_risk,no_action,0,No action,2026-05-05T10:18:54.830Z,1777976334817,v1
0,low_risk,no_action,0,No action,2026-05-05T10:18:54.830Z,1777976334817,v1
0,low_risk,no_action,0,No action,2026-05-05T10:18:54.830Z,1777976334817,v1
0.01,low_risk,no_action,0,No action,2026-05-05T10:18:54.830Z,1777976334817,v1
0,low_risk,no_action,0,No action,2026-05-05T10:18:54.830Z,1777976334817,v1
0,low_risk,no_action,0,No action,2026-05-05T10:18:54.830Z,1777976334817,v1
0,low_risk,no_action,0,No action,2026-05-05T10:18:54.830Z,1777976334817,v1
0,low_risk,no_action,0,No action,2026-05-05T10:18:54.830Z,1777976334817,v1
1,high_risk,premium_retention_offer,70,Send premium retention offer,2026-05-05T10:18:54.830Z,1777976334817,v1
0,low_risk,no_action,0,No action,2026-05-05T10:18:54.830Z,1777976334817,v1
0.01,low_risk,no_action,0,No action,2026-05-05T10:18:54.830Z,1777976334817,v1
0,low_risk,no_action,0,No action,2026-05-05T10:18:54.830Z,1777976334817,v1
0,low_risk,no_action,0,No action,2026-05-05T10:18:54.830Z,1777976334817,v1
1,high_risk,premium_retention_offer,70,Send premium retention offer,2026-05-05T10:18:54.830Z,1777976334817,v1
1,high_risk,premium_retention_offer,70,Send premium retention offer,2026-05-05T10:18:54.830Z,1777976334817,v1
0,low_risk,no_action,0,No action,2026-05-05T10:18:54.830Z,1777976334817,v1
0,low_risk,no_action,0,No action,2026-05-05T10:18:54.830Z,1777976334817,v1
0,low_risk,no_action,0,No action,2026-05-05T10:18:54.830Z,1777976334817,v1
0,low_risk,no_action,0,No action,2026-05-05T10:18:54.830Z,1777976334817,v1
0,low_risk,no_action,0,No action,2026-05-05T10:18:54.830Z,1777976334817,v1
0,low_risk,no_action,0,No action,2026-05-05T10:18:54.830Z,1777976334817,v1
0.01,low_risk,no_action,0,No action,2026-05-05T10:18:54.830Z,1777976334817,v1
0,low_risk,no_action,0,No action,2026-05-05T10:18:54.830Z,1777976334817,v1
0,low_risk,no_action,0,No action,2026-05-05T10:18:54.830Z,1777976334817,v1
0,low_risk,no_action,0,No action,2026-05-05T10:18:54.830Z,1777976334817,v1
0,low_risk,no_action,0,No action,2026-05-05T10:18:54.830Z,1777976334817,v1
0.05,low_risk,no_action,0,No action,2026-05-05T10:18:54.830Z,1777976334817,v1
0,low_risk,no_action,0,No action,2026-05-05T10:18:54.830Z,1777976334817,v1
0,low_risk,no_action,0,No action,2026-05-05T10:18:54.830Z,1777976334817,v1
0.97,high_risk,premium_retention_offer,66.4,Send premium retention offer,2026-05-05T10:18:54.830Z,1777976334817,v1
1,high_risk,premium_retention_offer,70,Send premium retention offer,2026-05-05T10:18:54.830Z,1777976334817,v1
0,low_risk,no_action,0,No action,2026-05-05T10:18:54.830Z,1777976334817,v1
0.01,low_risk,no_action,0,No action,2026-05-05T10:18:54.830Z,1777976334817,v1
0,low_risk,no_action,0,No action,2026-05-05T10:18:54.830Z,1777976334817,v1
1,high_risk,premium_retention_offer,70,Send premium retention offer,2026-05-05T10:18:54.830Z,1777976334817,v1
0,low_risk,no_action,0,No action,2026-05-05T10:18:54.830Z,1777976334817,v1
0.01,low_risk,no_action,0,No action,2026-05-05T10:18:54.830Z,1777976334817,v1
0,low_risk,no_action,0,No action,2026-05-05T10:18:54.830Z,1777976334817,v1
0,low_risk,no_action,0,No action,2026-05-05T10:18:54.830Z,1777976334817,v1
0,low_risk,no_action,0,No action,2026-05-05T10:18:54.830Z,1777976334817,v1
0,low_risk,no_action,0,No action,2026-05-05T10:18:54.830Z,1777976334817,v1
1,high_risk,premium_retention_offer,70,Send premium retention offer,2026-05-05T10:18:54.830Z,1777976334817,v1
0,low_risk,no_action,0,No action,2026-05-05T10:18:54.830Z,1777976334817,v1
0,low_risk,no_action,0,No action,2026-05-05T10:18:54.830Z,1777976334817,v1
0,low_risk,no_action,0,No action,2026-05-05T10:18:54.830Z,1777976334817,v1
0,low_risk,no_action,0,No action,2026-05-05T10:18:54.830Z,1777976334817,v1
0,low_risk,no_action,0,No action,2026-05-05T10:18:54.830Z,1777976334817,v1
0,low_risk,no_action,0,No action,2026-05-05T10:18:54.830Z,1777976334817,v1
1,high_risk,premium_retention_offer,70,Send premium retention offer,2026-05-05T10:18:54.830Z,1777976334817,v1
1,high_risk,premium_retention_offer,70,Send premium retention offer,2026-05-05T10:18:54.830Z,1777976334817,v1
0,low_risk,no_action,0,No action,2026-05-05T10:18:54.830Z,1777976334817,v1
0,low_risk,no_action,0,No action,2026-05-05T10:18:54.830Z,1777976334817,v1
1,high_risk,premium_retention_offer,70,Send premium retention offer,2026-05-05T10:18:54.830Z,1777976334817,v1
1,high_risk,premium_retention_offer,70,Send premium retention offer,2026-05-05T10:18:54.830Z,1777976334817,v1
0,low_risk,no_action,0,No action,2026-05-05T10:18:54.830Z,1777976334817,v1
0,low_risk,no_action,0,No action,2026-05-05T10:18:54.830Z,1777976334817,v1
0,low_risk,no_action,0,No action,2026-05-05T10:18:54.830Z,1777976334817,v1
1,high_risk,premium_retention_offer,70,Send premium retention offer,2026-05-05T10:18:54.830Z,1777976334817,v1
0,low_risk,no_action,0,No action,2026-05-05T10:18:54.830Z,1777976334817,v1
0.98,high_risk,premium_retention_offer,67.6,Send premium retention offer,2026-05-05T10:18:54.830Z,1777976334817,v1
0.01,low_risk,no_action,0,No action,2026-05-05T10:18:54.830Z,1777976334817,v1
0,low_risk,no_action,0,No action,2026-05-05T10:18:54.830Z,1777976334817,v1
0.98,high_risk,premium_retention_offer,67.6,Send premium retention offer,2026-05-05T10:18:54.830Z,1777976334817,v1
0,low_risk,no_action,0,No action,2026-05-05T10:18:54.830Z,1777976334817,v1
0,low_risk,no_action,0,No action,2026-05-05T10:18:54.830Z,1777976334817,v1
0,low_risk,no_action,0,No action,2026-05-05T10:18:54.830Z,1777976334817,v1
0.97,high_risk,premium_retention_offer,66.4,Send premium retention offer,2026-05-05T10:18:54.830Z,1777976334817,v1
0,low_risk,no_action,0,No action,2026-05-05T10:18:54.830Z,1777976334817,v1
1,high_risk,premium_retention_offer,70,Send premium retention offer,2026-05-05T10:18:54.830Z,1777976334817,v1
0,low_risk,no_action,0,No action,2026-05-05T10:18:54.830Z,1777976334817,v1
0,low_risk,no_action,0,No action,2026-05-05T10:18:54.830Z,1777976334817,v1
0,low_risk,no_action,0,No action,2026-05-05T10:18:54.830Z,1777976334817,v1
0,low_risk,no_action,0,No action,2026-05-05T10:18:54.830Z,1777976334817,v1
0,low_risk,no_action,0,No action,2026-05-05T10:18:54.830Z,1777976334817,v1
0,low_risk,no_action,0,No action,2026-05-05T10:18:54.830Z,1777976334817,v1
1,high_risk,premium_retention_offer,70,Send premium retention offer,2026-05-05T10:18:54.830Z,1777976334817,v1
0.99,high_risk,premium_retention_offer,68.8,Send premium retention offer,2026-05-05T10:18:54.830Z,1777976334817,v1
0,low_risk,no_action,0,No action,2026-05-05T10:18:54.830Z,1777976334817,v1
0.99,high_risk,premium_retention_offer,68.8,Send premium retention offer,2026-05-05T10:18:54.830Z,1777976334817,v1
0,low_risk,no_action,0,No action,2026-05-05T10:18:54.830Z,1777976334817,v1
0,low_risk,no_action,0,No action,2026-05-05T10:18:54.830Z,1777976334817,v1
0.99,high_risk,premium_retention_offer,68.8,Send premium retention offer,2026-05-05T10:18:54.830Z,1777976334817,v1
0,low_risk,no_action,0,No action,2026-05-05T10:18:54.830Z,1777976334817,v1
0,low_risk,no_action,0,No action,2026-05-05T10:18:54.830Z,1777976334817,v1
0.01,low_risk,no_action,0,No action,2026-05-05T10:18:54.830Z,1777976334817,v1
0,low_risk,no_action,0,No action,2026-05-05T10:18:54.830Z,1777976334817,v1
1,high_risk,premium_retention_offer,70,Send premium retention offer,2026-05-05T10:18:54.830Z,1777976334817,v1
0,low_risk,no_action,0,No action,2026-05-05T10:18:54.830Z,1777976334817,v1
1,high_risk,premium_retention_offer,70,Send premium retention offer,2026-05-05T10:18:54.830Z,1777976334817,v1
0.02,low_risk,no_action,0,No action,2026-05-05T10:18:54.830Z,1777976334817,v1
0,low_risk,no_action,0,No action,2026-05-05T10:18:54.830Z,1777976334817,v1
0,low_risk,no_action,0,No action,2026-05-05T10:18:54.830Z,1777976334817,v1
0,low_risk,no_action,0,No action,2026-05-05T10:18:54.830Z,1777976334817,v1
0,low_risk,no_action,0,No action,2026-05-05T10:18:54.830Z,1777976334817,v1
0,low_risk,no_action,0,No action,2026-05-05T10:18:54.830Z,1777976334817,v1
0,low_risk,no_action,0,No action,2026-05-05T10:18:54.830Z,1777976334817,v1
0,low_risk,no_action,0,No action,2026-05-05T10:18:54.830Z,1777976334817,v1
0,low_risk,no_action,0,No action,2026-05-05T10:18:54.830Z,1777976334817,v1
1,high_risk,premium_retention_offer,70,Send premium retention offer,2026-05-05T10:18:54.830Z,1777976334817,v1
0.01,low_risk,no_action,0,No action,2026-05-05T10:18:54.830Z,1777976334817,v1
0,low_risk,no_action,0,No action,2026-05-05T10:18:54.830Z,1777976334817,v1
0,low_risk,no_action,0,No action,2026-05-05T10:18:54.830Z,1777976334817,v1
1,high_risk,premium_retention_offer,70,Send premium retention offer,2026-05-05T10:18:54.830Z,1777976334817,v1
0,low_risk,no_action,0,No action,2026-05-05T10:18:54.830Z,1777976334817,v1
0,low_risk,no_action,0,No action,2026-05-05T10:18:54.830Z,1777976334817,v1
0,low_risk,no_action,0,No action,2026-05-05T10:18:54.830Z,1777976334817,v1
0,low_risk,no_action,0,No action,2026-05-05T10:18:54.830Z,1777976334817,v1
0,low_risk,no_action,0,No action,2026-05-05T10:18:54.830Z,1777976334817,v1
0,low_risk,no_action,0,No action,2026-05-05T10:18:54.830Z,1777976334817,v1
0,low_risk,no_action,0,No action,2026-05-05T10:18:54.830Z,1777976334817,v1
0,low_risk,no_action,0,No action,2026-05-05T10:18:54.830Z,1777976334817,v1
0,low_risk,no_action,0,No action,2026-05-05T10:18:54.830Z,1777976334817,v1
1,high_risk,premium_retention_offer,70,Send premium retention offer,2026-05-05T10:18:54.830Z,1777976334817,v1
0,low_risk,no_action,0,No action,2026-05-05T10:18:54.830Z,1777976334817,v1
0,low_risk,no_action,0,No action,2026-05-05T10:18:54.830Z,1777976334817,v1
1,high_risk,premium_retention_offer,70,Send premium retention offer,2026-05-05T10:18:54.830Z,1777976334817,v1
0,low_risk,no_action,0,No action,2026-05-05T10:18:54.830Z,1777976334817,v1
0,low_risk,no_action,0,No action,2026-05-05T10:18:54.830Z,1777976334817,v1
0,low_risk,no_action,0,No action,2026-05-05T10:18:54.830Z,1777976334817,v1
0,low_risk,no_action,0,No action,2026-05-05T10:18:54.830Z,1777976334817,v1
0.01,low_risk,no_action,0,No action,2026-05-05T10:18:54.830Z,1777976334817,v1
0,low_risk,no_action,0,No action,2026-05-05T10:18:54.830Z,1777976334817,v1
0,low_risk,no_action,0,No action,2026-05-05T10:18:54.830Z,1777976334817,v1
0,low_risk,no_action,0,No action,2026-05-05T10:18:54.830Z,1777976334817,v1
0.01,low_risk,no_action,0,No action,2026-05-05T10:18:54.830Z,1777976334817,v1
0.01,low_risk,no_action,0,No action,2026-05-05T10:18:54.830Z,1777976334817,v1
0.99,high_risk,premium_retention_offer,68.8,Send premium retention offer,2026-05-05T10:18:54.830Z,1777976334817,v1
1,high_risk,premium_retention_offer,70,Send premium retention offer,2026-05-05T10:18:54.830Z,1777976334817,v1
0.01,low_risk,no_action,0,No action,2026-05-05T10:18:54.830Z,1777976334817,v1
0,low_risk,no_action,0,No action,2026-05-05T10:18:54.830Z,1777976334817,v1
0,low_risk,no_action,0,No action,2026-05-05T10:18:54.830Z,1777976334817,v1
0,low_risk,no_action,0,No action,2026-05-05T10:18:54.830Z,1777976334817,v1
0,low_risk,no_action,0,No action,2026-05-05T10:18:54.830Z,1777976334817,v1
0,low_risk,no_action,0,No action,2026-05-05T10:18:54.830Z,1777976334817,v1
0,low_risk,no_action,0,No action,2026-05-05T10:18:54.830Z,1777976334817,v1
0,low_risk,no_action,0,No action,2026-05-05T10:18:54.830Z,1777976334817,v1
0,low_risk,no_action,0,No action,2026-05-05T10:18:54.830Z,1777976334817,v1
0.99,high_risk,premium_retention_offer,68.8,Send premium retention offer,2026-05-05T10:18:54.830Z,1777976334817,v1
0.01,low_risk,no_action,0,No action,2026-05-05T10:18:54.830Z,1777976334817,v1
0,low_risk,no_action,0,No action,2026-05-05T10:18:54.830Z,1777976334817,v1
1,high_risk,premium_retention_offer,70,Send premium retention offer,2026-05-05T10:18:54.830Z,1777976334817,v1
0,low_risk,no_action,0,No action,2026-05-05T10:18:54.830Z,1777976334817,v1
0,low_risk,no_action,0,No action,2026-05-05T10:18:54.830Z,1777976334817,v1
0,low_risk,no_action,0,No action,2026-05-05T10:18:54.830Z,1777976334817,v1
0,low_risk,no_action,0,No action,2026-05-05T10:18:54.830Z,1777976334817,v1
0,low_risk,no_action,0,No action,2026-05-05T10:18:54.830Z,1777976334817,v1
0,low_risk,no_action,0,No action,2026-05-05T10:18:54.830Z,1777976334817,v1
0,low_risk,no_action,0,No action,2026-05-05T10:18:54.830Z,1777976334817,v1
0.99,high_risk,premium_retention_offer,68.8,Send premium retention offer,2026-05-05T10:18:54.830Z,1777976334817,v1
0.98,high_risk,premium_retention_offer,67.6,Send premium retention offer,2026-05-05T10:18:54.830Z,1777976334817,v1
0,low_risk,no_action,0,No action,2026-05-05T10:18:54.830Z,1777976334817,v1
0,low_risk,no_action,0,No action,2026-05-05T10:18:54.830Z,1777976334817,v1
0,low_risk,no_action,0,No action,2026-05-05T10:18:54.830Z,1777976334817,v1
0,low_risk,no_action,0,No action,2026-05-05T10:18:54.830Z,1777976334817,v1
1,high_risk,premium_retention_offer,70,Send premium retention offer,2026-05-05T10:18:54.830Z,1777976334817,v1
1,high_risk,premium_retention_offer,70,Send premium retention offer,2026-05-05T10:18:54.830Z,1777976334817,v1
0,low_risk,no_action,0,No action,2026-05-05T10:18:54.830Z,1777976334817,v1
0,low_risk,no_action,0,No action,2026-05-05T10:18:54.830Z,1777976334817,v1
0,low_risk,no_action,0,No action,2026-05-05T10:18:54.830Z,1777976334817,v1
0,low_risk,no_action,0,No action,2026-05-05T10:18:54.830Z,1777976334817,v1
0.01,low_risk,no_action,0,No action,2026-05-05T10:18:54.830Z,1777976334817,v1
0,low_risk,no_action,0,No action,2026-05-05T10:18:54.830Z,1777976334817,v1
0,low_risk,no_action,0,No action,2026-05-05T10:18:54.830Z,1777976334817,v1
0,low_risk,no_action,0,No action,2026-05-05T10:18:54.830Z,1777976334817,v1
0,low_risk,no_action,0,No action,2026-05-05T10:18:54.830Z,1777976334817,v1
0,low_risk,no_action,0,No action,2026-05-05T10:18:54.830Z,1777976334817,v1
0.01,low_risk,no_action,0,No action,2026-05-05T10:18:54.830Z,1777976334817,v1
0.01,low_risk,no_action,0,No action,2026-05-05T10:18:54.830Z,1777976334817,v1
0.01,low_risk,no_action,0,No action,2026-05-05T10:18:54.830Z,1777976334817,v1
0,low_risk,no_action,0,No action,2026-05-05T10:18:54.830Z,1777976334817,v1
0,low_risk,no_action,0,No action,2026-05-05T10:18:54.830Z,1777976334817,v1
0,low_risk,no_action,0,No action,2026-05-05T10:18:54.830Z,1777976334817,v1
0.01,low_risk,no_action,0,No action,2026-05-05T10:18:54.830Z,1777976334817,v1
0,low_risk,no_action,0,No action,2026-05-05T10:18:54.830Z,1777976334817,v1
0,low_risk,no_action,0,No action,2026-05-05T10:18:54.830Z,1777976334817,v1
0,low_risk,no_action,0,No action,2026-05-05T10:18:54.830Z,1777976334817,v1
0,low_risk,no_action,0,No action,2026-05-05T10:18:54.830Z,1777976334817,v1
0,low_risk,no_action,0,No action,2026-05-05T10:18:54.830Z,1777976334817,v1
0,low_risk,no_action,0,No action,2026-05-05T10:18:54.830Z,1777976334817,v1
0,low_risk,no_action,0,No action,2026-05-05T10:18:54.830Z,1777976334817,v1
1,high_risk,premium_retention_offer,70,Send premium retention offer,2026-05-05T10:18:54.830Z,1777976334817,v1
0,low_risk,no_action,0,No action,2026-05-05T10:18:54.830Z,1777976334817,v1
0,low_risk,no_action,0,No action,2026-05-05T10:18:54.830Z,1777976334817,v1
0,low_risk,no_action,0,No action,2026-05-05T10:18:54.830Z,1777976334817,v1
1,high_risk,premium_retention_offer,70,Send premium retention offer,2026-05-05T10:18:54.830Z,1777976334817,v1
0,low_risk,no_action,0,No action,2026-05-05T10:18:54.830Z,1777976334817,v1
0.97,high_risk,premium_retention_offer,66.4,Send premium retention offer,2026-05-05T10:18:54.830Z,1777976334817,v1
1,high_risk,premium_retention_offer,70,Send premium retention offer,2026-05-05T10:18:54.830Z,1777976334817,v1
0,low_risk,no_action,0,No action,2026-05-05T10:18:54.830Z,1777976334817,v1
0,low_risk,no_action,0,No action,2026-05-05T10:18:54.830Z,1777976334817,v1
0,low_risk,no_action,0,No action,2026-05-05T10:18:54.830Z,1777976334817,v1
1,high_risk,premium_retention_offer,70,Send premium retention offer,2026-05-05T10:18:54.830Z,1777976334817,v1
0.01,low_risk,no_action,0,No action,2026-05-05T10:18:54.830Z,1777976334817,v1
0,low_risk,no_action,0,No action,2026-05-05T10:18:54.830Z,1777976334817,v1
0,low_risk,no_action,0,No action,2026-05-05T10:18:54.830Z,1777976334817,v1
0.01,low_risk,no_action,0,No action,2026-05-05T10:18:54.830Z,1777976334817,v1
0,low_risk,no_action,0,No action,2026-05-05T10:18:54.830Z,1777976334817,v1
0.01,low_risk,no_action,0,No action,2026-05-05T10:18:54.830Z,1777976334817,v1
0,low_risk,no_action,0,No action,2026-05-05T10:18:54.830Z,1777976334817,v1
0,low_risk,no_action,0,No action,2026-05-05T10:18:54.830Z,1777976334817,v1
0,low_risk,no_action,0,No action,2026-05-05T10:18:54.830Z,1777976334817,v1
0,low_risk,no_action,0,No action,2026-05-05T10:18:54.830Z,1777976334817,v1
0,low_risk,no_action,0,No action,2026-05-05T10:18:54.830Z,1777976334817,v1
0,low_risk,no_action,0,No action,2026-05-05T10:18:54.830Z,1777976334817,v1
0,low_risk,no_action,0,No action,2026-05-05T10:18:54.830Z,1777976334817,v1
0,low_risk,no_action,0,No action,2026-05-05T10:18:54.830Z,1777976334817,v1
1,high_risk,premium_retention_offer,70,Send premium retention offer,2026-05-05T10:18:54.830Z,1777976334817,v1
1,high_risk,premium_retention_offer,70,Send premium retention offer,2026-05-05T10:18:54.830Z,1777976334817,v1
0,low_risk,no_action,0,No action,2026-05-05T10:18:54.830Z,1777976334817,v1
1,high_risk,premium_retention_offer,70,Send premium retention offer,2026-05-05T10:18:54.830Z,1777976334817,v1
0,low_risk,no_action,0,No action,2026-05-05T10:18:54.830Z,1777976334817,v1
1,high_risk,premium_retention_offer,70,Send premium retention offer,2026-05-05T10:18:54.830Z,1777976334817,v1
0,low_risk,no_action,0,No action,2026-05-05T10:18:54.830Z,1777976334817,v1
1,high_risk,premium_retention_offer,70,Send premium retention offer,2026-05-05T10:18:54.830Z,1777976334817,v1
0,low_risk,no_action,0,No action,2026-05-05T10:18:54.830Z,1777976334817,v1
0,low_risk,no_action,0,No action,2026-05-05T10:18:54.830Z,1777976334817,v1
0,low_risk,no_action,0,No action,2026-05-05T10:18:54.830Z,1777976334817,v1
0,low_risk,no_action,0,No action,2026-05-05T10:18:54.830Z,1777976334817,v1
0,low_risk,no_action,0,No action,2026-05-05T10:18:54.830Z,1777976334817,v1
0,low_risk,no_action,0,No action,2026-05-05T10:18:54.830Z,1777976334817,v1
0,low_risk,no_action,0,No action,2026-05-05T10:18:54.830Z,1777976334817,v1
0,low_risk,no_action,0,No action,2026-05-05T10:18:54.830Z,1777976334817,v1
0,low_risk,no_action,0,No action,2026-05-05T10:18:54.830Z,1777976334817,v1
1,high_risk,premium_retention_offer,70,Send premium retention offer,2026-05-05T10:18:54.830Z,1777976334817,v1
0,low_risk,no_action,0,No action,2026-05-05T10:18:54.830Z,1777976334817,v1
1,high_risk,premium_retention_offer,70,Send premium retention offer,2026-05-05T10:18:54.830Z,1777976334817,v1
0,low_risk,no_action,0,No action,2026-05-05T10:18:54.830Z,1777976334817,v1
0.99,high_risk,premium_retention_offer,68.8,Send premium retention offer,2026-05-05T10:18:54.830Z,1777976334817,v1
0,low_risk,no_action,0,No action,2026-05-05T10:18:54.830Z,1777976334817,v1
0,low_risk,no_action,0,No action,2026-05-05T10:18:54.830Z,1777976334817,v1
0.99,high_risk,premium_retention_offer,68.8,Send premium retention offer,2026-05-05T10:18:54.830Z,1777976334817,v1
0,low_risk,no_action,0,No action,2026-05-05T10:18:54.830Z,1777976334817,v1
0,low_risk,no_action,0,No action,2026-05-05T10:18:54.830Z,1777976334817,v1
0,low_risk,no_action,0,No action,2026-05-05T10:18:54.830Z,1777976334817,v1
0,low_risk,no_action,0,No action,2026-05-05T10:18:54.830Z,1777976334817,v1
0.99,high_risk,premium_retention_offer,68.8,Send premium retention offer,2026-05-05T10:18:54.830Z,1777976334817,v1
0,low_risk,no_action,0,No action,2026-05-05T10:18:54.830Z,1777976334817,v1
0,low_risk,no_action,0,No action,2026-05-05T10:18:54.830Z,1777976334817,v1
0.01,low_risk,no_action,0,No action,2026-05-05T10:18:54.830Z,1777976334817,v1
0,low_risk,no_action,0,No action,2026-05-05T10:18:54.830Z,1777976334817,v1
0.98,high_risk,premium_retention_offer,67.6,Send premium retention offer,2026-05-05T10:18:54.830Z,1777976334817,v1
0,low_risk,no_action,0,No action,2026-05-05T10:18:54.830Z,1777976334817,v1
0,low_risk,no_action,0,No action,2026-05-05T10:18:54.830Z,1777976334817,v1
0,low_risk,no_action,0,No action,2026-05-05T10:18:54.830Z,1777976334817,v1
0,low_risk,no_action,0,No action,2026-05-05T10:18:54.830Z,1777976334817,v1
0,low_risk,no_action,0,No action,2026-05-05T10:18:54.830Z,1777976334817,v1
0,low_risk,no_action,0,No action,2026-05-05T10:18:54.830Z,1777976334817,v1
0,low_risk,no_action,0,No action,2026-05-05T10:18:54.830Z,1777976334817,v1
1,high_risk,premium_retention_offer,70,Send premium retention offer,2026-05-05T10:18:54.830Z,1777976334817,v1
0,low_risk,no_action,0,No action,2026-05-05T10:18:54.830Z,1777976334817,v1
0,low_risk,no_action,0,No action,2026-05-05T10:18:54.830Z,1777976334817,v1
0.01,low_risk,no_action,0,No action,2026-05-05T10:18:54.830Z,1777976334817,v1
0,low_risk,no_action,0,No action,2026-05-05T10:18:54.830Z,1777976334817,v1
0,low_risk,no_action,0,No action,2026-05-05T10:18:54.830Z,1777976334817,v1
0,low_risk,no_action,0,No action,2026-05-05T10:18:54.830Z,1777976334817,v1
0,low_risk,no_action,0,No action,2026-05-05T10:18:54.830Z,1777976334817,v1
0,low_risk,no_action,0,No action,2026-05-05T10:18:54.830Z,1777976334817,v1
1,high_risk,premium_retention_offer,70,Send premium retention offer,2026-05-05T10:18:54.830Z,1777976334817,v1
0.01,low_risk,no_action,0,No action,2026-05-05T10:18:54.830Z,1777976334817,v1
0,low_risk,no_action,0,No action,2026-05-05T10:18:54.830Z,1777976334817,v1
0,low_risk,no_action,0,No action,2026-05-05T10:18:54.830Z,1777976334817,v1
0,low_risk,no_action,0,No action,2026-05-05T10:18:54.830Z,1777976334817,v1
0,low_risk,no_action,0,No action,2026-05-05T10:18:54.830Z,1777976334817,v1
1,high_risk,premium_retention_offer,70,Send premium retention offer,2026-05-05T10:18:54.830Z,1777976334817,v1
1,high_risk,premium_retention_offer,70,Send premium retention offer,2026-05-05T10:18:54.830Z,1777976334817,v1
0,low_risk,no_action,0,No action,2026-05-05T10:18:54.830Z,1777976334817,v1
0,low_risk,no_action,0,No action,2026-05-05T10:18:54.830Z,1777976334817,v1
0,low_risk,no_action,0,No action,2026-05-05T10:18:54.830Z,1777976334817,v1
0,low_risk,no_action,0,No action,2026-05-05T10:18:54.830Z,1777976334817,v1
0,low_risk,no_action,0,No action,2026-05-05T10:18:54.830Z,1777976334817,v1
0,low_risk,no_action,0,No action,2026-05-05T10:18:54.830Z,1777976334817,v1
0,low_risk,no_action,0,No action,2026-05-05T10:18:54.830Z,1777976334817,v1
0,low_risk,no_action,0,No action,2026-05-05T10:18:54.830Z,1777976334817,v1
0,low_risk,no_action,0,No action,2026-05-05T10:18:54.830Z,1777976334817,v1
0,low_risk,no_action,0,No action,2026-05-05T10:18:54.830Z,1777976334817,v1
0,low_risk,no_action,0,No action,2026-05-05T10:18:54.830Z,1777976334817,v1
1,high_risk,premium_retention_offer,70,Send premium retention offer,2026-05-05T10:18:54.830Z,1777976334817,v1
0,low_risk,no_action,0,No action,2026-05-05T10:18:54.830Z,1777976334817,v1
0,low_risk,no_action,0,No action,2026-05-05T10:18:54.830Z,1777976334817,v1
0,low_risk,no_action,0,No action,2026-05-05T10:18:54.830Z,1777976334817,v1
0,low_risk,no_action,0,No action,2026-05-05T10:18:54.830Z,1777976334817,v1
0,low_risk,no_action,0,No action,2026-05-05T10:18:54.830Z,1777976334817,v1
0,low_risk,no_action,0,No action,2026-05-05T10:18:54.830Z,1777976334817,v1
0,low_risk,no_action,0,No action,2026-05-05T10:18:54.830Z,1777976334817,v1
0,low_risk,no_action,0,No action,2026-05-05T10:18:54.830Z,1777976334817,v1
1,high_risk,premium_retention_offer,70,Send premium retention offer,2026-05-05T10:18:54.830Z,1777976334817,v1
0,low_risk,no_action,0,No action,2026-05-05T10:18:54.830Z,1777976334817,v1
0,low_risk,no_action,0,No action,2026-05-05T10:18:54.830Z,1777976334817,v1
0,low_risk,no_action,0,No action,2026-05-05T10:18:54.830Z,1777976334817,v1
0,low_risk,no_action,0,No action,2026-05-05T10:18:54.830Z,1777976334817,v1
0.01,low_risk,no_action,0,No action,2026-05-05T10:18:54.830Z,1777976334817,v1
0.99,high_risk,premium_retention_offer,68.8,Send premium retention offer,2026-05-05T10:18:54.830Z,1777976334817,v1
0,low_risk,no_action,0,No action,2026-05-05T10:18:54.830Z,1777976334817,v1
0,low_risk,no_action,0,No action,2026-05-05T10:18:54.830Z,1777976334817,v1
0,low_risk,no_action,0,No action,2026-05-05T10:18:54.830Z,1777976334817,v1
0,low_risk,no_action,0,No action,2026-05-05T10:18:54.830Z,1777976334817,v1
0,low_risk,no_action,0,No action,2026-05-05T10:18:54.830Z,1777976334817,v1
0,low_risk,no_action,0,No action,2026-05-05T10:18:54.830Z,1777976334817,v1
0.98,high_risk,premium_retention_offer,67.6,Send premium retention offer,2026-05-05T10:18:54.830Z,1777976334817,v1
0.01,low_risk,no_action,0,No action,2026-05-05T10:18:54.830Z,1777976334817,v1
0,low_risk,no_action,0,No action,2026-05-05T10:18:54.830Z,1777976334817,v1
0,low_risk,no_action,0,No action,2026-05-05T10:18:54.830Z,1777976334817,v1
0.01,low_risk,no_action,0,No action,2026-05-05T10:18:54.830Z,1777976334817,v1
0.99,high_risk,premium_retention_offer,68.8,Send premium retention offer,2026-05-05T10:18:54.830Z,1777976334817,v1
0.01,low_risk,no_action,0,No action,2026-05-05T10:18:54.830Z,1777976334817,v1
0,low_risk,no_action,0,No action,2026-05-05T10:18:54.830Z,1777976334817,v1
0,low_risk,no_action,0,No action,2026-05-05T10:18:54.830Z,1777976334817,v1
0,low_risk,no_action,0,No action,2026-05-05T10:18:54.830Z,1777976334817,v1
0,low_risk,no_action,0,No action,2026-05-05T10:18:54.830Z,1777976334817,v1
0,low_risk,no_action,0,No action,2026-05-05T10:18:54.830Z,1777976334817,v1
0.97,high_risk,premium_retention_offer,66.4,Send premium retention offer,2026-05-05T10:18:54.830Z,1777976334817,v1
0,low_risk,no_action,0,No action,2026-05-05T10:18:54.830Z,1777976334817,v1
0.99,high_risk,premium_retention_offer,68.8,Send premium retention offer,2026-05-05T10:18:54.830Z,1777976334817,v1
0,low_risk,no_action,0,No action,2026-05-05T10:18:54.830Z,1777976334817,v1
0.99,high_risk,premium_retention_offer,68.8,Send premium retention offer,2026-05-05T10:18:54.830Z,1777976334817,v1
0,low_risk,no_action,0,No action,2026-05-05T10:18:54.830Z,1777976334817,v1
0,low_risk,no_action,0,No action,2026-05-05T10:18:54.830Z,1777976334817,v1
0,low_risk,no_action,0,No action,2026-05-05T10:18:54.830Z,1777976334817,v1
0,low_risk,no_action,0,No action,2026-05-05T10:18:54.830Z,1777976334817,v1
0,low_risk,no_action,0,No action,2026-05-05T10:18:54.830Z,1777976334817,v1
0,low_risk,no_action,0,No action,2026-05-05T10:18:54.830Z,1777976334817,v1
0,low_risk,no_action,0,No action,2026-05-05T10:18:54.830Z,1777976334817,v1
0,low_risk,no_action,0,No action,2026-05-05T10:18:54.830Z,1777976334817,v1
1,high_risk,premium_retention_offer,70,Send premium retention offer,2026-05-05T10:18:54.830Z,1777976334817,v1
0,low_risk,no_action,0,No action,2026-05-05T10:18:54.830Z,1777976334817,v1
0,low_risk,no_action,0,No action,2026-05-05T10:18:54.830Z,1777976334817,v1
0,low_risk,no_action,0,No action,2026-05-05T10:18:54.830Z,1777976334817,v1
0.03,low_risk,no_action,0,No action,2026-05-05T10:18:54.830Z,1777976334817,v1
0,low_risk,no_action,0,No action,2026-05-05T10:18:54.830Z,1777976334817,v1
0,low_risk,no_action,0,No action,2026-05-05T10:18:54.830Z,1777976334817,v1
0,low_risk,no_action,0,No action,2026-05-05T10:18:54.830Z,1777976334817,v1
1,high_risk,premium_retention_offer,70,Send premium retention offer,2026-05-05T10:18:54.830Z,1777976334817,v1
0.01,low_risk,no_action,0,No action,2026-05-05T10:18:54.830Z,1777976334817,v1
0,low_risk,no_action,0,No action,2026-05-05T10:18:54.830Z,1777976334817,v1
0,low_risk,no_action,0,No action,2026-05-05T10:18:54.830Z,1777976334817,v1
1,high_risk,premium_retention_offer,70,Send premium retention offer,2026-05-05T10:18:54.830Z,1777976334817,v1
0,low_risk,no_action,0,No action,2026-05-05T10:18:54.830Z,1777976334817,v1
0,low_risk,no_action,0,No action,2026-05-05T10:18:54.830Z,1777976334817,v1
0,low_risk,no_action,0,No action,2026-05-05T10:18:54.830Z,1777976334817,v1
0,low_risk,no_action,0,No action,2026-05-05T10:18:54.830Z,1777976334817,v1
0,low_risk,no_action,0,No action,2026-05-05T10:18:54.830Z,1777976334817,v1
0,low_risk,no_action,0,No action,2026-05-05T10:18:54.830Z,1777976334817,v1
0.01,low_risk,no_action,0,No action,2026-05-05T10:18:54.830Z,1777976334817,v1
0,low_risk,no_action,0,No action,2026-05-05T10:18:54.830Z,1777976334817,v1
0,low_risk,no_action,0,No action,2026-05-05T10:18:54.830Z,1777976334817,v1
0,low_risk,no_action,0,No action,2026-05-05T10:18:54.830Z,1777976334817,v1
0,low_risk,no_action,0,No action,2026-05-05T10:18:54.830Z,1777976334817,v1
1,high_risk,premium_retention_offer,70,Send premium retention offer,2026-05-05T10:18:54.830Z,1777976334817,v1
0,low_risk,no_action,0,No action,2026-05-05T10:18:54.830Z,1777976334817,v1
0,low_risk,no_action,0,No action,2026-05-05T10:18:54.830Z,1777976334817,v1
0,low_risk,no_action,0,No action,2026-05-05T10:18:54.830Z,1777976334817,v1
0,low_risk,no_action,0,No action,2026-05-05T10:18:54.830Z,1777976334817,v1
1,high_risk,premium_retention_offer,70,Send premium retention offer,2026-05-05T10:18:54.830Z,1777976334817,v1
0,low_risk,no_action,0,No action,2026-05-05T10:18:54.830Z,1777976334817,v1
0,low_risk,no_action,0,No action,2026-05-05T10:18:54.830Z,1777976334817,v1
0,low_risk,no_action,0,No action,2026-05-05T10:18:54.830Z,1777976334817,v1
0,low_risk,no_action,0,No action,2026-05-05T10:18:54.830Z,1777976334817,v1
1,high_risk,premium_retention_offer,70,Send premium retention offer,2026-05-05T10:18:54.830Z,1777976334817,v1
0.99,high_risk,premium_retention_offer,68.8,Send premium retention offer,2026-05-05T10:18:54.830Z,1777976334817,v1
0,low_risk,no_action,0,No action,2026-05-05T10:18:54.830Z,1777976334817,v1
0,low_risk,no_action,0,No action,2026-05-05T10:18:54.830Z,1777976334817,v1
0,low_risk,no_action,0,No action,2026-05-05T10:18:54.830Z,1777976334817,v1
0.01,low_risk,no_action,0,No action,2026-05-05T10:18:54.830Z,1777976334817,v1
0,low_risk,no_action,0,No action,2026-05-05T10:18:54.830Z,1777976334817,v1
0,low_risk,no_action,0,No action,2026-05-05T10:18:54.830Z,1777976334817,v1
0,low_risk,no_action,0,No action,2026-05-05T10:18:54.830Z,1777976334817,v1
0,low_risk,no_action,0,No action,2026-05-05T10:18:54.830Z,1777976334817,v1
0,low_risk,no_action,0,No action,2026-05-05T10:18:54.830Z,1777976334817,v1
0,low_risk,no_action,0,No action,2026-05-05T10:18:54.830Z,1777976334817,v1
0.01,low_risk,no_action,0,No action,2026-05-05T10:18:54.830Z,1777976334817,v1
0,low_risk,no_action,0,No action,2026-05-05T10:18:54.830Z,1777976334817,v1
0,low_risk,no_action,0,No action,2026-05-05T10:18:54.830Z,1777976334817,v1
0.97,high_risk,premium_retention_offer,66.4,Send premium retention offer,2026-05-05T10:18:54.830Z,1777976334817,v1
0,low_risk,no_action,0,No action,2026-05-05T10:18:54.830Z,1777976334817,v1
0,low_risk,no_action,0,No action,2026-05-05T10:18:54.830Z,1777976334817,v1
0,low_risk,no_action,0,No action,2026-05-05T10:18:54.830Z,1777976334817,v1
0,low_risk,no_action,0,No action,2026-05-05T10:18:54.830Z,1777976334817,v1
0,low_risk,no_action,0,No action,2026-05-05T10:18:54.830Z,1777976334817,v1
0,low_risk,no_action,0,No action,2026-05-05T10:18:54.830Z,1777976334817,v1
1,high_risk,premium_retention_offer,70,Send premium retention offer,2026-05-05T10:18:54.830Z,1777976334817,v1
0.01,low_risk,no_action,0,No action,2026-05-05T10:18:54.830Z,1777976334817,v1
1,high_risk,premium_retention_offer,70,Send premium retention offer,2026-05-05T10:18:54.830Z,1777976334817,v1
0.99,high_risk,premium_retention_offer,68.8,Send premium retention offer,2026-05-05T10:18:54.830Z,1777976334817,v1
0,low_risk,no_action,0,No action,2026-05-05T10:18:54.830Z,1777976334817,v1
0,low_risk,no_action,0,No action,2026-05-05T10:18:54.830Z,1777976334817,v1
0,low_risk,no_action,0,No action,2026-05-05T10:18:54.830Z,1777976334817,v1
0.01,low_risk,no_action,0,No action,2026-05-05T10:18:54.830Z,1777976334817,v1
0,low_risk,no_action,0,No action,2026-05-05T10:18:54.830Z,1777976334817,v1
1,high_risk,premium_retention_offer,70,Send premium retention offer,2026-05-05T10:18:54.830Z,1777976334817,v1
0,low_risk,no_action,0,No action,2026-05-05T10:18:54.830Z,1777976334817,v1
0,low_risk,no_action,0,No action,2026-05-05T10:18:54.830Z,1777976334817,v1
0,low_risk,no_action,0,No action,2026-05-05T10:18:54.830Z,1777976334817,v1
0,low_risk,no_action,0,No action,2026-05-05T10:18:54.830Z,1777976334817,v1
1,high_risk,premium_retention_offer,70,Send premium retention offer,2026-05-05T10:18:54.830Z,1777976334817,v1
0,low_risk,no_action,0,No action,2026-05-05T10:18:54.830Z,1777976334817,v1
0,low_risk,no_action,0,No action,2026-05-05T10:18:54.830Z,1777976334817,v1
0,low_risk,no_action,0,No action,2026-05-05T10:18:54.830Z,1777976334817,v1
1,high_risk,premium_retention_offer,70,Send premium retention offer,2026-05-05T10:18:54.830Z,1777976334817,v1
1,high_risk,premium_retention_offer,70,Send premium retention offer,2026-05-05T10:18:54.830Z,1777976334817,v1
0.98,high_risk,premium_retention_offer,67.6,Send premium retention offer,2026-05-05T10:18:54.830Z,1777976334817,v1
0.99,high_risk,premium_retention_offer,68.8,Send premium retention offer,2026-05-05T10:18:54.830Z,1777976334817,v1
0,low_risk,no_action,0,No action,2026-05-05T10:18:54.830Z,1777976334817,v1
1,high_risk,premium_retention_offer,70,Send premium retention offer,2026-05-05T10:18:54.830Z,1777976334817,v1
0,low_risk,no_action,0,No action,2026-05-05T10:18:54.830Z,1777976334817,v1
0,low_risk,no_action,0,No action,2026-05-05T10:18:54.830Z,1777976334817,v1
1,high_risk,premium_retention_offer,70,Send premium retention offer,2026-05-05T10:18:54.830Z,1777976334817,v1
0,low_risk,no_action,0,No action,2026-05-05T10:18:54.830Z,1777976334817,v1
0,low_risk,no_action,0,No action,2026-05-05T10:18:54.830Z,1777976334817,v1
0,low_risk,no_action,0,No action,2026-05-05T10:18:54.830Z,1777976334817,v1
0,low_risk,no_action,0,No action,2026-05-05T10:18:54.830Z,1777976334817,v1
0.99,high_risk,premium_retention_offer,68.8,Send premium retention offer,2026-05-05T10:18:54.830Z,1777976334817,v1
0,low_risk,no_action,0,No action,2026-05-05T10:18:54.830Z,1777976334817,v1
0,low_risk,no_action,0,No action,2026-05-05T10:18:54.830Z,1777976334817,v1
0,low_risk,no_action,0,No action,2026-05-05T10:18:54.830Z,1777976334817,v1
0,low_risk,no_action,0,No action,2026-05-05T10:18:54.830Z,1777976334817,v1
1,high_risk,premium_retention_offer,70,Send premium retention offer,2026-05-05T10:18:54.830Z,1777976334817,v1
0,low_risk,no_action,0,No action,2026-05-05T10:18:54.830Z,1777976334817,v1
0,low_risk,no_action,0,No action,2026-05-05T10:18:54.830Z,1777976334817,v1
0,low_risk,no_action,0,No action,2026-05-05T10:18:54.830Z,1777976334817,v1
0,low_risk,no_action,0,No action,2026-05-05T10:18:54.830Z,1777976334817,v1
0,low_risk,no_action,0,No action,2026-05-05T10:18:54.830Z,1777976334817,v1
1,high_risk,premium_retention_offer,70,Send premium retention offer,2026-05-05T10:18:54.830Z,1777976334817,v1
0,low_risk,no_action,0,No action,2026-05-05T10:18:54.830Z,1777976334817,v1
0,low_risk,no_action,0,No action,2026-05-05T10:18:54.830Z,1777976334817,v1
1,high_risk,premium_retention_offer,70,Send premium retention offer,2026-05-05T10:18:54.830Z,1777976334817,v1
0,low_risk,no_action,0,No action,2026-05-05T10:18:54.830Z,1777976334817,v1
0,low_risk,no_action,0,No action,2026-05-05T10:18:54.830Z,1777976334817,v1
0.01,low_risk,no_action,0,No action,2026-05-05T10:18:54.830Z,1777976334817,v1
0,low_risk,no_action,0,No action,2026-05-05T10:18:54.830Z,1777976334817,v1
1,high_risk,premium_retention_offer,70,Send premium retention offer,2026-05-05T10:18:54.830Z,1777976334817,v1
0,low_risk,no_action,0,No action,2026-05-05T10:18:54.830Z,1777976334817,v1
0,low_risk,no_action,0,No action,2026-05-05T10:18:54.830Z,1777976334817,v1
0,low_risk,no_action,0,No action,2026-05-05T10:18:54.830Z,1777976334817,v1
0,low_risk,no_action,0,No action,2026-05-05T10:18:54.830Z,1777976334817,v1
1,high_risk,premium_retention_offer,70,Send premium retention offer,2026-05-05T10:18:54.830Z,1777976334817,v1
0,low_risk,no_action,0,No action,2026-05-05T10:18:54.830Z,1777976334817,v1
0,low_risk,no_action,0,No action,2026-05-05T10:18:54.830Z,1777976334817,v1
0,low_risk,no_action,0,No action,2026-05-05T10:18:54.830Z,1777976334817,v1
0,low_risk,no_action,0,No action,2026-05-05T10:18:54.830Z,1777976334817,v1
0,low_risk,no_action,0,No action,2026-05-05T10:18:54.830Z,1777976334817,v1
1,high_risk,premium_retention_offer,70,Send premium retention offer,2026-05-05T10:18:54.830Z,1777976334817,v1
0.99,high_risk,premium_retention_offer,68.8,Send premium retention offer,2026-05-05T10:18:54.830Z,1777976334817,v1
0,low_risk,no_action,0,No action,2026-05-05T10:18:54.830Z,1777976334817,v1
0,low_risk,no_action,0,No action,2026-05-05T10:18:54.830Z,1777976334817,v1
1,high_risk,premium_retention_offer,70,Send premium retention offer,2026-05-05T10:18:54.830Z,1777976334817,v1
0,low_risk,no_action,0,No action,2026-05-05T10:18:54.830Z,1777976334817,v1
0,low_risk,no_action,0,No action,2026-05-05T10:18:54.830Z,1777976334817,v1
0,low_risk,no_action,0,No action,2026-05-05T10:18:54.830Z,1777976334817,v1
0,low_risk,no_action,0,No action,2026-05-05T10:18:54.830Z,1777976334817,v1
0,low_risk,no_action,0,No action,2026-05-05T10:18:54.830Z,1777976334817,v1
0.98,high_risk,premium_retention_offer,67.6,Send premium retention offer,2026-05-05T10:18:54.830Z,1777976334817,v1
0.99,high_risk,premium_retention_offer,68.8,Send premium retention offer,2026-05-05T10:18:54.830Z,1777976334817,v1
0,low_risk,no_action,0,No action,2026-05-05T10:18:54.830Z,1777976334817,v1
0,low_risk,no_action,0,No action,2026-05-05T10:18:54.830Z,1777976334817,v1
0,low_risk,no_action,0,No action,2026-05-05T10:18:54.830Z,1777976334817,v1
0,low_risk,no_action,0,No action,2026-05-05T10:18:54.830Z,1777976334817,v1
0,low_risk,no_action,0,No action,2026-05-05T10:18:54.830Z,1777976334817,v1
0,low_risk,no_action,0,No action,2026-05-05T10:18:54.830Z,1777976334817,v1
0,low_risk,no_action,0,No action,2026-05-05T10:18:54.830Z,1777976334817,v1
0,low_risk,no_action,0,No action,2026-05-05T10:18:54.830Z,1777976334817,v1
0,low_risk,no_action,0,No action,2026-05-05T10:18:54.830Z,1777976334817,v1
0,low_risk,no_action,0,No action,2026-05-05T10:18:54.830Z,1777976334817,v1
0,low_risk,no_action,0,No action,2026-05-05T10:18:54.830Z,1777976334817,v1
0,low_risk,no_action,0,No action,2026-05-05T10:18:54.830Z,1777976334817,v1
0,low_risk,no_action,0,No action,2026-05-05T10:18:54.830Z,1777976334817,v1
0,low_risk,no_action,0,No action,2026-05-05T10:18:54.830Z,1777976334817,v1
0,low_risk,no_action,0,No action,2026-05-05T10:18:54.830Z,1777976334817,v1
0,low_risk,no_action,0,No action,2026-05-05T10:18:54.830Z,1777976334817,v1
0,low_risk,no_action,0,No action,2026-05-05T10:18:54.830Z,1777976334817,v1
0.99,high_risk,premium_retention_offer,68.8,Send premium retention offer,2026-05-05T10:18:54.830Z,1777976334817,v1
0,low_risk,no_action,0,No action,2026-05-05T10:18:54.830Z,1777976334817,v1
0,low_risk,no_action,0,No action,2026-05-05T10:18:54.830Z,1777976334817,v1
1,high_risk,premium_retention_offer,70,Send premium retention offer,2026-05-05T10:18:54.830Z,1777976334817,v1
0,low_risk,no_action,0,No action,2026-05-05T10:18:54.830Z,1777976334817,v1
0,low_risk,no_action,0,No action,2026-05-05T10:18:54.830Z,1777976334817,v1
0,low_risk,no_action,0,No action,2026-05-05T10:18:54.830Z,1777976334817,v1
0,low_risk,no_action,0,No action,2026-05-05T10:18:54.830Z,1777976334817,v1
0,low_risk,no_action,0,No action,2026-05-05T10:18:54.830Z,1777976334817,v1
0,low_risk,no_action,0,No action,2026-05-05T10:18:54.830Z,1777976334817,v1
0,low_risk,no_action,0,No action,2026-05-05T10:18:54.830Z,1777976334817,v1
1,high_risk,premium_retention_offer,70,Send premium retention offer,2026-05-05T10:18:54.830Z,1777976334817,v1
0,low_risk,no_action,0,No action,2026-05-05T10:18:54.830Z,1777976334817,v1
0,low_risk,no_action,0,No action,2026-05-05T10:18:54.830Z,1777976334817,v1
0,low_risk,no_action,0,No action,2026-05-05T10:18:54.830Z,1777976334817,v1
0,low_risk,no_action,0,No action,2026-05-05T10:18:54.830Z,1777976334817,v1
1,high_risk,premium_retention_offer,70,Send premium retention offer,2026-05-05T10:18:54.830Z,1777976334817,v1
0,low_risk,no_action,0,No action,2026-05-05T10:18:54.830Z,1777976334817,v1
0,low_risk,no_action,0,No action,2026-05-05T10:18:54.830Z,1777976334817,v1
0,low_risk,no_action,0,No action,2026-05-05T10:18:54.830Z,1777976334817,v1
0,low_risk,no_action,0,No action,2026-05-05T10:18:54.830Z,1777976334817,v1
0,low_risk,no_action,0,No action,2026-05-05T10:18:54.830Z,1777976334817,v1
1,high_risk,premium_retention_offer,70,Send premium retention offer,2026-05-05T10:18:54.830Z,1777976334817,v1
0,low_risk,no_action,0,No action,2026-05-05T10:18:54.830Z,1777976334817,v1
0,low_risk,no_action,0,No action,2026-05-05T10:18:54.830Z,1777976334817,v1
1,high_risk,premium_retention_offer,70,Send premium retention offer,2026-05-05T10:18:54.830Z,1777976334817,v1
0,low_risk,no_action,0,No action,2026-05-05T10:18:54.830Z,1777976334817,v1
0,low_risk,no_action,0,No action,2026-05-05T10:18:54.830Z,1777976334817,v1
0,low_risk,no_action,0,No action,2026-05-05T10:18:54.830Z,1777976334817,v1
0,low_risk,no_action,0,No action,2026-05-05T10:18:54.830Z,1777976334817,v1
0,low_risk,no_action,0,No action,2026-05-05T10:18:54.830Z,1777976334817,v1
0,low_risk,no_action,0,No action,2026-05-05T10:18:54.830Z,1777976334817,v1
0.99,high_risk,premium_retention_offer,68.8,Send premium retention offer,2026-05-05T10:18:54.830Z,1777976334817,v1
0.98,high_risk,premium_retention_offer,67.6,Send premium retention offer,2026-05-05T10:18:54.830Z,1777976334817,v1
1,high_risk,premium_retention_offer,70,Send premium retention offer,2026-05-05T10:18:54.830Z,1777976334817,v1
1,high_risk,premium_retention_offer,70,Send premium retention offer,2026-05-05T10:18:54.830Z,1777976334817,v1
0,low_risk,no_action,0,No action,2026-05-05T10:18:54.830Z,1777976334817,v1
0.95,high_risk,premium_retention_offer,64,Send premium retention offer,2026-05-05T10:18:54.830Z,1777976334817,v1
0,low_risk,no_action,0,No action,2026-05-05T10:18:54.830Z,1777976334817,v1
0,low_risk,no_action,0,No action,2026-05-05T10:18:54.830Z,1777976334817,v1
0,low_risk,no_action,0,No action,2026-05-05T10:18:54.830Z,1777976334817,v1
0,low_risk,no_action,0,No action,2026-05-05T10:18:54.830Z,1777976334817,v1
0,low_risk,no_action,0,No action,2026-05-05T10:18:54.830Z,1777976334817,v1
1,high_risk,premium_retention_offer,70,Send premium retention offer,2026-05-05T10:18:54.830Z,1777976334817,v1
0,low_risk,no_action,0,No action,2026-05-05T10:18:54.830Z,1777976334817,v1
1,high_risk,premium_retention_offer,70,Send premium retention offer,2026-05-05T10:18:54.830Z,1777976334817,v1
0,low_risk,no_action,0,No action,2026-05-05T10:18:54.830Z,1777976334817,v1
0,low_risk,no_action,0,No action,2026-05-05T10:18:54.830Z,1777976334817,v1
0,low_risk,no_action,0,No action,2026-05-05T10:18:54.830Z,1777976334817,v1
0,low_risk,no_action,0,No action,2026-05-05T10:18:54.830Z,1777976334817,v1
0,low_risk,no_action,0,No action,2026-05-05T10:18:54.830Z,1777976334817,v1
0,low_risk,no_action,0,No action,2026-05-05T10:18:54.830Z,1777976334817,v1
0,low_risk,no_action,0,No action,2026-05-05T10:18:54.830Z,1777976334817,v1
0.01,low_risk,no_action,0,No action,2026-05-05T10:18:54.830Z,1777976334817,v1
0,low_risk,no_action,0,No action,2026-05-05T10:18:54.830Z,1777976334817,v1
0,low_risk,no_action,0,No action,2026-05-05T10:18:54.830Z,1777976334817,v1
1,high_risk,premium_retention_offer,70,Send premium retention offer,2026-05-05T10:18:54.830Z,1777976334817,v1
0,low_risk,no_action,0,No action,2026-05-05T10:18:54.830Z,1777976334817,v1
0,low_risk,no_action,0,No action,2026-05-05T10:18:54.830Z,1777976334817,v1
0.01,low_risk,no_action,0,No action,2026-05-05T10:18:54.830Z,1777976334817,v1
0.98,high_risk,premium_retention_offer,67.6,Send premium retention offer,2026-05-05T10:18:54.830Z,1777976334817,v1
1,high_risk,premium_retention_offer,70,Send premium retention offer,2026-05-05T10:18:54.830Z,1777976334817,v1
0,low_risk,no_action,0,No action,2026-05-05T10:18:54.830Z,1777976334817,v1
0,low_risk,no_action,0,No action,2026-05-05T10:18:54.830Z,1777976334817,v1
1,high_risk,premium_retention_offer,70,Send premium retention offer,2026-05-05T10:18:54.830Z,1777976334817,v1
0,low_risk,no_action,0,No action,2026-05-05T10:18:54.830Z,1777976334817,v1
0,low_risk,no_action,0,No action,2026-05-05T10:18:54.830Z,1777976334817,v1
0,low_risk,no_action,0,No action,2026-05-05T10:18:54.830Z,1777976334817,v1
0,low_risk,no_action,0,No action,2026-05-05T10:18:54.830Z,1777976334817,v1
1,high_risk,premium_retention_offer,70,Send premium retention offer,2026-05-05T10:18:54.830Z,1777976334817,v1
0,low_risk,no_action,0,No action,2026-05-05T10:18:54.830Z,1777976334817,v1
0,low_risk,no_action,0,No action,2026-05-05T10:18:54.830Z,1777976334817,v1
0,low_risk,no_action,0,No action,2026-05-05T10:18:54.830Z,1777976334817,v1
0,low_risk,no_action,0,No action,2026-05-05T10:18:54.830Z,1777976334817,v1
0,low_risk,no_action,0,No action,2026-05-05T10:18:54.830Z,1777976334817,v1
0,low_risk,no_action,0,No action,2026-05-05T10:18:54.830Z,1777976334817,v1
0,low_risk,no_action,0,No action,2026-05-05T10:18:54.830Z,1777976334817,v1
0,low_risk,no_action,0,No action,2026-05-05T10:18:54.830Z,1777976334817,v1
0,low_risk,no_action,0,No action,2026-05-05T10:18:54.830Z,1777976334817,v1
0.01,low_risk,no_action,0,No action,2026-05-05T10:18:54.830Z,1777976334817,v1
0,low_risk,no_action,0,No action,2026-05-05T10:18:54.830Z,1777976334817,v1
0.99,high_risk,premium_retention_offer,68.8,Send premium retention offer,2026-05-05T10:18:54.830Z,1777976334817,v1
0.01,low_risk,no_action,0,No action,2026-05-05T10:18:54.830Z,1777976334817,v1
0.01,low_risk,no_action,0,No action,2026-05-05T10:18:54.830Z,1777976334817,v1
0,low_risk,no_action,0,No action,2026-05-05T10:18:54.830Z,1777976334817,v1
1,high_risk,premium_retention_offer,70,Send premium retention offer,2026-05-05T10:18:54.830Z,1777976334817,v1
0,low_risk,no_action,0,No action,2026-05-05T10:18:54.830Z,1777976334817,v1
0,low_risk,no_action,0,No action,2026-05-05T10:18:54.830Z,1777976334817,v1
0,low_risk,no_action,0,No action,2026-05-05T10:18:54.830Z,1777976334817,v1
0,low_risk,no_action,0,No action,2026-05-05T10:18:54.830Z,1777976334817,v1
0,low_risk,no_action,0,No action,2026-05-05T10:18:54.830Z,1777976334817,v1
0,low_risk,no_action,0,No action,2026-05-05T10:18:54.830Z,1777976334817,v1
0,low_risk,no_action,0,No action,2026-05-05T10:18:54.830Z,1777976334817,v1
0,low_risk,no_action,0,No action,2026-05-05T10:18:54.830Z,1777976334817,v1
0,low_risk,no_action,0,No action,2026-05-05T10:18:54.830Z,1777976334817,v1
0,low_risk,no_action,0,No action,2026-05-05T10:18:54.830Z,1777976334817,v1
1,high_risk,premium_retention_offer,70,Send premium retention offer,2026-05-05T10:18:54.830Z,1777976334817,v1
1,high_risk,premium_retention_offer,70,Send premium retention offer,2026-05-05T10:18:54.830Z,1777976334817,v1
0.01,low_risk,no_action,0,No action,2026-05-05T10:18:54.830Z,1777976334817,v1
0,low_risk,no_action,0,No action,2026-05-05T10:18:54.830Z,1777976334817,v1
0,low_risk,no_action,0,No action,2026-05-05T10:18:54.830Z,1777976334817,v1
0,low_risk,no_action,0,No action,2026-05-05T10:18:54.830Z,1777976334817,v1
0,low_risk,no_action,0,No action,2026-05-05T10:18:54.830Z,1777976334817,v1
0,low_risk,no_action,0,No action,2026-05-05T10:18:54.830Z,1777976334817,v1
0,low_risk,no_action,0,No action,2026-05-05T10:18:54.830Z,1777976334817,v1
0,low_risk,no_action,0,No action,2026-05-05T10:18:54.830Z,1777976334817,v1
1,high_risk,premium_retention_offer,70,Send premium retention offer,2026-05-05T10:18:54.830Z,1777976334817,v1
0,low_risk,no_action,0,No action,2026-05-05T10:18:54.830Z,1777976334817,v1
0,low_risk,no_action,0,No action,2026-05-05T10:18:54.830Z,1777976334817,v1
0,low_risk,no_action,0,No action,2026-05-05T10:18:54.830Z,1777976334817,v1
0,low_risk,no_action,0,No action,2026-05-05T10:18:54.830Z,1777976334817,v1
0,low_risk,no_action,0,No action,2026-05-05T10:18:54.830Z,1777976334817,v1
0,low_risk,no_action,0,No action,2026-05-05T10:18:54.830Z,1777976334817,v1
0.01,low_risk,no_action,0,No action,2026-05-05T10:18:54.830Z,1777976334817,v1
0,low_risk,no_action,0,No action,2026-05-05T10:18:54.830Z,1777976334817,v1
0,low_risk,no_action,0,No action,2026-05-05T10:18:54.830Z,1777976334817,v1
0,low_risk,no_action,0,No action,2026-05-05T10:18:54.830Z,1777976334817,v1
0,low_risk,no_action,0,No action,2026-05-05T10:18:54.830Z,1777976334817,v1
0,low_risk,no_action,0,No action,2026-05-05T10:18:54.830Z,1777976334817,v1
0,low_risk,no_action,0,No action,2026-05-05T10:18:54.830Z,1777976334817,v1
0,low_risk,no_action,0,No action,2026-05-05T10:18:54.830Z,1777976334817,v1
0.97,high_risk,premium_retention_offer,66.4,Send premium retention offer,2026-05-05T10:18:54.830Z,1777976334817,v1
0,low_risk,no_action,0,No action,2026-05-05T10:18:54.830Z,1777976334817,v1
0.99,high_risk,premium_retention_offer,68.8,Send premium retention offer,2026-05-05T10:18:54.830Z,1777976334817,v1
1,high_risk,premium_retention_offer,70,Send premium retention offer,2026-05-05T10:18:54.830Z,1777976334817,v1
0.01,low_risk,no_action,0,No action,2026-05-05T10:18:54.830Z,1777976334817,v1
0,low_risk,no_action,0,No action,2026-05-05T10:18:54.831Z,1777976334817,v1
0,low_risk,no_action,0,No action,2026-05-05T10:18:54.831Z,1777976334817,v1
0,low_risk,no_action,0,No action,2026-05-05T10:18:54.831Z,1777976334817,v1
0.99,high_risk,premium_retention_offer,68.8,Send premium retention offer,2026-05-05T10:18:54.831Z,1777976334817,v1
0,low_risk,no_action,0,No action,2026-05-05T10:18:54.831Z,1777976334817,v1
0,low_risk,no_action,0,No action,2026-05-05T10:18:54.831Z,1777976334817,v1
1,high_risk,premium_retention_offer,70,Send premium retention offer,2026-05-05T10:18:54.831Z,1777976334817,v1
0,low_risk,no_action,0,No action,2026-05-05T10:18:54.831Z,1777976334817,v1
0,low_risk,no_action,0,No action,2026-05-05T10:18:54.831Z,1777976334817,v1
0,low_risk,no_action,0,No action,2026-05-05T10:18:54.831Z,1777976334817,v1
1,high_risk,premium_retention_offer,70,Send premium retention offer,2026-05-05T10:18:54.831Z,1777976334817,v1
0,low_risk,no_action,0,No action,2026-05-05T10:18:54.831Z,1777976334817,v1
0,low_risk,no_action,0,No action,2026-05-05T10:18:54.831Z,1777976334817,v1
0,low_risk,no_action,0,No action,2026-05-05T10:18:54.831Z,1777976334817,v1
0,low_risk,no_action,0,No action,2026-05-05T10:18:54.831Z,1777976334817,v1
0.01,low_risk,no_action,0,No action,2026-05-05T10:18:54.831Z,1777976334817,v1
0,low_risk,no_action,0,No action,2026-05-05T10:18:54.831Z,1777976334817,v1
0,low_risk,no_action,0,No action,2026-05-05T10:18:54.831Z,1777976334817,v1
0,low_risk,no_action,0,No action,2026-05-05T10:18:54.831Z,1777976334817,v1
0,low_risk,no_action,0,No action,2026-05-05T10:18:54.831Z,1777976334817,v1
0.01,low_risk,no_action,0,No action,2026-05-05T10:18:54.831Z,1777976334817,v1
0,low_risk,no_action,0,No action,2026-05-05T10:18:54.831Z,1777976334817,v1
0,low_risk,no_action,0,No action,2026-05-05T10:18:54.831Z,1777976334817,v1
0,low_risk,no_action,0,No action,2026-05-05T10:18:54.831Z,1777976334817,v1
0,low_risk,no_action,0,No action,2026-05-05T10:18:54.831Z,1777976334817,v1
0,low_risk,no_action,0,No action,2026-05-05T10:18:54.831Z,1777976334817,v1
0.99,high_risk,premium_retention_offer,68.8,Send premium retention offer,2026-05-05T10:18:54.831Z,1777976334817,v1
1,high_risk,premium_retention_offer,70,Send premium retention offer,2026-05-05T10:18:54.831Z,1777976334817,v1
1,high_risk,premium_retention_offer,70,Send premium retention offer,2026-05-05T10:18:54.831Z,1777976334817,v1
0,low_risk,no_action,0,No action,2026-05-05T10:18:54.831Z,1777976334817,v1
0,low_risk,no_action,0,No action,2026-05-05T10:18:54.831Z,1777976334817,v1
0,low_risk,no_action,0,No action,2026-05-05T10:18:54.831Z,1777976334817,v1
0,low_risk,no_action,0,No action,2026-05-05T10:18:54.831Z,1777976334817,v1
0,low_risk,no_action,0,No action,2026-05-05T10:18:54.831Z,1777976334817,v1
0,low_risk,no_action,0,No action,2026-05-05T10:18:54.831Z,1777976334817,v1
0,low_risk,no_action,0,No action,2026-05-05T10:18:54.831Z,1777976334817,v1
0.99,high_risk,premium_retention_offer,68.8,Send premium retention offer,2026-05-05T10:18:54.831Z,1777976334817,v1
0.99,high_risk,premium_retention_offer,68.8,Send premium retention offer,2026-05-05T10:18:54.831Z,1777976334817,v1
0,low_risk,no_action,0,No action,2026-05-05T10:18:54.831Z,1777976334817,v1
0.98,high_risk,premium_retention_offer,67.6,Send premium retention offer,2026-05-05T10:18:54.831Z,1777976334817,v1
0,low_risk,no_action,0,No action,2026-05-05T10:18:54.831Z,1777976334817,v1
1,high_risk,premium_retention_offer,70,Send premium retention offer,2026-05-05T10:18:54.831Z,1777976334817,v1
1,high_risk,premium_retention_offer,70,Send premium retention offer,2026-05-05T10:18:54.831Z,1777976334817,v1
0,low_risk,no_action,0,No action,2026-05-05T10:18:54.831Z,1777976334817,v1
0.01,low_risk,no_action,0,No action,2026-05-05T10:18:54.831Z,1777976334817,v1
0,low_risk,no_action,0,No action,2026-05-05T10:18:54.831Z,1777976334817,v1
0,low_risk,no_action,0,No action,2026-05-05T10:18:54.831Z,1777976334817,v1
0,low_risk,no_action,0,No action,2026-05-05T10:18:54.831Z,1777976334817,v1
0,low_risk,no_action,0,No action,2026-05-05T10:18:54.831Z,1777976334817,v1
0.99,high_risk,premium_retention_offer,68.8,Send premium retention offer,2026-05-05T10:18:54.831Z,1777976334817,v1
1,high_risk,premium_retention_offer,70,Send premium retention offer,2026-05-05T10:18:54.831Z,1777976334817,v1
0.01,low_risk,no_action,0,No action,2026-05-05T10:18:54.831Z,1777976334817,v1
0,low_risk,no_action,0,No action,2026-05-05T10:18:54.831Z,1777976334817,v1
0,low_risk,no_action,0,No action,2026-05-05T10:18:54.831Z,1777976334817,v1
0,low_risk,no_action,0,No action,2026-05-05T10:18:54.831Z,1777976334817,v1
0.98,high_risk,premium_retention_offer,67.6,Send premium retention offer,2026-05-05T10:18:54.831Z,1777976334817,v1
0,low_risk,no_action,0,No action,2026-05-05T10:18:54.831Z,1777976334817,v1
0,low_risk,no_action,0,No action,2026-05-05T10:18:54.831Z,1777976334817,v1
0,low_risk,no_action,0,No action,2026-05-05T10:18:54.831Z,1777976334817,v1
0,low_risk,no_action,0,No action,2026-05-05T10:18:54.831Z,1777976334817,v1
0,low_risk,no_action,0,No action,2026-05-05T10:18:54.831Z,1777976334817,v1
0,low_risk,no_action,0,No action,2026-05-05T10:18:54.831Z,1777976334817,v1
0,low_risk,no_action,0,No action,2026-05-05T10:18:54.831Z,1777976334817,v1
0.05,low_risk,no_action,0,No action,2026-05-05T10:18:54.831Z,1777976334817,v1
0,low_risk,no_action,0,No action,2026-05-05T10:18:54.831Z,1777976334817,v1
0,low_risk,no_action,0,No action,2026-05-05T10:18:54.831Z,1777976334817,v1
0,low_risk,no_action,0,No action,2026-05-05T10:18:54.831Z,1777976334817,v1
0.01,low_risk,no_action,0,No action,2026-05-05T10:18:54.831Z,1777976334817,v1
0,low_risk,no_action,0,No action,2026-05-05T10:18:54.831Z,1777976334817,v1
0.97,high_risk,premium_retention_offer,66.4,Send premium retention offer,2026-05-05T10:18:54.831Z,1777976334817,v1
0.98,high_risk,premium_retention_offer,67.6,Send premium retention offer,2026-05-05T10:18:54.831Z,1777976334817,v1
0,low_risk,no_action,0,No action,2026-05-05T10:18:54.831Z,1777976334817,v1
0,low_risk,no_action,0,No action,2026-05-05T10:18:54.831Z,1777976334817,v1
0,low_risk,no_action,0,No action,2026-05-05T10:18:54.831Z,1777976334817,v1
0,low_risk,no_action,0,No action,2026-05-05T10:18:54.831Z,1777976334817,v1
0,low_risk,no_action,0,No action,2026-05-05T10:18:54.831Z,1777976334817,v1
0,low_risk,no_action,0,No action,2026-05-05T10:18:54.831Z,1777976334817,v1
0,low_risk,no_action,0,No action,2026-05-05T10:18:54.831Z,1777976334817,v1
0,low_risk,no_action,0,No action,2026-05-05T10:18:54.831Z,1777976334817,v1
0,low_risk,no_action,0,No action,2026-05-05T10:18:54.831Z,1777976334817,v1
0,low_risk,no_action,0,No action,2026-05-05T10:18:54.831Z,1777976334817,v1
0.99,high_risk,premium_retention_offer,68.8,Send premium retention offer,2026-05-05T10:18:54.831Z,1777976334817,v1
0,low_risk,no_action,0,No action,2026-05-05T10:18:54.831Z,1777976334817,v1
0,low_risk,no_action,0,No action,2026-05-05T10:18:54.831Z,1777976334817,v1
1,high_risk,premium_retention_offer,70,Send premium retention offer,2026-05-05T10:18:54.831Z,1777976334817,v1
0,low_risk,no_action,0,No action,2026-05-05T10:18:54.831Z,1777976334817,v1
0,low_risk,no_action,0,No action,2026-05-05T10:18:54.831Z,1777976334817,v1
0.98,high_risk,premium_retention_offer,67.6,Send premium retention offer,2026-05-05T10:18:54.831Z,1777976334817,v1
0,low_risk,no_action,0,No action,2026-05-05T10:18:54.831Z,1777976334817,v1
0,low_risk,no_action,0,No action,2026-05-05T10:18:54.831Z,1777976334817,v1
0,low_risk,no_action,0,No action,2026-05-05T10:18:54.831Z,1777976334817,v1
0,low_risk,no_action,0,No action,2026-05-05T10:18:54.831Z,1777976334817,v1
0.98,high_risk,premium_retention_offer,67.6,Send premium retention offer,2026-05-05T10:18:54.831Z,1777976334817,v1
0.98,high_risk,premium_retention_offer,67.6,Send premium retention offer,2026-05-05T10:18:54.831Z,1777976334817,v1
0,low_risk,no_action,0,No action,2026-05-05T10:18:54.831Z,1777976334817,v1
0.98,high_risk,premium_retention_offer,67.6,Send premium retention offer,2026-05-05T10:18:54.831Z,1777976334817,v1
0,low_risk,no_action,0,No action,2026-05-05T10:18:54.831Z,1777976334817,v1
0,low_risk,no_action,0,No action,2026-05-05T10:18:54.831Z,1777976334817,v1
1,high_risk,premium_retention_offer,70,Send premium retention offer,2026-05-05T10:18:54.831Z,1777976334817,v1
0.01,low_risk,no_action,0,No action,2026-05-05T10:18:54.831Z,1777976334817,v1
0.97,high_risk,premium_retention_offer,66.4,Send premium retention offer,2026-05-05T10:18:54.831Z,1777976334817,v1
0,low_risk,no_action,0,No action,2026-05-05T10:18:54.831Z,1777976334817,v1
1,high_risk,premium_retention_offer,70,Send premium retention offer,2026-05-05T10:18:54.831Z,1777976334817,v1
0,low_risk,no_action,0,No action,2026-05-05T10:18:54.831Z,1777976334817,v1
0.01,low_risk,no_action,0,No action,2026-05-05T10:18:54.831Z,1777976334817,v1
0,low_risk,no_action,0,No action,2026-05-05T10:18:54.831Z,1777976334817,v1
1,high_risk,premium_retention_offer,70,Send premium retention offer,2026-05-05T10:18:54.831Z,1777976334817,v1
0,low_risk,no_action,0,No action,2026-05-05T10:18:54.831Z,1777976334817,v1
0,low_risk,no_action,0,No action,2026-05-05T10:18:54.831Z,1777976334817,v1
0,low_risk,no_action,0,No action,2026-05-05T10:18:54.831Z,1777976334817,v1
0,low_risk,no_action,0,No action,2026-05-05T10:18:54.831Z,1777976334817,v1
0,low_risk,no_action,0,No action,2026-05-05T10:18:54.831Z,1777976334817,v1
1,high_risk,premium_retention_offer,70,Send premium retention offer,2026-05-05T10:18:54.831Z,1777976334817,v1
0,low_risk,no_action,0,No action,2026-05-05T10:18:54.831Z,1777976334817,v1
0,low_risk,no_action,0,No action,2026-05-05T10:18:54.831Z,1777976334817,v1
0,low_risk,no_action,0,No action,2026-05-05T10:18:54.831Z,1777976334817,v1
0,low_risk,no_action,0,No action,2026-05-05T10:18:54.831Z,1777976334817,v1
0,low_risk,no_action,0,No action,2026-05-05T10:18:54.831Z,1777976334817,v1
0,low_risk,no_action,0,No action,2026-05-05T10:18:54.831Z,1777976334817,v1
0,low_risk,no_action,0,No action,2026-05-05T10:18:54.831Z,1777976334817,v1
0,low_risk,no_action,0,No action,2026-05-05T10:18:54.831Z,1777976334817,v1
0,low_risk,no_action,0,No action,2026-05-05T10:18:54.831Z,1777976334817,v1
0,low_risk,no_action,0,No action,2026-05-05T10:18:54.831Z,1777976334817,v1
0,low_risk,no_action,0,No action,2026-05-05T10:18:54.831Z,1777976334817,v1
0,low_risk,no_action,0,No action,2026-05-05T10:18:54.831Z,1777976334817,v1
1,high_risk,premium_retention_offer,70,Send premium retention offer,2026-05-05T10:18:54.831Z,1777976334817,v1
0,low_risk,no_action,0,No action,2026-05-05T10:18:54.831Z,1777976334817,v1
0.99,high_risk,premium_retention_offer,68.8,Send premium retention offer,2026-05-05T10:18:54.831Z,1777976334817,v1
0,low_risk,no_action,0,No action,2026-05-05T10:18:54.831Z,1777976334817,v1
0,low_risk,no_action,0,No action,2026-05-05T10:18:54.831Z,1777976334817,v1
1,high_risk,premium_retention_offer,70,Send premium retention offer,2026-05-05T10:18:54.831Z,1777976334817,v1
1,high_risk,premium_retention_offer,70,Send premium retention offer,2026-05-05T10:18:54.831Z,1777976334817,v1
1,high_risk,premium_retention_offer,70,Send premium retention offer,2026-05-05T10:18:54.831Z,1777976334817,v1
0,low_risk,no_action,0,No action,2026-05-05T10:18:54.831Z,1777976334817,v1
0,low_risk,no_action,0,No action,2026-05-05T10:18:54.831Z,1777976334817,v1
0,low_risk,no_action,0,No action,2026-05-05T10:18:54.831Z,1777976334817,v1
0,low_risk,no_action,0,No action,2026-05-05T10:18:54.831Z,1777976334817,v1
0,low_risk,no_action,0,No action,2026-05-05T10:18:54.831Z,1777976334817,v1
0,low_risk,no_action,0,No action,2026-05-05T10:18:54.831Z,1777976334817,v1
0,low_risk,no_action,0,No action,2026-05-05T10:18:54.831Z,1777976334817,v1
0,low_risk,no_action,0,No action,2026-05-05T10:18:54.831Z,1777976334817,v1
0,low_risk,no_action,0,No action,2026-05-05T10:18:54.831Z,1777976334817,v1
0,low_risk,no_action,0,No action,2026-05-05T10:18:54.831Z,1777976334817,v1
0,low_risk,no_action,0,No action,2026-05-05T10:18:54.831Z,1777976334817,v1
0,low_risk,no_action,0,No action,2026-05-05T10:18:54.831Z,1777976334817,v1
0,low_risk,no_action,0,No action,2026-05-05T10:18:54.831Z,1777976334817,v1
0,low_risk,no_action,0,No action,2026-05-05T10:18:54.831Z,1777976334817,v1
0,low_risk,no_action,0,No action,2026-05-05T10:18:54.831Z,1777976334817,v1
0,low_risk,no_action,0,No action,2026-05-05T10:18:54.831Z,1777976334817,v1
0,low_risk,no_action,0,No action,2026-05-05T10:18:54.831Z,1777976334817,v1
0,low_risk,no_action,0,No action,2026-05-05T10:18:54.831Z,1777976334817,v1
0,low_risk,no_action,0,No action,2026-05-05T10:18:54.831Z,1777976334817,v1
1,high_risk,premium_retention_offer,70,Send premium retention offer,2026-05-05T10:18:54.831Z,1777976334817,v1
0,low_risk,no_action,0,No action,2026-05-05T10:18:54.831Z,1777976334817,v1
0,low_risk,no_action,0,No action,2026-05-05T10:18:54.831Z,1777976334817,v1
0,low_risk,no_action,0,No action,2026-05-05T10:18:54.831Z,1777976334817,v1
0,low_risk,no_action,0,No action,2026-05-05T10:18:54.831Z,1777976334817,v1
0,low_risk,no_action,0,No action,2026-05-05T10:18:54.831Z,1777976334817,v1
0.99,high_risk,premium_retention_offer,68.8,Send premium retention offer,2026-05-05T10:18:54.831Z,1777976334817,v1
0,low_risk,no_action,0,No action,2026-05-05T10:18:54.831Z,1777976334817,v1
0,low_risk,no_action,0,No action,2026-05-05T10:18:54.831Z,1777976334817,v1
0,low_risk,no_action,0,No action,2026-05-05T10:18:54.831Z,1777976334817,v1
0,low_risk,no_action,0,No action,2026-05-05T10:18:54.831Z,1777976334817,v1
0,low_risk,no_action,0,No action,2026-05-05T10:18:54.831Z,1777976334817,v1
1,high_risk,premium_retention_offer,70,Send premium retention offer,2026-05-05T10:18:54.831Z,1777976334817,v1
0,low_risk,no_action,0,No action,2026-05-05T10:18:54.831Z,1777976334817,v1
0,low_risk,no_action,0,No action,2026-05-05T10:18:54.831Z,1777976334817,v1
0,low_risk,no_action,0,No action,2026-05-05T10:18:54.831Z,1777976334817,v1
0.01,low_risk,no_action,0,No action,2026-05-05T10:18:54.831Z,1777976334817,v1
0,low_risk,no_action,0,No action,2026-05-05T10:18:54.831Z,1777976334817,v1
0,low_risk,no_action,0,No action,2026-05-05T10:18:54.831Z,1777976334817,v1
0,low_risk,no_action,0,No action,2026-05-05T10:18:54.831Z,1777976334817,v1
0,low_risk,no_action,0,No action,2026-05-05T10:18:54.831Z,1777976334817,v1
0,low_risk,no_action,0,No action,2026-05-05T10:18:54.831Z,1777976334817,v1
0,low_risk,no_action,0,No action,2026-05-05T10:18:54.831Z,1777976334817,v1
0,low_risk,no_action,0,No action,2026-05-05T10:18:54.831Z,1777976334817,v1
0,low_risk,no_action,0,No action,2026-05-05T10:18:54.831Z,1777976334817,v1
0,low_risk,no_action,0,No action,2026-05-05T10:18:54.831Z,1777976334817,v1
0,low_risk,no_action,0,No action,2026-05-05T10:18:54.831Z,1777976334817,v1
0,low_risk,no_action,0,No action,2026-05-05T10:18:54.831Z,1777976334817,v1
0,low_risk,no_action,0,No action,2026-05-05T10:18:54.831Z,1777976334817,v1
0,low_risk,no_action,0,No action,2026-05-05T10:18:54.831Z,1777976334817,v1
0,low_risk,no_action,0,No action,2026-05-05T10:18:54.831Z,1777976334817,v1
0,low_risk,no_action,0,No action,2026-05-05T10:18:54.831Z,1777976334817,v1
0,low_risk,no_action,0,No action,2026-05-05T10:18:54.831Z,1777976334817,v1
0,low_risk,no_action,0,No action,2026-05-05T10:18:54.831Z,1777976334817,v1
0,low_risk,no_action,0,No action,2026-05-05T10:18:54.831Z,1777976334817,v1
0,low_risk,no_action,0,No action,2026-05-05T10:18:54.831Z,1777976334817,v1
0,low_risk,no_action,0,No action,2026-05-05T10:18:54.831Z,1777976334817,v1
1,high_risk,premium_retention_offer,70,Send premium retention offer,2026-05-05T10:18:54.831Z,1777976334817,v1
0,low_risk,no_action,0,No action,2026-05-05T10:18:54.831Z,1777976334817,v1
0,low_risk,no_action,0,No action,2026-05-05T10:18:54.831Z,1777976334817,v1
0,low_risk,no_action,0,No action,2026-05-05T10:18:54.831Z,1777976334817,v1
0,low_risk,no_action,0,No action,2026-05-05T10:18:54.831Z,1777976334817,v1
0,low_risk,no_action,0,No action,2026-05-05T10:18:54.831Z,1777976334817,v1
0,low_risk,no_action,0,No action,2026-05-05T10:18:54.831Z,1777976334817,v1
0,low_risk,no_action,0,No action,2026-05-05T10:18:54.831Z,1777976334817,v1
0,low_risk,no_action,0,No action,2026-05-05T10:18:54.831Z,1777976334817,v1
0,low_risk,no_action,0,No action,2026-05-05T10:18:54.831Z,1777976334817,v1
0,low_risk,no_action,0,No action,2026-05-05T10:18:54.831Z,1777976334817,v1
1,high_risk,premium_retention_offer,70,Send premium retention offer,2026-05-05T10:18:54.831Z,1777976334817,v1
0,low_risk,no_action,0,No action,2026-05-05T10:18:54.831Z,1777976334817,v1
0,low_risk,no_action,0,No action,2026-05-05T10:18:54.831Z,1777976334817,v1
0,low_risk,no_action,0,No action,2026-05-05T10:18:54.831Z,1777976334817,v1
0,low_risk,no_action,0,No action,2026-05-05T10:18:54.831Z,1777976334817,v1
0,low_risk,no_action,0,No action,2026-05-05T10:18:54.831Z,1777976334817,v1
0,low_risk,no_action,0,No action,2026-05-05T10:18:54.831Z,1777976334817,v1
0,low_risk,no_action,0,No action,2026-05-05T10:18:54.831Z,1777976334817,v1
0,low_risk,no_action,0,No action,2026-05-05T10:18:54.831Z,1777976334817,v1
0,low_risk,no_action,0,No action,2026-05-05T10:18:54.831Z,1777976334817,v1
0,low_risk,no_action,0,No action,2026-05-05T10:18:54.831Z,1777976334817,v1
0.01,low_risk,no_action,0,No action,2026-05-05T10:18:54.831Z,1777976334817,v1
0,low_risk,no_action,0,No action,2026-05-05T10:18:54.831Z,1777976334817,v1
0.01,low_risk,no_action,0,No action,2026-05-05T10:18:54.831Z,1777976334817,v1
0,low_risk,no_action,0,No action,2026-05-05T10:18:54.831Z,1777976334817,v1
1,high_risk,premium_retention_offer,70,Send premium retention offer,2026-05-05T10:18:54.831Z,1777976334817,v1
0,low_risk,no_action,0,No action,2026-05-05T10:18:54.831Z,1777976334817,v1
0,low_risk,no_action,0,No action,2026-05-05T10:18:54.831Z,1777976334817,v1
0,low_risk,no_action,0,No action,2026-05-05T10:18:54.831Z,1777976334817,v1
0,low_risk,no_action,0,No action,2026-05-05T10:18:54.831Z,1777976334817,v1
0,low_risk,no_action,0,No action,2026-05-05T10:18:54.831Z,1777976334817,v1
0,low_risk,no_action,0,No action,2026-05-05T10:18:54.831Z,1777976334817,v1
0,low_risk,no_action,0,No action,2026-05-05T10:18:54.831Z,1777976334817,v1
0,low_risk,no_action,0,No action,2026-05-05T10:18:54.831Z,1777976334817,v1
0,low_risk,no_action,0,No action,2026-05-05T10:18:54.831Z,1777976334817,v1
0,low_risk,no_action,0,No action,2026-05-05T10:18:54.831Z,1777976334817,v1
0,low_risk,no_action,0,No action,2026-05-05T10:18:54.831Z,1777976334817,v1
0.01,low_risk,no_action,0,No action,2026-05-05T10:18:54.831Z,1777976334817,v1
0,low_risk,no_action,0,No action,2026-05-05T10:18:54.831Z,1777976334817,v1
0,low_risk,no_action,0,No action,2026-05-05T10:18:54.831Z,1777976334817,v1
0,low_risk,no_action,0,No action,2026-05-05T10:18:54.831Z,1777976334817,v1
0,low_risk,no_action,0,No action,2026-05-05T10:18:54.831Z,1777976334817,v1
0,low_risk,no_action,0,No action,2026-05-05T10:18:54.831Z,1777976334817,v1
0.97,high_risk,premium_retention_offer,66.4,Send premium retention offer,2026-05-05T10:18:54.831Z,1777976334817,v1
1,high_risk,premium_retention_offer,70,Send premium retention offer,2026-05-05T10:18:54.831Z,1777976334817,v1
1,high_risk,premium_retention_offer,70,Send premium retention offer,2026-05-05T10:18:54.831Z,1777976334817,v1
0,low_risk,no_action,0,No action,2026-05-05T10:18:54.831Z,1777976334817,v1
0,low_risk,no_action,0,No action,2026-05-05T10:18:54.831Z,1777976334817,v1
1,high_risk,premium_retention_offer,70,Send premium retention offer,2026-05-05T10:18:54.831Z,1777976334817,v1
0,low_risk,no_action,0,No action,2026-05-05T10:18:54.831Z,1777976334817,v1
0.99,high_risk,premium_retention_offer,68.8,Send premium retention offer,2026-05-05T10:18:54.831Z,1777976334817,v1
0,low_risk,no_action,0,No action,2026-05-05T10:18:54.831Z,1777976334817,v1
0,low_risk,no_action,0,No action,2026-05-05T10:18:54.831Z,1777976334817,v1
0,low_risk,no_action,0,No action,2026-05-05T10:18:54.831Z,1777976334817,v1
1,high_risk,premium_retention_offer,70,Send premium retention offer,2026-05-05T10:18:54.831Z,1777976334817,v1
0,low_risk,no_action,0,No action,2026-05-05T10:18:54.831Z,1777976334817,v1
0,low_risk,no_action,0,No action,2026-05-05T10:18:54.831Z,1777976334817,v1
0,low_risk,no_action,0,No action,2026-05-05T10:18:54.831Z,1777976334817,v1
1,high_risk,premium_retention_offer,70,Send premium retention offer,2026-05-05T10:18:54.831Z,1777976334817,v1
0,low_risk,no_action,0,No action,2026-05-05T10:18:54.831Z,1777976334817,v1
0,low_risk,no_action,0,No action,2026-05-05T10:18:54.831Z,1777976334817,v1
0,low_risk,no_action,0,No action,2026-05-05T10:18:54.831Z,1777976334817,v1
0,low_risk,no_action,0,No action,2026-05-05T10:18:54.831Z,1777976334817,v1
0.01,low_risk,no_action,0,No action,2026-05-05T10:18:54.831Z,1777976334817,v1
0,low_risk,no_action,0,No action,2026-05-05T10:18:54.831Z,1777976334817,v1
0.99,high_risk,premium_retention_offer,68.8,Send premium retention offer,2026-05-05T10:18:54.831Z,1777976334817,v1
0,low_risk,no_action,0,No action,2026-05-05T10:18:54.831Z,1777976334817,v1
1,high_risk,premium_retention_offer,70,Send premium retention offer,2026-05-05T10:18:54.831Z,1777976334817,v1
0.99,high_risk,premium_retention_offer,68.8,Send premium retention offer,2026-05-05T10:18:54.831Z,1777976334817,v1
0,low_risk,no_action,0,No action,2026-05-05T10:18:54.831Z,1777976334817,v1
1,high_risk,premium_retention_offer,70,Send premium retention offer,2026-05-05T10:18:54.831Z,1777976334817,v1
0,low_risk,no_action,0,No action,2026-05-05T10:18:54.831Z,1777976334817,v1
0,low_risk,no_action,0,No action,2026-05-05T10:18:54.831Z,1777976334817,v1
0,low_risk,no_action,0,No action,2026-05-05T10:18:54.831Z,1777976334817,v1
0,low_risk,no_action,0,No action,2026-05-05T10:18:54.831Z,1777976334817,v1
0.99,high_risk,premium_retention_offer,68.8,Send premium retention offer,2026-05-05T10:18:54.831Z,1777976334817,v1
0.97,high_risk,premium_retention_offer,66.4,Send premium retention offer,2026-05-05T10:18:54.831Z,1777976334817,v1
1,high_risk,premium_retention_offer,70,Send premium retention offer,2026-05-05T10:18:54.831Z,1777976334817,v1
0,low_risk,no_action,0,No action,2026-05-05T10:18:54.831Z,1777976334817,v1
0,low_risk,no_action,0,No action,2026-05-05T10:18:54.831Z,1777976334817,v1
0,low_risk,no_action,0,No action,2026-05-05T10:18:54.831Z,1777976334817,v1
0,low_risk,no_action,0,No action,2026-05-05T10:18:54.831Z,1777976334817,v1
0,low_risk,no_action,0,No action,2026-05-05T10:18:54.831Z,1777976334817,v1
0,low_risk,no_action,0,No action,2026-05-05T10:18:54.831Z,1777976334817,v1
0.99,high_risk,premium_retention_offer,68.8,Send premium retention offer,2026-05-05T10:18:54.831Z,1777976334817,v1
0,low_risk,no_action,0,No action,2026-05-05T10:18:54.831Z,1777976334817,v1
0,low_risk,no_action,0,No action,2026-05-05T10:18:54.831Z,1777976334817,v1
0,low_risk,no_action,0,No action,2026-05-05T10:18:54.831Z,1777976334817,v1
0,low_risk,no_action,0,No action,2026-05-05T10:18:54.831Z,1777976334817,v1
0,low_risk,no_action,0,No action,2026-05-05T10:18:54.831Z,1777976334817,v1
0,low_risk,no_action,0,No action,2026-05-05T10:18:54.831Z,1777976334817,v1
0.99,high_risk,premium_retention_offer,68.8,Send premium retention offer,2026-05-05T10:18:54.831Z,1777976334817,v1
1,high_risk,premium_retention_offer,70,Send premium retention offer,2026-05-05T10:18:54.831Z,1777976334817,v1
0,low_risk,no_action,0,No action,2026-05-05T10:18:54.831Z,1777976334817,v1
0,low_risk,no_action,0,No action,2026-05-05T10:18:54.831Z,1777976334817,v1
0,low_risk,no_action,0,No action,2026-05-05T10:18:54.831Z,1777976334817,v1
0,low_risk,no_action,0,No action,2026-05-05T10:18:54.831Z,1777976334817,v1
1,high_risk,premium_retention_offer,70,Send premium retention offer,2026-05-05T10:18:54.831Z,1777976334817,v1
0,low_risk,no_action,0,No action,2026-05-05T10:18:54.831Z,1777976334817,v1
0,low_risk,no_action,0,No action,2026-05-05T10:18:54.831Z,1777976334817,v1
0,low_risk,no_action,0,No action,2026-05-05T10:18:54.831Z,1777976334817,v1
0,low_risk,no_action,0,No action,2026-05-05T10:18:54.831Z,1777976334817,v1
0,low_risk,no_action,0,No action,2026-05-05T10:18:54.831Z,1777976334817,v1
0,low_risk,no_action,0,No action,2026-05-05T10:18:54.831Z,1777976334817,v1
0.03,low_risk,no_action,0,No action,2026-05-05T10:18:54.831Z,1777976334817,v1
0,low_risk,no_action,0,No action,2026-05-05T10:18:54.831Z,1777976334817,v1
0,low_risk,no_action,0,No action,2026-05-05T10:18:54.831Z,1777976334817,v1
1,high_risk,premium_retention_offer,70,Send premium retention offer,2026-05-05T10:18:54.831Z,1777976334817,v1
0.01,low_risk,no_action,0,No action,2026-05-05T10:18:54.831Z,1777976334817,v1
0,low_risk,no_action,0,No action,2026-05-05T10:18:54.831Z,1777976334817,v1
0,low_risk,no_action,0,No action,2026-05-05T10:18:54.831Z,1777976334817,v1
0,low_risk,no_action,0,No action,2026-05-05T10:18:54.831Z,1777976334817,v1
0.01,low_risk,no_action,0,No action,2026-05-05T10:18:54.831Z,1777976334817,v1
0,low_risk,no_action,0,No action,2026-05-05T10:18:54.831Z,1777976334817,v1
0,low_risk,no_action,0,No action,2026-05-05T10:18:54.831Z,1777976334817,v1
1,high_risk,premium_retention_offer,70,Send premium retention offer,2026-05-05T10:18:54.831Z,1777976334817,v1
1,high_risk,premium_retention_offer,70,Send premium retention offer,2026-05-05T10:18:54.831Z,1777976334817,v1
0,low_risk,no_action,0,No action,2026-05-05T10:18:54.831Z,1777976334817,v1
0,low_risk,no_action,0,No action,2026-05-05T10:18:54.831Z,1777976334817,v1
0,low_risk,no_action,0,No action,2026-05-05T10:18:54.831Z,1777976334817,v1
1,high_risk,premium_retention_offer,70,Send premium retention offer,2026-05-05T10:18:54.831Z,1777976334817,v1
0,low_risk,no_action,0,No action,2026-05-05T10:18:54.831Z,1777976334817,v1
0,low_risk,no_action,0,No action,2026-05-05T10:18:54.831Z,1777976334817,v1
1,high_risk,premium_retention_offer,70,Send premium retention offer,2026-05-05T10:18:54.831Z,1777976334817,v1
0,low_risk,no_action,0,No action,2026-05-05T10:18:54.831Z,1777976334817,v1
0,low_risk,no_action,0,No action,2026-05-05T10:18:54.831Z,1777976334817,v1
0,low_risk,no_action,0,No action,2026-05-05T10:18:54.831Z,1777976334817,v1
0,low_risk,no_action,0,No action,2026-05-05T10:18:54.831Z,1777976334817,v1
0,low_risk,no_action,0,No action,2026-05-05T10:18:54.831Z,1777976334817,v1
0,low_risk,no_action,0,No action,2026-05-05T10:18:54.831Z,1777976334817,v1
0,low_risk,no_action,0,No action,2026-05-05T10:18:54.831Z,1777976334817,v1
0,low_risk,no_action,0,No action,2026-05-05T10:18:54.831Z,1777976334817,v1
0,low_risk,no_action,0,No action,2026-05-05T10:18:54.831Z,1777976334817,v1
0.01,low_risk,no_action,0,No action,2026-05-05T10:18:54.831Z,1777976334817,v1
1,high_risk,premium_retention_offer,70,Send premium retention offer,2026-05-05T10:18:54.831Z,1777976334817,v1
0,low_risk,no_action,0,No action,2026-05-05T10:18:54.831Z,1777976334817,v1
0,low_risk,no_action,0,No action,2026-05-05T10:18:54.831Z,1777976334817,v1
0,low_risk,no_action,0,No action,2026-05-05T10:18:54.831Z,1777976334817,v1
0,low_risk,no_action,0,No action,2026-05-05T10:18:54.831Z,1777976334817,v1
0,low_risk,no_action,0,No action,2026-05-05T10:18:54.831Z,1777976334817,v1
0.97,high_risk,premium_retention_offer,66.4,Send premium retention offer,2026-05-05T10:18:54.831Z,1777976334817,v1
0,low_risk,no_action,0,No action,2026-05-05T10:18:54.831Z,1777976334817,v1
1,high_risk,premium_retention_offer,70,Send premium retention offer,2026-05-05T10:18:54.831Z,1777976334817,v1
0,low_risk,no_action,0,No action,2026-05-05T10:18:54.831Z,1777976334817,v1
0.98,high_risk,premium_retention_offer,67.6,Send premium retention offer,2026-05-05T10:18:54.831Z,1777976334817,v1
0,low_risk,no_action,0,No action,2026-05-05T10:18:54.831Z,1777976334817,v1
0,low_risk,no_action,0,No action,2026-05-05T10:18:54.831Z,1777976334817,v1
0,low_risk,no_action,0,No action,2026-05-05T10:18:54.831Z,1777976334817,v1
0,low_risk,no_action,0,No action,2026-05-05T10:18:54.831Z,1777976334817,v1
0,low_risk,no_action,0,No action,2026-05-05T10:18:54.831Z,1777976334817,v1
0,low_risk,no_action,0,No action,2026-05-05T10:18:54.831Z,1777976334817,v1
0,low_risk,no_action,0,No action,2026-05-05T10:18:54.831Z,1777976334817,v1
0,low_risk,no_action,0,No action,2026-05-05T10:18:54.831Z,1777976334817,v1
1,high_risk,premium_retention_offer,70,Send premium retention offer,2026-05-05T10:18:54.831Z,1777976334817,v1
0,low_risk,no_action,0,No action,2026-05-05T10:18:54.831Z,1777976334817,v1
0,low_risk,no_action,0,No action,2026-05-05T10:18:54.831Z,1777976334817,v1
0.01,low_risk,no_action,0,No action,2026-05-05T10:18:54.831Z,1777976334817,v1
1,high_risk,premium_retention_offer,70,Send premium retention offer,2026-05-05T10:18:54.831Z,1777976334817,v1
0.99,high_risk,premium_retention_offer,68.8,Send premium retention offer,2026-05-05T10:18:54.831Z,1777976334817,v1
0.01,low_risk,no_action,0,No action,2026-05-05T10:18:54.831Z,1777976334817,v1
0,low_risk,no_action,0,No action,2026-05-05T10:18:54.831Z,1777976334817,v1
0,low_risk,no_action,0,No action,2026-05-05T10:18:54.831Z,1777976334817,v1
1,high_risk,premium_retention_offer,70,Send premium retention offer,2026-05-05T10:18:54.831Z,1777976334817,v1
0,low_risk,no_action,0,No action,2026-05-05T10:18:54.831Z,1777976334817,v1
0.99,high_risk,premium_retention_offer,68.8,Send premium retention offer,2026-05-05T10:18:54.831Z,1777976334817,v1
0,low_risk,no_action,0,No action,2026-05-05T10:18:54.831Z,1777976334817,v1
0,low_risk,no_action,0,No action,2026-05-05T10:18:54.831Z,1777976334817,v1
0,low_risk,no_action,0,No action,2026-05-05T10:18:54.831Z,1777976334817,v1
1,high_risk,premium_retention_offer,70,Send premium retention offer,2026-05-05T10:18:54.831Z,1777976334817,v1
0,low_risk,no_action,0,No action,2026-05-05T10:18:54.831Z,1777976334817,v1
0,low_risk,no_action,0,No action,2026-05-05T10:18:54.831Z,1777976334817,v1
0.02,low_risk,no_action,0,No action,2026-05-05T10:18:54.831Z,1777976334817,v1
1,high_risk,premium_retention_offer,70,Send premium retention offer,2026-05-05T10:18:54.831Z,1777976334817,v1
0,low_risk,no_action,0,No action,2026-05-05T10:18:54.831Z,1777976334817,v1
0,low_risk,no_action,0,No action,2026-05-05T10:18:54.831Z,1777976334817,v1
0,low_risk,no_action,0,No action,2026-05-05T10:18:54.831Z,1777976334817,v1
0,low_risk,no_action,0,No action,2026-05-05T10:18:54.831Z,1777976334817,v1
0,low_risk,no_action,0,No action,2026-05-05T10:18:54.831Z,1777976334817,v1
0.01,low_risk,no_action,0,No action,2026-05-05T10:18:54.831Z,1777976334817,v1
0,low_risk,no_action,0,No action,2026-05-05T10:18:54.831Z,1777976334817,v1
0,low_risk,no_action,0,No action,2026-05-05T10:18:54.831Z,1777976334817,v1
0,low_risk,no_action,0,No action,2026-05-05T10:18:54.831Z,1777976334817,v1
0,low_risk,no_action,0,No action,2026-05-05T10:18:54.831Z,1777976334817,v1
0,low_risk,no_action,0,No action,2026-05-05T10:18:54.831Z,1777976334817,v1
0,low_risk,no_action,0,No action,2026-05-05T10:18:54.831Z,1777976334817,v1
0,low_risk,no_action,0,No action,2026-05-05T10:18:54.831Z,1777976334817,v1
0,low_risk,no_action,0,No action,2026-05-05T10:18:54.831Z,1777976334817,v1
0,low_risk,no_action,0,No action,2026-05-05T10:18:54.831Z,1777976334817,v1
0,low_risk,no_action,0,No action,2026-05-05T10:18:54.831Z,1777976334817,v1
0,low_risk,no_action,0,No action,2026-05-05T10:18:54.831Z,1777976334817,v1
0,low_risk,no_action,0,No action,2026-05-05T10:18:54.831Z,1777976334817,v1
0,low_risk,no_action,0,No action,2026-05-05T10:18:54.831Z,1777976334817,v1
0,low_risk,no_action,0,No action,2026-05-05T10:18:54.831Z,1777976334817,v1
0.98,high_risk,premium_retention_offer,67.6,Send premium retention offer,2026-05-05T10:18:54.831Z,1777976334817,v1
0,low_risk,no_action,0,No action,2026-05-05T10:18:54.831Z,1777976334817,v1
0,low_risk,no_action,0,No action,2026-05-05T10:18:54.831Z,1777976334817,v1
0.97,high_risk,premium_retention_offer,66.4,Send premium retention offer,2026-05-05T10:18:54.831Z,1777976334817,v1
0,low_risk,no_action,0,No action,2026-05-05T10:18:54.831Z,1777976334817,v1
0.99,high_risk,premium_retention_offer,68.8,Send premium retention offer,2026-05-05T10:18:54.831Z,1777976334817,v1
0,low_risk,no_action,0,No action,2026-05-05T10:18:54.831Z,1777976334817,v1
0,low_risk,no_action,0,No action,2026-05-05T10:18:54.831Z,1777976334817,v1
0.99,high_risk,premium_retention_offer,68.8,Send premium retention offer,2026-05-05T10:18:54.831Z,1777976334817,v1
0.01,low_risk,no_action,0,No action,2026-05-05T10:18:54.831Z,1777976334817,v1
0,low_risk,no_action,0,No action,2026-05-05T10:18:54.831Z,1777976334817,v1
0,low_risk,no_action,0,No action,2026-05-05T10:18:54.831Z,1777976334817,v1
1,high_risk,premium_retention_offer,70,Send premium retention offer,2026-05-05T10:18:54.831Z,1777976334817,v1
0.01,low_risk,no_action,0,No action,2026-05-05T10:18:54.831Z,1777976334817,v1
0.02,low_risk,no_action,0,No action,2026-05-05T10:18:54.831Z,1777976334817,v1
0,low_risk,no_action,0,No action,2026-05-05T10:18:54.831Z,1777976334817,v1
0,low_risk,no_action,0,No action,2026-05-05T10:18:54.831Z,1777976334817,v1
0.96,high_risk,premium_retention_offer,65.2,Send premium retention offer,2026-05-05T10:18:54.831Z,1777976334817,v1
0,low_risk,no_action,0,No action,2026-05-05T10:18:54.831Z,1777976334817,v1
1,high_risk,premium_retention_offer,70,Send premium retention offer,2026-05-05T10:18:54.831Z,1777976334817,v1
0,low_risk,no_action,0,No action,2026-05-05T10:18:54.831Z,1777976334817,v1
0,low_risk,no_action,0,No action,2026-05-05T10:18:54.831Z,1777976334817,v1
0,low_risk,no_action,0,No action,2026-05-05T10:18:54.831Z,1777976334817,v1
0.99,high_risk,premium_retention_offer,68.8,Send premium retention offer,2026-05-05T10:18:54.831Z,1777976334817,v1
0,low_risk,no_action,0,No action,2026-05-05T10:18:54.831Z,1777976334817,v1
0,low_risk,no_action,0,No action,2026-05-05T10:18:54.831Z,1777976334817,v1
0.97,high_risk,premium_retention_offer,66.4,Send premium retention offer,2026-05-05T10:18:54.831Z,1777976334817,v1
0,low_risk,no_action,0,No action,2026-05-05T10:18:54.831Z,1777976334817,v1
0.01,low_risk,no_action,0,No action,2026-05-05T10:18:54.831Z,1777976334817,v1
0,low_risk,no_action,0,No action,2026-05-05T10:18:54.831Z,1777976334817,v1
0,low_risk,no_action,0,No action,2026-05-05T10:18:54.831Z,1777976334817,v1
0,low_risk,no_action,0,No action,2026-05-05T10:18:54.831Z,1777976334817,v1
0,low_risk,no_action,0,No action,2026-05-05T10:18:54.831Z,1777976334817,v1
0,low_risk,no_action,0,No action,2026-05-05T10:18:54.831Z,1777976334817,v1
0,low_risk,no_action,0,No action,2026-05-05T10:18:54.831Z,1777976334817,v1
0.01,low_risk,no_action,0,No action,2026-05-05T10:18:54.831Z,1777976334817,v1
0,low_risk,no_action,0,No action,2026-05-05T10:18:54.831Z,1777976334817,v1
0,low_risk,no_action,0,No action,2026-05-05T10:18:54.831Z,1777976334817,v1
1,high_risk,premium_retention_offer,70,Send premium retention offer,2026-05-05T10:18:54.831Z,1777976334817,v1
1,high_risk,premium_retention_offer,70,Send premium retention offer,2026-05-05T10:18:54.831Z,1777976334817,v1
1,high_risk,premium_retention_offer,70,Send premium retention offer,2026-05-05T10:18:54.831Z,1777976334817,v1
0,low_risk,no_action,0,No action,2026-05-05T10:18:54.831Z,1777976334817,v1
0,low_risk,no_action,0,No action,2026-05-05T10:18:54.831Z,1777976334817,v1
1,high_risk,premium_retention_offer,70,Send premium retention offer,2026-05-05T10:18:54.831Z,1777976334817,v1
0,low_risk,no_action,0,No action,2026-05-05T10:18:54.831Z,1777976334817,v1
1,high_risk,premium_retention_offer,70,Send premium retention offer,2026-05-05T10:18:54.831Z,1777976334817,v1
0,low_risk,no_action,0,No action,2026-05-05T10:18:54.831Z,1777976334817,v1
1,high_risk,premium_retention_offer,70,Send premium retention offer,2026-05-05T10:18:54.831Z,1777976334817,v1
0.01,low_risk,no_action,0,No action,2026-05-05T10:18:54.831Z,1777976334817,v1
0,low_risk,no_action,0,No action,2026-05-05T10:18:54.831Z,1777976334817,v1
0,low_risk,no_action,0,No action,2026-05-05T10:18:54.831Z,1777976334817,v1
0,low_risk,no_action,0,No action,2026-05-05T10:18:54.831Z,1777976334817,v1
0,low_risk,no_action,0,No action,2026-05-05T10:18:54.831Z,1777976334817,v1
0,low_risk,no_action,0,No action,2026-05-05T10:18:54.831Z,1777976334817,v1
0,low_risk,no_action,0,No action,2026-05-05T10:18:54.831Z,1777976334817,v1
0,low_risk,no_action,0,No action,2026-05-05T10:18:54.831Z,1777976334817,v1
0,low_risk,no_action,0,No action,2026-05-05T10:18:54.831Z,1777976334817,v1
0,low_risk,no_action,0,No action,2026-05-05T10:18:54.831Z,1777976334817,v1
0,low_risk,no_action,0,No action,2026-05-05T10:18:54.831Z,1777976334817,v1
1,high_risk,premium_retention_offer,70,Send premium retention offer,2026-05-05T10:18:54.831Z,1777976334817,v1
1,high_risk,premium_retention_offer,70,Send premium retention offer,2026-05-05T10:18:54.831Z,1777976334817,v1
0.96,high_risk,premium_retention_offer,65.2,Send premium retention offer,2026-05-05T10:18:54.831Z,1777976334817,v1
0.01,low_risk,no_action,0,No action,2026-05-05T10:18:54.831Z,1777976334817,v1
0,low_risk,no_action,0,No action,2026-05-05T10:18:54.831Z,1777976334817,v1
0,low_risk,no_action,0,No action,2026-05-05T10:18:54.831Z,1777976334817,v1
0,low_risk,no_action,0,No action,2026-05-05T10:18:54.831Z,1777976334817,v1
0,low_risk,no_action,0,No action,2026-05-05T10:18:54.831Z,1777976334817,v1
0,low_risk,no_action,0,No action,2026-05-05T10:18:54.831Z,1777976334817,v1
0,low_risk,no_action,0,No action,2026-05-05T10:18:54.831Z,1777976334817,v1
0,low_risk,no_action,0,No action,2026-05-05T10:18:54.831Z,1777976334817,v1
0,low_risk,no_action,0,No action,2026-05-05T10:18:54.831Z,1777976334817,v1
0,low_risk,no_action,0,No action,2026-05-05T10:18:54.831Z,1777976334817,v1
0,low_risk,no_action,0,No action,2026-05-05T10:18:54.831Z,1777976334817,v1
0,low_risk,no_action,0,No action,2026-05-05T10:18:54.831Z,1777976334817,v1
0,low_risk,no_action,0,No action,2026-05-05T10:18:54.831Z,1777976334817,v1
0,low_risk,no_action,0,No action,2026-05-05T10:18:54.831Z,1777976334817,v1
1,high_risk,premium_retention_offer,70,Send premium retention offer,2026-05-05T10:18:54.831Z,1777976334817,v1
1,high_risk,premium_retention_offer,70,Send premium retention offer,2026-05-05T10:18:54.831Z,1777976334817,v1
0,low_risk,no_action,0,No action,2026-05-05T10:18:54.831Z,1777976334817,v1
0,low_risk,no_action,0,No action,2026-05-05T10:18:54.831Z,1777976334817,v1
0,low_risk,no_action,0,No action,2026-05-05T10:18:54.831Z,1777976334817,v1
0,low_risk,no_action,0,No action,2026-05-05T10:18:54.831Z,1777976334817,v1
0,low_risk,no_action,0,No action,2026-05-05T10:18:54.831Z,1777976334817,v1
0,low_risk,no_action,0,No action,2026-05-05T10:18:54.831Z,1777976334817,v1
0,low_risk,no_action,0,No action,2026-05-05T10:18:54.831Z,1777976334817,v1
0,low_risk,no_action,0,No action,2026-05-05T10:18:54.831Z,1777976334817,v1
0,low_risk,no_action,0,No action,2026-05-05T10:18:54.831Z,1777976334817,v1
0,low_risk,no_action,0,No action,2026-05-05T10:18:54.831Z,1777976334817,v1
0,low_risk,no_action,0,No action,2026-05-05T10:18:54.831Z,1777976334817,v1
0,low_risk,no_action,0,No action,2026-05-05T10:18:54.831Z,1777976334817,v1
0,low_risk,no_action,0,No action,2026-05-05T10:18:54.831Z,1777976334817,v1
0,low_risk,no_action,0,No action,2026-05-05T10:18:54.831Z,1777976334817,v1
0,low_risk,no_action,0,No action,2026-05-05T10:18:54.831Z,1777976334817,v1
0,low_risk,no_action,0,No action,2026-05-05T10:18:54.831Z,1777976334817,v1
0,low_risk,no_action,0,No action,2026-05-05T10:18:54.831Z,1777976334817,v1
0,low_risk,no_action,0,No action,2026-05-05T10:18:54.831Z,1777976334817,v1
0.99,high_risk,premium_retention_offer,68.8,Send premium retention offer,2026-05-05T10:18:54.831Z,1777976334817,v1
0,low_risk,no_action,0,No action,2026-05-05T10:18:54.831Z,1777976334817,v1
0,low_risk,no_action,0,No action,2026-05-05T10:18:54.831Z,1777976334817,v1
0.99,high_risk,premium_retention_offer,68.8,Send premium retention offer,2026-05-05T10:18:54.831Z,1777976334817,v1
0,low_risk,no_action,0,No action,2026-05-05T10:18:54.831Z,1777976334817,v1
0,low_risk,no_action,0,No action,2026-05-05T10:18:54.831Z,1777976334817,v1
0,low_risk,no_action,0,No action,2026-05-05T10:18:54.831Z,1777976334817,v1
0,low_risk,no_action,0,No action,2026-05-05T10:18:54.831Z,1777976334817,v1
0,low_risk,no_action,0,No action,2026-05-05T10:18:54.831Z,1777976334817,v1
0,low_risk,no_action,0,No action,2026-05-05T10:18:54.831Z,1777976334817,v1
0,low_risk,no_action,0,No action,2026-05-05T10:18:54.831Z,1777976334817,v1
0,low_risk,no_action,0,No action,2026-05-05T10:18:54.831Z,1777976334817,v1
0,low_risk,no_action,0,No action,2026-05-05T10:18:54.831Z,1777976334817,v1
0,low_risk,no_action,0,No action,2026-05-05T10:18:54.831Z,1777976334817,v1
0,low_risk,no_action,0,No action,2026-05-05T10:18:54.831Z,1777976334817,v1
0,low_risk,no_action,0,No action,2026-05-05T10:18:54.831Z,1777976334817,v1
1,high_risk,premium_retention_offer,70,Send premium retention offer,2026-05-05T10:18:54.831Z,1777976334817,v1
0,low_risk,no_action,0,No action,2026-05-05T10:18:54.831Z,1777976334817,v1
0,low_risk,no_action,0,No action,2026-05-05T10:18:54.831Z,1777976334817,v1
0,low_risk,no_action,0,No action,2026-05-05T10:18:54.831Z,1777976334817,v1
0,low_risk,no_action,0,No action,2026-05-05T10:18:54.831Z,1777976334817,v1
0,low_risk,no_action,0,No action,2026-05-05T10:18:54.831Z,1777976334817,v1
0,low_risk,no_action,0,No action,2026-05-05T10:18:54.831Z,1777976334817,v1
0,low_risk,no_action,0,No action,2026-05-05T10:18:54.831Z,1777976334817,v1
1,high_risk,premium_retention_offer,70,Send premium retention offer,2026-05-05T10:18:54.831Z,1777976334817,v1
0,low_risk,no_action,0,No action,2026-05-05T10:18:54.831Z,1777976334817,v1
0,low_risk,no_action,0,No action,2026-05-05T10:18:54.831Z,1777976334817,v1
0,low_risk,no_action,0,No action,2026-05-05T10:18:54.831Z,1777976334817,v1
0,low_risk,no_action,0,No action,2026-05-05T10:18:54.831Z,1777976334817,v1
0,low_risk,no_action,0,No action,2026-05-05T10:18:54.831Z,1777976334817,v1
0,low_risk,no_action,0,No action,2026-05-05T10:18:54.831Z,1777976334817,v1
0.01,low_risk,no_action,0,No action,2026-05-05T10:18:54.831Z,1777976334817,v1
0,low_risk,no_action,0,No action,2026-05-05T10:18:54.831Z,1777976334817,v1
1,high_risk,premium_retention_offer,70,Send premium retention offer,2026-05-05T10:18:54.831Z,1777976334817,v1
0,low_risk,no_action,0,No action,2026-05-05T10:18:54.831Z,1777976334817,v1
0,low_risk,no_action,0,No action,2026-05-05T10:18:54.831Z,1777976334817,v1
1,high_risk,premium_retention_offer,70,Send premium retention offer,2026-05-05T10:18:54.831Z,1777976334817,v1
0,low_risk,no_action,0,No action,2026-05-05T10:18:54.831Z,1777976334817,v1
0,low_risk,no_action,0,No action,2026-05-05T10:18:54.831Z,1777976334817,v1
0,low_risk,no_action,0,No action,2026-05-05T10:18:54.831Z,1777976334817,v1
0,low_risk,no_action,0,No action,2026-05-05T10:18:54.831Z,1777976334817,v1
0,low_risk,no_action,0,No action,2026-05-05T10:18:54.831Z,1777976334817,v1
0,low_risk,no_action,0,No action,2026-05-05T10:18:54.831Z,1777976334817,v1
1,high_risk,premium_retention_offer,70,Send premium retention offer,2026-05-05T10:18:54.831Z,1777976334817,v1
1,high_risk,premium_retention_offer,70,Send premium retention offer,2026-05-05T10:18:54.831Z,1777976334817,v1
0,low_risk,no_action,0,No action,2026-05-05T10:18:54.831Z,1777976334817,v1
0,low_risk,no_action,0,No action,2026-05-05T10:18:54.831Z,1777976334817,v1
0,low_risk,no_action,0,No action,2026-05-05T10:18:54.831Z,1777976334817,v1
0,low_risk,no_action,0,No action,2026-05-05T10:18:54.831Z,1777976334817,v1
0,low_risk,no_action,0,No action,2026-05-05T10:18:54.831Z,1777976334817,v1
1,high_risk,premium_retention_offer,70,Send premium retention offer,2026-05-05T10:18:54.831Z,1777976334817,v1
0.99,high_risk,premium_retention_offer,68.8,Send premium retention offer,2026-05-05T10:18:54.831Z,1777976334817,v1
0,low_risk,no_action,0,No action,2026-05-05T10:18:54.831Z,1777976334817,v1
0,low_risk,no_action,0,No action,2026-05-05T10:18:54.831Z,1777976334817,v1
0,low_risk,no_action,0,No action,2026-05-05T10:18:54.831Z,1777976334817,v1
1,high_risk,premium_retention_offer,70,Send premium retention offer,2026-05-05T10:18:54.831Z,1777976334817,v1
0.02,low_risk,no_action,0,No action,2026-05-05T10:18:54.831Z,1777976334817,v1
0.01,low_risk,no_action,0,No action,2026-05-05T10:18:54.831Z,1777976334817,v1
0,low_risk,no_action,0,No action,2026-05-05T10:18:54.831Z,1777976334817,v1
0,low_risk,no_action,0,No action,2026-05-05T10:18:54.831Z,1777976334817,v1
0.99,high_risk,premium_retention_offer,68.8,Send premium retention offer,2026-05-05T10:18:54.831Z,1777976334817,v1
0,low_risk,no_action,0,No action,2026-05-05T10:18:54.831Z,1777976334817,v1
0,low_risk,no_action,0,No action,2026-05-05T10:18:54.831Z,1777976334817,v1
0,low_risk,no_action,0,No action,2026-05-05T10:18:54.831Z,1777976334817,v1
0,low_risk,no_action,0,No action,2026-05-05T10:18:54.831Z,1777976334817,v1
0,low_risk,no_action,0,No action,2026-05-05T10:18:54.831Z,1777976334817,v1
0,low_risk,no_action,0,No action,2026-05-05T10:18:54.831Z,1777976334817,v1
0,low_risk,no_action,0,No action,2026-05-05T10:18:54.831Z,1777976334817,v1
0,low_risk,no_action,0,No action,2026-05-05T10:18:54.831Z,1777976334817,v1
0.95,high_risk,premium_retention_offer,64,Send premium retention offer,2026-05-05T10:18:54.831Z,1777976334817,v1
1,high_risk,premium_retention_offer,70,Send premium retention offer,2026-05-05T10:18:54.831Z,1777976334817,v1
0,low_risk,no_action,0,No action,2026-05-05T10:18:54.831Z,1777976334817,v1
0,low_risk,no_action,0,No action,2026-05-05T10:18:54.831Z,1777976334817,v1
0,low_risk,no_action,0,No action,2026-05-05T10:18:54.831Z,1777976334817,v1
0.98,high_risk,premium_retention_offer,67.6,Send premium retention offer,2026-05-05T10:18:54.831Z,1777976334817,v1
0,low_risk,no_action,0,No action,2026-05-05T10:18:54.831Z,1777976334817,v1
0,low_risk,no_action,0,No action,2026-05-05T10:18:54.831Z,1777976334817,v1
1,high_risk,premium_retention_offer,70,Send premium retention offer,2026-05-05T10:18:54.831Z,1777976334817,v1
0,low_risk,no_action,0,No action,2026-05-05T10:18:54.831Z,1777976334817,v1
0,low_risk,no_action,0,No action,2026-05-05T10:18:54.831Z,1777976334817,v1
0,low_risk,no_action,0,No action,2026-05-05T10:18:54.831Z,1777976334817,v1
1,high_risk,premium_retention_offer,70,Send premium retention offer,2026-05-05T10:18:54.831Z,1777976334817,v1
0,low_risk,no_action,0,No action,2026-05-05T10:18:54.831Z,1777976334817,v1
0.99,high_risk,premium_retention_offer,68.8,Send premium retention offer,2026-05-05T10:18:54.831Z,1777976334817,v1
0,low_risk,no_action,0,No action,2026-05-05T10:18:54.831Z,1777976334817,v1
0,low_risk,no_action,0,No action,2026-05-05T10:18:54.831Z,1777976334817,v1
1,high_risk,premium_retention_offer,70,Send premium retention offer,2026-05-05T10:18:54.831Z,1777976334817,v1
0,low_risk,no_action,0,No action,2026-05-05T10:18:54.831Z,1777976334817,v1
0,low_risk,no_action,0,No action,2026-05-05T10:18:54.831Z,1777976334817,v1
1,high_risk,premium_retention_offer,70,Send premium retention offer,2026-05-05T10:18:54.831Z,1777976334817,v1
0,low_risk,no_action,0,No action,2026-05-05T10:18:54.831Z,1777976334817,v1
0,low_risk,no_action,0,No action,2026-05-05T10:18:54.831Z,1777976334817,v1
0,low_risk,no_action,0,No action,2026-05-05T10:18:54.831Z,1777976334817,v1
0,low_risk,no_action,0,No action,2026-05-05T10:18:54.831Z,1777976334817,v1
0,low_risk,no_action,0,No action,2026-05-05T10:18:54.831Z,1777976334817,v1
0,low_risk,no_action,0,No action,2026-05-05T10:18:54.831Z,1777976334817,v1
0,low_risk,no_action,0,No action,2026-05-05T10:18:54.831Z,1777976334817,v1
0,low_risk,no_action,0,No action,2026-05-05T10:18:54.831Z,1777976334817,v1
0,low_risk,no_action,0,No action,2026-05-05T10:18:54.831Z,1777976334817,v1
0,low_risk,no_action,0,No action,2026-05-05T10:18:54.831Z,1777976334817,v1
0,low_risk,no_action,0,No action,2026-05-05T10:18:54.831Z,1777976334817,v1
0.97,high_risk,premium_retention_offer,66.4,Send premium retention offer,2026-05-05T10:18:54.831Z,1777976334817,v1
0,low_risk,no_action,0,No action,2026-05-05T10:18:54.831Z,1777976334817,v1
0,low_risk,no_action,0,No action,2026-05-05T10:18:54.831Z,1777976334817,v1
0,low_risk,no_action,0,No action,2026-05-05T10:18:54.831Z,1777976334817,v1
1,high_risk,premium_retention_offer,70,Send premium retention offer,2026-05-05T10:18:54.831Z,1777976334817,v1
0,low_risk,no_action,0,No action,2026-05-05T10:18:54.831Z,1777976334817,v1
0,low_risk,no_action,0,No action,2026-05-05T10:18:54.831Z,1777976334817,v1
0,low_risk,no_action,0,No action,2026-05-05T10:18:54.831Z,1777976334817,v1
0,low_risk,no_action,0,No action,2026-05-05T10:18:54.831Z,1777976334817,v1
1,high_risk,premium_retention_offer,70,Send premium retention offer,2026-05-05T10:18:54.831Z,1777976334817,v1
0,low_risk,no_action,0,No action,2026-05-05T10:18:54.831Z,1777976334817,v1
0,low_risk,no_action,0,No action,2026-05-05T10:18:54.831Z,1777976334817,v1
0.01,low_risk,no_action,0,No action,2026-05-05T10:18:54.831Z,1777976334817,v1
0,low_risk,no_action,0,No action,2026-05-05T10:18:54.831Z,1777976334817,v1
0,low_risk,no_action,0,No action,2026-05-05T10:18:54.831Z,1777976334817,v1
0,low_risk,no_action,0,No action,2026-05-05T10:18:54.831Z,1777976334817,v1
0,low_risk,no_action,0,No action,2026-05-05T10:18:54.831Z,1777976334817,v1
0,low_risk,no_action,0,No action,2026-05-05T10:18:54.831Z,1777976334817,v1
0,low_risk,no_action,0,No action,2026-05-05T10:18:54.831Z,1777976334817,v1
1,high_risk,premium_retention_offer,70,Send premium retention offer,2026-05-05T10:18:54.831Z,1777976334817,v1
0,low_risk,no_action,0,No action,2026-05-05T10:18:54.831Z,1777976334817,v1
0,low_risk,no_action,0,No action,2026-05-05T10:18:54.831Z,1777976334817,v1
0,low_risk,no_action,0,No action,2026-05-05T10:18:54.831Z,1777976334817,v1
0,low_risk,no_action,0,No action,2026-05-05T10:18:54.831Z,1777976334817,v1
0,low_risk,no_action,0,No action,2026-05-05T10:18:54.831Z,1777976334817,v1
0,low_risk,no_action,0,No action,2026-05-05T10:18:54.831Z,1777976334817,v1
0.01,low_risk,no_action,0,No action,2026-05-05T10:18:54.831Z,1777976334817,v1
0,low_risk,no_action,0,No action,2026-05-05T10:18:54.831Z,1777976334817,v1
0,low_risk,no_action,0,No action,2026-05-05T10:18:54.831Z,1777976334817,v1
0,low_risk,no_action,0,No action,2026-05-05T10:18:54.831Z,1777976334817,v1
0,low_risk,no_action,0,No action,2026-05-05T10:18:54.831Z,1777976334817,v1
1,high_risk,premium_retention_offer,70,Send premium retention offer,2026-05-05T10:18:54.831Z,1777976334817,v1
0.01,low_risk,no_action,0,No action,2026-05-05T10:18:54.831Z,1777976334817,v1
0,low_risk,no_action,0,No action,2026-05-05T10:18:54.831Z,1777976334817,v1
0,low_risk,no_action,0,No action,2026-05-05T10:18:54.831Z,1777976334817,v1
1,high_risk,premium_retention_offer,70,Send premium retention offer,2026-05-05T10:18:54.831Z,1777976334817,v1
0,low_risk,no_action,0,No action,2026-05-05T10:18:54.831Z,1777976334817,v1
0,low_risk,no_action,0,No action,2026-05-05T10:18:54.831Z,1777976334817,v1
0,low_risk,no_action,0,No action,2026-05-05T10:18:54.831Z,1777976334817,v1
1,high_risk,premium_retention_offer,70,Send premium retention offer,2026-05-05T10:18:54.831Z,1777976334817,v1
0,low_risk,no_action,0,No action,2026-05-05T10:18:54.831Z,1777976334817,v1
0.01,low_risk,no_action,0,No action,2026-05-05T10:18:54.831Z,1777976334817,v1
1,high_risk,premium_retention_offer,70,Send premium retention offer,2026-05-05T10:18:54.831Z,1777976334817,v1
0,low_risk,no_action,0,No action,2026-05-05T10:18:54.831Z,1777976334817,v1
1,high_risk,premium_retention_offer,70,Send premium retention offer,2026-05-05T10:18:54.831Z,1777976334817,v1
0.01,low_risk,no_action,0,No action,2026-05-05T10:18:54.831Z,1777976334817,v1
1,high_risk,premium_retention_offer,70,Send premium retention offer,2026-05-05T10:18:54.831Z,1777976334817,v1
1,high_risk,premium_retention_offer,70,Send premium retention offer,2026-05-05T10:18:54.831Z,1777976334817,v1
0.01,low_risk,no_action,0,No action,2026-05-05T10:18:54.831Z,1777976334817,v1
1,high_risk,premium_retention_offer,70,Send premium retention offer,2026-05-05T10:18:54.831Z,1777976334817,v1
0,low_risk,no_action,0,No action,2026-05-05T10:18:54.831Z,1777976334817,v1
0,low_risk,no_action,0,No action,2026-05-05T10:18:54.831Z,1777976334817,v1
0,low_risk,no_action,0,No action,2026-05-05T10:18:54.831Z,1777976334817,v1
0,low_risk,no_action,0,No action,2026-05-05T10:18:54.831Z,1777976334817,v1
1,high_risk,premium_retention_offer,70,Send premium retention offer,2026-05-05T10:18:54.831Z,1777976334817,v1
0,low_risk,no_action,0,No action,2026-05-05T10:18:54.831Z,1777976334817,v1
0,low_risk,no_action,0,No action,2026-05-05T10:18:54.831Z,1777976334817,v1
0,low_risk,no_action,0,No action,2026-05-05T10:18:54.831Z,1777976334817,v1
0,low_risk,no_action,0,No action,2026-05-05T10:18:54.831Z,1777976334817,v1
0,low_risk,no_action,0,No action,2026-05-05T10:18:54.831Z,1777976334817,v1
0,low_risk,no_action,0,No action,2026-05-05T10:18:54.831Z,1777976334817,v1
0,low_risk,no_action,0,No action,2026-05-05T10:18:54.831Z,1777976334817,v1
0,low_risk,no_action,0,No action,2026-05-05T10:18:54.831Z,1777976334817,v1
0,low_risk,no_action,0,No action,2026-05-05T10:18:54.831Z,1777976334817,v1
0,low_risk,no_action,0,No action,2026-05-05T10:18:54.831Z,1777976334817,v1
0,low_risk,no_action,0,No action,2026-05-05T10:18:54.831Z,1777976334817,v1
0,low_risk,no_action,0,No action,2026-05-05T10:18:54.831Z,1777976334817,v1
1,high_risk,premium_retention_offer,70,Send premium retention offer,2026-05-05T10:18:54.831Z,1777976334817,v1
1,high_risk,premium_retention_offer,70,Send premium retention offer,2026-05-05T10:18:54.831Z,1777976334817,v1
0.01,low_risk,no_action,0,No action,2026-05-05T10:18:54.831Z,1777976334817,v1
0,low_risk,no_action,0,No action,2026-05-05T10:18:54.831Z,1777976334817,v1
0,low_risk,no_action,0,No action,2026-05-05T10:18:54.831Z,1777976334817,v1
0,low_risk,no_action,0,No action,2026-05-05T10:18:54.831Z,1777976334817,v1
0,low_risk,no_action,0,No action,2026-05-05T10:18:54.831Z,1777976334817,v1
0,low_risk,no_action,0,No action,2026-05-05T10:18:54.831Z,1777976334817,v1
0,low_risk,no_action,0,No action,2026-05-05T10:18:54.831Z,1777976334817,v1
0,low_risk,no_action,0,No action,2026-05-05T10:18:54.831Z,1777976334817,v1
0,low_risk,no_action,0,No action,2026-05-05T10:18:54.831Z,1777976334817,v1
0,low_risk,no_action,0,No action,2026-05-05T10:18:54.831Z,1777976334817,v1
0,low_risk,no_action,0,No action,2026-05-05T10:18:54.831Z,1777976334817,v1
0,low_risk,no_action,0,No action,2026-05-05T10:18:54.831Z,1777976334817,v1
0,low_risk,no_action,0,No action,2026-05-05T10:18:54.831Z,1777976334817,v1
0,low_risk,no_action,0,No action,2026-05-05T10:18:54.831Z,1777976334817,v1
0.98,high_risk,premium_retention_offer,67.6,Send premium retention offer,2026-05-05T10:18:54.831Z,1777976334817,v1
0,low_risk,no_action,0,No action,2026-05-05T10:18:54.831Z,1777976334817,v1
0,low_risk,no_action,0,No action,2026-05-05T10:18:54.831Z,1777976334817,v1
0.01,low_risk,no_action,0,No action,2026-05-05T10:18:54.831Z,1777976334817,v1
1,high_risk,premium_retention_offer,70,Send premium retention offer,2026-05-05T10:18:54.831Z,1777976334817,v1
0,low_risk,no_action,0,No action,2026-05-05T10:18:54.831Z,1777976334817,v1
1,high_risk,premium_retention_offer,70,Send premium retention offer,2026-05-05T10:18:54.831Z,1777976334817,v1
0,low_risk,no_action,0,No action,2026-05-05T10:18:54.831Z,1777976334817,v1
0,low_risk,no_action,0,No action,2026-05-05T10:18:54.831Z,1777976334817,v1
0.01,low_risk,no_action,0,No action,2026-05-05T10:18:54.831Z,1777976334817,v1
1,high_risk,premium_retention_offer,70,Send premium retention offer,2026-05-05T10:18:54.831Z,1777976334817,v1
0,low_risk,no_action,0,No action,2026-05-05T10:18:54.831Z,1777976334817,v1
1,high_risk,premium_retention_offer,70,Send premium retention offer,2026-05-05T10:18:54.831Z,1777976334817,v1
0,low_risk,no_action,0,No action,2026-05-05T10:18:54.831Z,1777976334817,v1
0,low_risk,no_action,0,No action,2026-05-05T10:18:54.831Z,1777976334817,v1
0,low_risk,no_action,0,No action,2026-05-05T10:18:54.831Z,1777976334817,v1
0,low_risk,no_action,0,No action,2026-05-05T10:18:54.831Z,1777976334817,v1
0,low_risk,no_action,0,No action,2026-05-05T10:18:54.831Z,1777976334817,v1
0,low_risk,no_action,0,No action,2026-05-05T10:18:54.831Z,1777976334817,v1
0,low_risk,no_action,0,No action,2026-05-05T10:18:54.831Z,1777976334817,v1
1,high_risk,premium_retention_offer,70,Send premium retention offer,2026-05-05T10:18:54.831Z,1777976334817,v1
0,low_risk,no_action,0,No action,2026-05-05T10:18:54.831Z,1777976334817,v1
0,low_risk,no_action,0,No action,2026-05-05T10:18:54.831Z,1777976334817,v1
1,high_risk,premium_retention_offer,70,Send premium retention offer,2026-05-05T10:18:54.831Z,1777976334817,v1
0,low_risk,no_action,0,No action,2026-05-05T10:18:54.832Z,1777976334817,v1
0,low_risk,no_action,0,No action,2026-05-05T10:18:54.832Z,1777976334817,v1
1,high_risk,premium_retention_offer,70,Send premium retention offer,2026-05-05T10:18:54.832Z,1777976334817,v1
1,high_risk,premium_retention_offer,70,Send premium retention offer,2026-05-05T10:18:54.832Z,1777976334817,v1
0,low_risk,no_action,0,No action,2026-05-05T10:18:54.832Z,1777976334817,v1
0,low_risk,no_action,0,No action,2026-05-05T10:18:54.832Z,1777976334817,v1
0.01,low_risk,no_action,0,No action,2026-05-05T10:18:54.832Z,1777976334817,v1
0,low_risk,no_action,0,No action,2026-05-05T10:18:54.832Z,1777976334817,v1
0,low_risk,no_action,0,No action,2026-05-05T10:18:54.832Z,1777976334817,v1
0.98,high_risk,premium_retention_offer,67.6,Send premium retention offer,2026-05-05T10:18:54.832Z,1777976334817,v1
0,low_risk,no_action,0,No action,2026-05-05T10:18:54.832Z,1777976334817,v1
0,low_risk,no_action,0,No action,2026-05-05T10:18:54.832Z,1777976334817,v1
0,low_risk,no_action,0,No action,2026-05-05T10:18:54.832Z,1777976334817,v1
0,low_risk,no_action,0,No action,2026-05-05T10:18:54.832Z,1777976334817,v1
0,low_risk,no_action,0,No action,2026-05-05T10:18:54.832Z,1777976334817,v1
0,low_risk,no_action,0,No action,2026-05-05T10:18:54.832Z,1777976334817,v1
0,low_risk,no_action,0,No action,2026-05-05T10:18:54.832Z,1777976334817,v1
0,low_risk,no_action,0,No action,2026-05-05T10:18:54.832Z,1777976334817,v1
0,low_risk,no_action,0,No action,2026-05-05T10:18:54.832Z,1777976334817,v1
0,low_risk,no_action,0,No action,2026-05-05T10:18:54.832Z,1777976334817,v1
0,low_risk,no_action,0,No action,2026-05-05T10:18:54.832Z,1777976334817,v1
0,low_risk,no_action,0,No action,2026-05-05T10:18:54.832Z,1777976334817,v1
0,low_risk,no_action,0,No action,2026-05-05T10:18:54.832Z,1777976334817,v1
0,low_risk,no_action,0,No action,2026-05-05T10:18:54.832Z,1777976334817,v1
0,low_risk,no_action,0,No action,2026-05-05T10:18:54.832Z,1777976334817,v1
1,high_risk,premium_retention_offer,70,Send premium retention offer,2026-05-05T10:18:54.832Z,1777976334817,v1
0,low_risk,no_action,0,No action,2026-05-05T10:18:54.832Z,1777976334817,v1
0,low_risk,no_action,0,No action,2026-05-05T10:18:54.832Z,1777976334817,v1
0,low_risk,no_action,0,No action,2026-05-05T10:18:54.832Z,1777976334817,v1
0,low_risk,no_action,0,No action,2026-05-05T10:18:54.832Z,1777976334817,v1
0,low_risk,no_action,0,No action,2026-05-05T10:18:54.832Z,1777976334817,v1
0,low_risk,no_action,0,No action,2026-05-05T10:18:54.832Z,1777976334817,v1
0,low_risk,no_action,0,No action,2026-05-05T10:18:54.832Z,1777976334817,v1
0,low_risk,no_action,0,No action,2026-05-05T10:18:54.832Z,1777976334817,v1
0,low_risk,no_action,0,No action,2026-05-05T10:18:54.832Z,1777976334817,v1
0,low_risk,no_action,0,No action,2026-05-05T10:18:54.832Z,1777976334817,v1
0,low_risk,no_action,0,No action,2026-05-05T10:18:54.832Z,1777976334817,v1
0,low_risk,no_action,0,No action,2026-05-05T10:18:54.832Z,1777976334817,v1
0,low_risk,no_action,0,No action,2026-05-05T10:18:54.832Z,1777976334817,v1
0,low_risk,no_action,0,No action,2026-05-05T10:18:54.832Z,1777976334817,v1
0,low_risk,no_action,0,No action,2026-05-05T10:18:54.832Z,1777976334817,v1
0,low_risk,no_action,0,No action,2026-05-05T10:18:54.832Z,1777976334817,v1
0,low_risk,no_action,0,No action,2026-05-05T10:18:54.832Z,1777976334817,v1
0,low_risk,no_action,0,No action,2026-05-05T10:18:54.832Z,1777976334817,v1
0,low_risk,no_action,0,No action,2026-05-05T10:18:54.832Z,1777976334817,v1
1,high_risk,premium_retention_offer,70,Send premium retention offer,2026-05-05T10:18:54.832Z,1777976334817,v1
0,low_risk,no_action,0,No action,2026-05-05T10:18:54.832Z,1777976334817,v1
0,low_risk,no_action,0,No action,2026-05-05T10:18:54.832Z,1777976334817,v1
0,low_risk,no_action,0,No action,2026-05-05T10:18:54.832Z,1777976334817,v1
0,low_risk,no_action,0,No action,2026-05-05T10:18:54.832Z,1777976334817,v1
0.01,low_risk,no_action,0,No action,2026-05-05T10:18:54.832Z,1777976334817,v1
0,low_risk,no_action,0,No action,2026-05-05T10:18:54.832Z,1777976334817,v1
0,low_risk,no_action,0,No action,2026-05-05T10:18:54.832Z,1777976334817,v1
1,high_risk,premium_retention_offer,70,Send premium retention offer,2026-05-05T10:18:54.832Z,1777976334817,v1
0,low_risk,no_action,0,No action,2026-05-05T10:18:54.832Z,1777976334817,v1
0,low_risk,no_action,0,No action,2026-05-05T10:18:54.832Z,1777976334817,v1
0.98,high_risk,premium_retention_offer,67.6,Send premium retention offer,2026-05-05T10:18:54.832Z,1777976334817,v1
1,high_risk,premium_retention_offer,70,Send premium retention offer,2026-05-05T10:18:54.832Z,1777976334817,v1
0,low_risk,no_action,0,No action,2026-05-05T10:18:54.832Z,1777976334817,v1
0,low_risk,no_action,0,No action,2026-05-05T10:18:54.832Z,1777976334817,v1
1,high_risk,premium_retention_offer,70,Send premium retention offer,2026-05-05T10:18:54.832Z,1777976334817,v1
0,low_risk,no_action,0,No action,2026-05-05T10:18:54.832Z,1777976334817,v1
0,low_risk,no_action,0,No action,2026-05-05T10:18:54.832Z,1777976334817,v1
0.98,high_risk,premium_retention_offer,67.6,Send premium retention offer,2026-05-05T10:18:54.832Z,1777976334817,v1
0,low_risk,no_action,0,No action,2026-05-05T10:18:54.832Z,1777976334817,v1
0,low_risk,no_action,0,No action,2026-05-05T10:18:54.832Z,1777976334817,v1
0,low_risk,no_action,0,No action,2026-05-05T10:18:54.832Z,1777976334817,v1
1,high_risk,premium_retention_offer,70,Send premium retention offer,2026-05-05T10:18:54.832Z,1777976334817,v1
0,low_risk,no_action,0,No action,2026-05-05T10:18:54.832Z,1777976334817,v1
0,low_risk,no_action,0,No action,2026-05-05T10:18:54.832Z,1777976334817,v1
0.01,low_risk,no_action,0,No action,2026-05-05T10:18:54.832Z,1777976334817,v1
0.99,high_risk,premium_retention_offer,68.8,Send premium retention offer,2026-05-05T10:18:54.832Z,1777976334817,v1
1,high_risk,premium_retention_offer,70,Send premium retention offer,2026-05-05T10:18:54.832Z,1777976334817,v1
0,low_risk,no_action,0,No action,2026-05-05T10:18:54.832Z,1777976334817,v1
0,low_risk,no_action,0,No action,2026-05-05T10:18:54.832Z,1777976334817,v1
0,low_risk,no_action,0,No action,2026-05-05T10:18:54.832Z,1777976334817,v1
0,low_risk,no_action,0,No action,2026-05-05T10:18:54.832Z,1777976334817,v1
0,low_risk,no_action,0,No action,2026-05-05T10:18:54.832Z,1777976334817,v1
0.01,low_risk,no_action,0,No action,2026-05-05T10:18:54.832Z,1777976334817,v1
0,low_risk,no_action,0,No action,2026-05-05T10:18:54.832Z,1777976334817,v1
0,low_risk,no_action,0,No action,2026-05-05T10:18:54.832Z,1777976334817,v1
0,low_risk,no_action,0,No action,2026-05-05T10:18:54.832Z,1777976334817,v1
1,high_risk,premium_retention_offer,70,Send premium retention offer,2026-05-05T10:18:54.832Z,1777976334817,v1
1,high_risk,premium_retention_offer,70,Send premium retention offer,2026-05-05T10:18:54.832Z,1777976334817,v1
0.01,low_risk,no_action,0,No action,2026-05-05T10:18:54.832Z,1777976334817,v1
0,low_risk,no_action,0,No action,2026-05-05T10:18:54.832Z,1777976334817,v1
0.99,high_risk,premium_retention_offer,68.8,Send premium retention offer,2026-05-05T10:18:54.832Z,1777976334817,v1
0,low_risk,no_action,0,No action,2026-05-05T10:18:54.832Z,1777976334817,v1
0,low_risk,no_action,0,No action,2026-05-05T10:18:54.832Z,1777976334817,v1
0,low_risk,no_action,0,No action,2026-05-05T10:18:54.832Z,1777976334817,v1
0,low_risk,no_action,0,No action,2026-05-05T10:18:54.832Z,1777976334817,v1
1,high_risk,premium_retention_offer,70,Send premium retention offer,2026-05-05T10:18:54.832Z,1777976334817,v1
0.99,high_risk,premium_retention_offer,68.8,Send premium retention offer,2026-05-05T10:18:54.832Z,1777976334817,v1
0,low_risk,no_action,0,No action,2026-05-05T10:18:54.832Z,1777976334817,v1
0,low_risk,no_action,0,No action,2026-05-05T10:18:54.832Z,1777976334817,v1
0,low_risk,no_action,0,No action,2026-05-05T10:18:54.832Z,1777976334817,v1
0,low_risk,no_action,0,No action,2026-05-05T10:18:54.832Z,1777976334817,v1
1,high_risk,premium_retention_offer,70,Send premium retention offer,2026-05-05T10:18:54.832Z,1777976334817,v1
0,low_risk,no_action,0,No action,2026-05-05T10:18:54.832Z,1777976334817,v1
1,high_risk,premium_retention_offer,70,Send premium retention offer,2026-05-05T10:18:54.832Z,1777976334817,v1
0,low_risk,no_action,0,No action,2026-05-05T10:18:54.832Z,1777976334817,v1
1,high_risk,premium_retention_offer,70,Send premium retention offer,2026-05-05T10:18:54.832Z,1777976334817,v1
1,high_risk,premium_retention_offer,70,Send premium retention offer,2026-05-05T10:18:54.832Z,1777976334817,v1
0,low_risk,no_action,0,No action,2026-05-05T10:18:54.832Z,1777976334817,v1
0,low_risk,no_action,0,No action,2026-05-05T10:18:54.832Z,1777976334817,v1
0,low_risk,no_action,0,No action,2026-05-05T10:18:54.832Z,1777976334817,v1
0,low_risk,no_action,0,No action,2026-05-05T10:18:54.832Z,1777976334817,v1
0,low_risk,no_action,0,No action,2026-05-05T10:18:54.832Z,1777976334817,v1
0,low_risk,no_action,0,No action,2026-05-05T10:18:54.832Z,1777976334817,v1
0,low_risk,no_action,0,No action,2026-05-05T10:18:54.832Z,1777976334817,v1
1,high_risk,premium_retention_offer,70,Send premium retention offer,2026-05-05T10:18:54.832Z,1777976334817,v1
0,low_risk,no_action,0,No action,2026-05-05T10:18:54.832Z,1777976334817,v1
0,low_risk,no_action,0,No action,2026-05-05T10:18:54.832Z,1777976334817,v1
1,high_risk,premium_retention_offer,70,Send premium retention offer,2026-05-05T10:18:54.832Z,1777976334817,v1
0,low_risk,no_action,0,No action,2026-05-05T10:18:54.832Z,1777976334817,v1
0,low_risk,no_action,0,No action,2026-05-05T10:18:54.832Z,1777976334817,v1
0,low_risk,no_action,0,No action,2026-05-05T10:18:54.832Z,1777976334817,v1
0,low_risk,no_action,0,No action,2026-05-05T10:18:54.832Z,1777976334817,v1
0,low_risk,no_action,0,No action,2026-05-05T10:18:54.832Z,1777976334817,v1
0,low_risk,no_action,0,No action,2026-05-05T10:18:54.832Z,1777976334817,v1
0,low_risk,no_action,0,No action,2026-05-05T10:18:54.832Z,1777976334817,v1
0,low_risk,no_action,0,No action,2026-05-05T10:18:54.832Z,1777976334817,v1
0,low_risk,no_action,0,No action,2026-05-05T10:18:54.832Z,1777976334817,v1
0,low_risk,no_action,0,No action,2026-05-05T10:18:54.832Z,1777976334817,v1
0,low_risk,no_action,0,No action,2026-05-05T10:18:54.832Z,1777976334817,v1
1,high_risk,premium_retention_offer,70,Send premium retention offer,2026-05-05T10:18:54.832Z,1777976334817,v1
0.99,high_risk,premium_retention_offer,68.8,Send premium retention offer,2026-05-05T10:18:54.832Z,1777976334817,v1
0,low_risk,no_action,0,No action,2026-05-05T10:18:54.832Z,1777976334817,v1
0,low_risk,no_action,0,No action,2026-05-05T10:18:54.832Z,1777976334817,v1
0,low_risk,no_action,0,No action,2026-05-05T10:18:54.832Z,1777976334817,v1
0,low_risk,no_action,0,No action,2026-05-05T10:18:54.832Z,1777976334817,v1
0,low_risk,no_action,0,No action,2026-05-05T10:18:54.832Z,1777976334817,v1
0,low_risk,no_action,0,No action,2026-05-05T10:18:54.832Z,1777976334817,v1
0,low_risk,no_action,0,No action,2026-05-05T10:18:54.832Z,1777976334817,v1
0,low_risk,no_action,0,No action,2026-05-05T10:18:54.832Z,1777976334817,v1
0.98,high_risk,premium_retention_offer,67.6,Send premium retention offer,2026-05-05T10:18:54.832Z,1777976334817,v1
0,low_risk,no_action,0,No action,2026-05-05T10:18:54.832Z,1777976334817,v1
0,low_risk,no_action,0,No action,2026-05-05T10:18:54.832Z,1777976334817,v1
0,low_risk,no_action,0,No action,2026-05-05T10:18:54.832Z,1777976334817,v1
0,low_risk,no_action,0,No action,2026-05-05T10:18:54.832Z,1777976334817,v1
0,low_risk,no_action,0,No action,2026-05-05T10:18:54.832Z,1777976334817,v1
0,low_risk,no_action,0,No action,2026-05-05T10:18:54.832Z,1777976334817,v1
0,low_risk,no_action,0,No action,2026-05-05T10:18:54.832Z,1777976334817,v1
0,low_risk,no_action,0,No action,2026-05-05T10:18:54.832Z,1777976334817,v1
0,low_risk,no_action,0,No action,2026-05-05T10:18:54.832Z,1777976334817,v1
0,low_risk,no_action,0,No action,2026-05-05T10:18:54.832Z,1777976334817,v1
0,low_risk,no_action,0,No action,2026-05-05T10:18:54.832Z,1777976334817,v1
0,low_risk,no_action,0,No action,2026-05-05T10:18:54.832Z,1777976334817,v1
0,low_risk,no_action,0,No action,2026-05-05T10:18:54.832Z,1777976334817,v1
0,low_risk,no_action,0,No action,2026-05-05T10:18:54.832Z,1777976334817,v1
0,low_risk,no_action,0,No action,2026-05-05T10:18:54.832Z,1777976334817,v1
0,low_risk,no_action,0,No action,2026-05-05T10:18:54.832Z,1777976334817,v1
1,high_risk,premium_retention_offer,70,Send premium retention offer,2026-05-05T10:18:54.832Z,1777976334817,v1
0,low_risk,no_action,0,No action,2026-05-05T10:18:54.832Z,1777976334817,v1
1,high_risk,premium_retention_offer,70,Send premium retention offer,2026-05-05T10:18:54.832Z,1777976334817,v1
0,low_risk,no_action,0,No action,2026-05-05T10:18:54.832Z,1777976334817,v1
0,low_risk,no_action,0,No action,2026-05-05T10:18:54.832Z,1777976334817,v1
0,low_risk,no_action,0,No action,2026-05-05T10:18:54.832Z,1777976334817,v1
0.99,high_risk,premium_retention_offer,68.8,Send premium retention offer,2026-05-05T10:18:54.832Z,1777976334817,v1
0,low_risk,no_action,0,No action,2026-05-05T10:18:54.832Z,1777976334817,v1
0.99,high_risk,premium_retention_offer,68.8,Send premium retention offer,2026-05-05T10:18:54.832Z,1777976334817,v1
0.99,high_risk,premium_retention_offer,68.8,Send premium retention offer,2026-05-05T10:18:54.832Z,1777976334817,v1
0,low_risk,no_action,0,No action,2026-05-05T10:18:54.832Z,1777976334817,v1
0,low_risk,no_action,0,No action,2026-05-05T10:18:54.832Z,1777976334817,v1
0,low_risk,no_action,0,No action,2026-05-05T10:18:54.832Z,1777976334817,v1
0,low_risk,no_action,0,No action,2026-05-05T10:18:54.832Z,1777976334817,v1
0.98,high_risk,premium_retention_offer,67.6,Send premium retention offer,2026-05-05T10:18:54.832Z,1777976334817,v1
0,low_risk,no_action,0,No action,2026-05-05T10:18:54.832Z,1777976334817,v1
0.99,high_risk,premium_retention_offer,68.8,Send premium retention offer,2026-05-05T10:18:54.832Z,1777976334817,v1
0,low_risk,no_action,0,No action,2026-05-05T10:18:54.832Z,1777976334817,v1
0.01,low_risk,no_action,0,No action,2026-05-05T10:18:54.832Z,1777976334817,v1
1,high_risk,premium_retention_offer,70,Send premium retention offer,2026-05-05T10:18:54.832Z,1777976334817,v1
1,high_risk,premium_retention_offer,70,Send premium retention offer,2026-05-05T10:18:54.832Z,1777976334817,v1
0,low_risk,no_action,0,No action,2026-05-05T10:18:54.832Z,1777976334817,v1
0,low_risk,no_action,0,No action,2026-05-05T10:18:54.832Z,1777976334817,v1
0,low_risk,no_action,0,No action,2026-05-05T10:18:54.832Z,1777976334817,v1
0,low_risk,no_action,0,No action,2026-05-05T10:18:54.832Z,1777976334817,v1
0,low_risk,no_action,0,No action,2026-05-05T10:18:54.832Z,1777976334817,v1
0,low_risk,no_action,0,No action,2026-05-05T10:18:54.832Z,1777976334817,v1
0,low_risk,no_action,0,No action,2026-05-05T10:18:54.832Z,1777976334817,v1
0,low_risk,no_action,0,No action,2026-05-05T10:18:54.832Z,1777976334817,v1
0.99,high_risk,premium_retention_offer,68.8,Send premium retention offer,2026-05-05T10:18:54.832Z,1777976334817,v1
1,high_risk,premium_retention_offer,70,Send premium retention offer,2026-05-05T10:18:54.832Z,1777976334817,v1
0.99,high_risk,premium_retention_offer,68.8,Send premium retention offer,2026-05-05T10:18:54.832Z,1777976334817,v1
0,low_risk,no_action,0,No action,2026-05-05T10:18:54.832Z,1777976334817,v1
1,high_risk,premium_retention_offer,70,Send premium retention offer,2026-05-05T10:18:54.832Z,1777976334817,v1
0,low_risk,no_action,0,No action,2026-05-05T10:18:54.832Z,1777976334817,v1
0,low_risk,no_action,0,No action,2026-05-05T10:18:54.832Z,1777976334817,v1
0,low_risk,no_action,0,No action,2026-05-05T10:18:54.832Z,1777976334817,v1
0.02,low_risk,no_action,0,No action,2026-05-05T10:18:54.832Z,1777976334817,v1
0,low_risk,no_action,0,No action,2026-05-05T10:18:54.832Z,1777976334817,v1
0,low_risk,no_action,0,No action,2026-05-05T10:18:54.832Z,1777976334817,v1
0,low_risk,no_action,0,No action,2026-05-05T10:18:54.832Z,1777976334817,v1
0,low_risk,no_action,0,No action,2026-05-05T10:18:54.832Z,1777976334817,v1
0,low_risk,no_action,0,No action,2026-05-05T10:18:54.832Z,1777976334817,v1
0,low_risk,no_action,0,No action,2026-05-05T10:18:54.832Z,1777976334817,v1
0,low_risk,no_action,0,No action,2026-05-05T10:18:54.832Z,1777976334817,v1
0.8,high_risk,premium_retention_offer,46,Send premium retention offer,2026-05-05T10:18:54.832Z,1777976334817,v1
0,low_risk,no_action,0,No action,2026-05-05T10:18:54.832Z,1777976334817,v1
0,low_risk,no_action,0,No action,2026-05-05T10:18:54.832Z,1777976334817,v1
0,low_risk,no_action,0,No action,2026-05-05T10:18:54.832Z,1777976334817,v1
0,low_risk,no_action,0,No action,2026-05-05T10:18:54.832Z,1777976334817,v1
0.99,high_risk,premium_retention_offer,68.8,Send premium retention offer,2026-05-05T10:18:54.832Z,1777976334817,v1
0,low_risk,no_action,0,No action,2026-05-05T10:18:54.832Z,1777976334817,v1
0.01,low_risk,no_action,0,No action,2026-05-05T10:18:54.832Z,1777976334817,v1
1,high_risk,premium_retention_offer,70,Send premium retention offer,2026-05-05T10:18:54.832Z,1777976334817,v1
0.01,low_risk,no_action,0,No action,2026-05-05T10:18:54.832Z,1777976334817,v1
0,low_risk,no_action,0,No action,2026-05-05T10:18:54.832Z,1777976334817,v1
0,low_risk,no_action,0,No action,2026-05-05T10:18:54.832Z,1777976334817,v1
1,high_risk,premium_retention_offer,70,Send premium retention offer,2026-05-05T10:18:54.832Z,1777976334817,v1
0.02,low_risk,no_action,0,No action,2026-05-05T10:18:54.832Z,1777976334817,v1
0,low_risk,no_action,0,No action,2026-05-05T10:18:54.832Z,1777976334817,v1
0,low_risk,no_action,0,No action,2026-05-05T10:18:54.832Z,1777976334817,v1
0,low_risk,no_action,0,No action,2026-05-05T10:18:54.832Z,1777976334817,v1
0,low_risk,no_action,0,No action,2026-05-05T10:18:54.832Z,1777976334817,v1
0,low_risk,no_action,0,No action,2026-05-05T10:18:54.832Z,1777976334817,v1
0,low_risk,no_action,0,No action,2026-05-05T10:18:54.832Z,1777976334817,v1
0,low_risk,no_action,0,No action,2026-05-05T10:18:54.832Z,1777976334817,v1
1,high_risk,premium_retention_offer,70,Send premium retention offer,2026-05-05T10:18:54.832Z,1777976334817,v1
0.01,low_risk,no_action,0,No action,2026-05-05T10:18:54.832Z,1777976334817,v1
0,low_risk,no_action,0,No action,2026-05-05T10:18:54.832Z,1777976334817,v1
0,low_risk,no_action,0,No action,2026-05-05T10:18:54.832Z,1777976334817,v1
0,low_risk,no_action,0,No action,2026-05-05T10:18:54.832Z,1777976334817,v1
0,low_risk,no_action,0,No action,2026-05-05T10:18:54.832Z,1777976334817,v1
0,low_risk,no_action,0,No action,2026-05-05T10:18:54.832Z,1777976334817,v1
1,high_risk,premium_retention_offer,70,Send premium retention offer,2026-05-05T10:18:54.832Z,1777976334817,v1
0,low_risk,no_action,0,No action,2026-05-05T10:18:54.832Z,1777976334817,v1
0.96,high_risk,premium_retention_offer,65.2,Send premium retention offer,2026-05-05T10:18:54.832Z,1777976334817,v1
0,low_risk,no_action,0,No action,2026-05-05T10:18:54.832Z,1777976334817,v1
0,low_risk,no_action,0,No action,2026-05-05T10:18:54.832Z,1777976334817,v1
0,low_risk,no_action,0,No action,2026-05-05T10:18:54.832Z,1777976334817,v1
0,low_risk,no_action,0,No action,2026-05-05T10:18:54.832Z,1777976334817,v1
0,low_risk,no_action,0,No action,2026-05-05T10:18:54.832Z,1777976334817,v1
0,low_risk,no_action,0,No action,2026-05-05T10:18:54.832Z,1777976334817,v1
0,low_risk,no_action,0,No action,2026-05-05T10:18:54.832Z,1777976334817,v1
0,low_risk,no_action,0,No action,2026-05-05T10:18:54.832Z,1777976334817,v1
0,low_risk,no_action,0,No action,2026-05-05T10:18:54.832Z,1777976334817,v1
0,low_risk,no_action,0,No action,2026-05-05T10:18:54.832Z,1777976334817,v1
0,low_risk,no_action,0,No action,2026-05-05T10:18:54.832Z,1777976334817,v1
1,high_risk,premium_retention_offer,70,Send premium retention offer,2026-05-05T10:18:54.832Z,1777976334817,v1
0.99,high_risk,premium_retention_offer,68.8,Send premium retention offer,2026-05-05T10:18:54.832Z,1777976334817,v1
0.99,high_risk,premium_retention_offer,68.8,Send premium retention offer,2026-05-05T10:18:54.832Z,1777976334817,v1
1,high_risk,premium_retention_offer,70,Send premium retention offer,2026-05-05T10:18:54.832Z,1777976334817,v1
0,low_risk,no_action,0,No action,2026-05-05T10:18:54.832Z,1777976334817,v1
1,high_risk,premium_retention_offer,70,Send premium retention offer,2026-05-05T10:18:54.832Z,1777976334817,v1
0,low_risk,no_action,0,No action,2026-05-05T10:18:54.832Z,1777976334817,v1
0,low_risk,no_action,0,No action,2026-05-05T10:18:54.832Z,1777976334817,v1
0.99,high_risk,premium_retention_offer,68.8,Send premium retention offer,2026-05-05T10:18:54.832Z,1777976334817,v1
0,low_risk,no_action,0,No action,2026-05-05T10:18:54.832Z,1777976334817,v1
0,low_risk,no_action,0,No action,2026-05-05T10:18:54.832Z,1777976334817,v1
0.01,low_risk,no_action,0,No action,2026-05-05T10:18:54.832Z,1777976334817,v1
0,low_risk,no_action,0,No action,2026-05-05T10:18:54.832Z,1777976334817,v1
0,low_risk,no_action,0,No action,2026-05-05T10:18:54.832Z,1777976334817,v1
0.01,low_risk,no_action,0,No action,2026-05-05T10:18:54.832Z,1777976334817,v1
0,low_risk,no_action,0,No action,2026-05-05T10:18:54.832Z,1777976334817,v1
0,low_risk,no_action,0,No action,2026-05-05T10:18:54.832Z,1777976334817,v1
0,low_risk,no_action,0,No action,2026-05-05T10:18:54.832Z,1777976334817,v1
0,low_risk,no_action,0,No action,2026-05-05T10:18:54.832Z,1777976334817,v1
0,low_risk,no_action,0,No action,2026-05-05T10:18:54.832Z,1777976334817,v1
0,low_risk,no_action,0,No action,2026-05-05T10:18:54.832Z,1777976334817,v1
0,low_risk,no_action,0,No action,2026-05-05T10:18:54.832Z,1777976334817,v1
0,low_risk,no_action,0,No action,2026-05-05T10:18:54.832Z,1777976334817,v1
0,low_risk,no_action,0,No action,2026-05-05T10:18:54.832Z,1777976334817,v1
0,low_risk,no_action,0,No action,2026-05-05T10:18:54.832Z,1777976334817,v1
0.01,low_risk,no_action,0,No action,2026-05-05T10:18:54.832Z,1777976334817,v1
0,low_risk,no_action,0,No action,2026-05-05T10:18:54.832Z,1777976334817,v1
0,low_risk,no_action,0,No action,2026-05-05T10:18:54.832Z,1777976334817,v1
0,low_risk,no_action,0,No action,2026-05-05T10:18:54.832Z,1777976334817,v1
0.99,high_risk,premium_retention_offer,68.8,Send premium retention offer,2026-05-05T10:18:54.832Z,1777976334817,v1
1,high_risk,premium_retention_offer,70,Send premium retention offer,2026-05-05T10:18:54.832Z,1777976334817,v1
1,high_risk,premium_retention_offer,70,Send premium retention offer,2026-05-05T10:18:54.832Z,1777976334817,v1
0,low_risk,no_action,0,No action,2026-05-05T10:18:54.832Z,1777976334817,v1
0,low_risk,no_action,0,No action,2026-05-05T10:18:54.832Z,1777976334817,v1
0,low_risk,no_action,0,No action,2026-05-05T10:18:54.832Z,1777976334817,v1
0.01,low_risk,no_action,0,No action,2026-05-05T10:18:54.832Z,1777976334817,v1
0,low_risk,no_action,0,No action,2026-05-05T10:18:54.832Z,1777976334817,v1
0,low_risk,no_action,0,No action,2026-05-05T10:18:54.832Z,1777976334817,v1
1,high_risk,premium_retention_offer,70,Send premium retention offer,2026-05-05T10:18:54.832Z,1777976334817,v1
0,low_risk,no_action,0,No action,2026-05-05T10:18:54.832Z,1777976334817,v1
0.99,high_risk,premium_retention_offer,68.8,Send premium retention offer,2026-05-05T10:18:54.832Z,1777976334817,v1
1,high_risk,premium_retention_offer,70,Send premium retention offer,2026-05-05T10:18:54.832Z,1777976334817,v1
0,low_risk,no_action,0,No action,2026-05-05T10:18:54.832Z,1777976334817,v1
0,low_risk,no_action,0,No action,2026-05-05T10:18:54.832Z,1777976334817,v1
0,low_risk,no_action,0,No action,2026-05-05T10:18:54.832Z,1777976334817,v1
0,low_risk,no_action,0,No action,2026-05-05T10:18:54.832Z,1777976334817,v1
0,low_risk,no_action,0,No action,2026-05-05T10:18:54.832Z,1777976334817,v1
0,low_risk,no_action,0,No action,2026-05-05T10:18:54.832Z,1777976334817,v1
0,low_risk,no_action,0,No action,2026-05-05T10:18:54.832Z,1777976334817,v1
0,low_risk,no_action,0,No action,2026-05-05T10:18:54.832Z,1777976334817,v1
1,high_risk,premium_retention_offer,70,Send premium retention offer,2026-05-05T10:18:54.832Z,1777976334817,v1
0,low_risk,no_action,0,No action,2026-05-05T10:18:54.832Z,1777976334817,v1
0,low_risk,no_action,0,No action,2026-05-05T10:18:54.832Z,1777976334817,v1
1,high_risk,premium_retention_offer,70,Send premium retention offer,2026-05-05T10:18:54.832Z,1777976334817,v1
0,low_risk,no_action,0,No action,2026-05-05T10:18:54.832Z,1777976334817,v1
0,low_risk,no_action,0,No action,2026-05-05T10:18:54.832Z,1777976334817,v1
0,low_risk,no_action,0,No action,2026-05-05T10:18:54.832Z,1777976334817,v1
0,low_risk,no_action,0,No action,2026-05-05T10:18:54.832Z,1777976334817,v1
0.98,high_risk,premium_retention_offer,67.6,Send premium retention offer,2026-05-05T10:18:54.832Z,1777976334817,v1
0,low_risk,no_action,0,No action,2026-05-05T10:18:54.832Z,1777976334817,v1
1,high_risk,premium_retention_offer,70,Send premium retention offer,2026-05-05T10:18:54.832Z,1777976334817,v1
0,low_risk,no_action,0,No action,2026-05-05T10:18:54.832Z,1777976334817,v1
1,high_risk,premium_retention_offer,70,Send premium retention offer,2026-05-05T10:18:54.832Z,1777976334817,v1
0,low_risk,no_action,0,No action,2026-05-05T10:18:54.832Z,1777976334817,v1
0,low_risk,no_action,0,No action,2026-05-05T10:18:54.832Z,1777976334817,v1
0.01,low_risk,no_action,0,No action,2026-05-05T10:18:54.832Z,1777976334817,v1
0,low_risk,no_action,0,No action,2026-05-05T10:18:54.832Z,1777976334817,v1
0,low_risk,no_action,0,No action,2026-05-05T10:18:54.833Z,1777976334817,v1
0,low_risk,no_action,0,No action,2026-05-05T10:18:54.833Z,1777976334817,v1
0.99,high_risk,premium_retention_offer,68.8,Send premium retention offer,2026-05-05T10:18:54.833Z,1777976334817,v1
0,low_risk,no_action,0,No action,2026-05-05T10:18:54.833Z,1777976334817,v1
0,low_risk,no_action,0,No action,2026-05-05T10:18:54.833Z,1777976334817,v1
0,low_risk,no_action,0,No action,2026-05-05T10:18:54.833Z,1777976334817,v1
0,low_risk,no_action,0,No action,2026-05-05T10:18:54.833Z,1777976334817,v1
0,low_risk,no_action,0,No action,2026-05-05T10:18:54.833Z,1777976334817,v1
0,low_risk,no_action,0,No action,2026-05-05T10:18:54.833Z,1777976334817,v1
0,low_risk,no_action,0,No action,2026-05-05T10:18:54.833Z,1777976334817,v1
0,low_risk,no_action,0,No action,2026-05-05T10:18:54.833Z,1777976334817,v1
0,low_risk,no_action,0,No action,2026-05-05T10:18:54.833Z,1777976334817,v1
1,high_risk,premium_retention_offer,70,Send premium retention offer,2026-05-05T10:18:54.833Z,1777976334817,v1
0,low_risk,no_action,0,No action,2026-05-05T10:18:54.833Z,1777976334817,v1
0,low_risk,no_action,0,No action,2026-05-05T10:18:54.833Z,1777976334817,v1
1,high_risk,premium_retention_offer,70,Send premium retention offer,2026-05-05T10:18:54.833Z,1777976334817,v1
0,low_risk,no_action,0,No action,2026-05-05T10:18:54.833Z,1777976334817,v1
0,low_risk,no_action,0,No action,2026-05-05T10:18:54.833Z,1777976334817,v1
0,low_risk,no_action,0,No action,2026-05-05T10:18:54.833Z,1777976334817,v1
0,low_risk,no_action,0,No action,2026-05-05T10:18:54.833Z,1777976334817,v1
0,low_risk,no_action,0,No action,2026-05-05T10:18:54.833Z,1777976334817,v1
0.99,high_risk,premium_retention_offer,68.8,Send premium retention offer,2026-05-05T10:18:54.833Z,1777976334817,v1
0,low_risk,no_action,0,No action,2026-05-05T10:18:54.833Z,1777976334817,v1
0,low_risk,no_action,0,No action,2026-05-05T10:18:54.833Z,1777976334817,v1
0,low_risk,no_action,0,No action,2026-05-05T10:18:54.833Z,1777976334817,v1
0.99,high_risk,premium_retention_offer,68.8,Send premium retention offer,2026-05-05T10:18:54.833Z,1777976334817,v1
0,low_risk,no_action,0,No action,2026-05-05T10:18:54.833Z,1777976334817,v1
0.01,low_risk,no_action,0,No action,2026-05-05T10:18:54.833Z,1777976334817,v1
0,low_risk,no_action,0,No action,2026-05-05T10:18:54.833Z,1777976334817,v1
0.01,low_risk,no_action,0,No action,2026-05-05T10:18:54.833Z,1777976334817,v1
0.96,high_risk,premium_retention_offer,65.2,Send premium retention offer,2026-05-05T10:18:54.833Z,1777976334817,v1
0,low_risk,no_action,0,No action,2026-05-05T10:18:54.833Z,1777976334817,v1
0,low_risk,no_action,0,No action,2026-05-05T10:18:54.833Z,1777976334817,v1
0,low_risk,no_action,0,No action,2026-05-05T10:18:54.833Z,1777976334817,v1
0.01,low_risk,no_action,0,No action,2026-05-05T10:18:54.833Z,1777976334817,v1
0,low_risk,no_action,0,No action,2026-05-05T10:18:54.833Z,1777976334817,v1
0,low_risk,no_action,0,No action,2026-05-05T10:18:54.833Z,1777976334817,v1
0.99,high_risk,premium_retention_offer,68.8,Send premium retention offer,2026-05-05T10:18:54.833Z,1777976334817,v1
0,low_risk,no_action,0,No action,2026-05-05T10:18:54.833Z,1777976334817,v1
0,low_risk,no_action,0,No action,2026-05-05T10:18:54.833Z,1777976334817,v1
1,high_risk,premium_retention_offer,70,Send premium retention offer,2026-05-05T10:18:54.833Z,1777976334817,v1
0,low_risk,no_action,0,No action,2026-05-05T10:18:54.833Z,1777976334817,v1
1,high_risk,premium_retention_offer,70,Send premium retention offer,2026-05-05T10:18:54.833Z,1777976334817,v1
0,low_risk,no_action,0,No action,2026-05-05T10:18:54.833Z,1777976334817,v1
1,high_risk,premium_retention_offer,70,Send premium retention offer,2026-05-05T10:18:54.833Z,1777976334817,v1
0.99,high_risk,premium_retention_offer,68.8,Send premium retention offer,2026-05-05T10:18:54.833Z,1777976334817,v1
0,low_risk,no_action,0,No action,2026-05-05T10:18:54.833Z,1777976334817,v1
0,low_risk,no_action,0,No action,2026-05-05T10:18:54.833Z,1777976334817,v1
0,low_risk,no_action,0,No action,2026-05-05T10:18:54.833Z,1777976334817,v1
0,low_risk,no_action,0,No action,2026-05-05T10:18:54.833Z,1777976334817,v1
0.01,low_risk,no_action,0,No action,2026-05-05T10:18:54.833Z,1777976334817,v1
0,low_risk,no_action,0,No action,2026-05-05T10:18:54.833Z,1777976334817,v1
1,high_risk,premium_retention_offer,70,Send premium retention offer,2026-05-05T10:18:54.833Z,1777976334817,v1
0,low_risk,no_action,0,No action,2026-05-05T10:18:54.833Z,1777976334817,v1
0,low_risk,no_action,0,No action,2026-05-05T10:18:54.833Z,1777976334817,v1
0.99,high_risk,premium_retention_offer,68.8,Send premium retention offer,2026-05-05T10:18:54.833Z,1777976334817,v1
0,low_risk,no_action,0,No action,2026-05-05T10:18:54.833Z,1777976334817,v1
0,low_risk,no_action,0,No action,2026-05-05T10:18:54.833Z,1777976334817,v1
0,low_risk,no_action,0,No action,2026-05-05T10:18:54.833Z,1777976334817,v1
0,low_risk,no_action,0,No action,2026-05-05T10:18:54.833Z,1777976334817,v1
0.97,high_risk,premium_retention_offer,66.4,Send premium retention offer,2026-05-05T10:18:54.833Z,1777976334817,v1
0,low_risk,no_action,0,No action,2026-05-05T10:18:54.833Z,1777976334817,v1
0,low_risk,no_action,0,No action,2026-05-05T10:18:54.833Z,1777976334817,v1
0,low_risk,no_action,0,No action,2026-05-05T10:18:54.833Z,1777976334817,v1
0,low_risk,no_action,0,No action,2026-05-05T10:18:54.833Z,1777976334817,v1
0,low_risk,no_action,0,No action,2026-05-05T10:18:54.833Z,1777976334817,v1
0,low_risk,no_action,0,No action,2026-05-05T10:18:54.833Z,1777976334817,v1
0,low_risk,no_action,0,No action,2026-05-05T10:18:54.833Z,1777976334817,v1
0,low_risk,no_action,0,No action,2026-05-05T10:18:54.833Z,1777976334817,v1
0,low_risk,no_action,0,No action,2026-05-05T10:18:54.833Z,1777976334817,v1
0,low_risk,no_action,0,No action,2026-05-05T10:18:54.833Z,1777976334817,v1
1,high_risk,premium_retention_offer,70,Send premium retention offer,2026-05-05T10:18:54.833Z,1777976334817,v1
0,low_risk,no_action,0,No action,2026-05-05T10:18:54.833Z,1777976334817,v1
0,low_risk,no_action,0,No action,2026-05-05T10:18:54.833Z,1777976334817,v1
1,high_risk,premium_retention_offer,70,Send premium retention offer,2026-05-05T10:18:54.833Z,1777976334817,v1
0,low_risk,no_action,0,No action,2026-05-05T10:18:54.833Z,1777976334817,v1
0,low_risk,no_action,0,No action,2026-05-05T10:18:54.833Z,1777976334817,v1
0.01,low_risk,no_action,0,No action,2026-05-05T10:18:54.833Z,1777976334817,v1
0,low_risk,no_action,0,No action,2026-05-05T10:18:54.833Z,1777976334817,v1
0,low_risk,no_action,0,No action,2026-05-05T10:18:54.833Z,1777976334817,v1
0,low_risk,no_action,0,No action,2026-05-05T10:18:54.833Z,1777976334817,v1
0.01,low_risk,no_action,0,No action,2026-05-05T10:18:54.833Z,1777976334817,v1
0,low_risk,no_action,0,No action,2026-05-05T10:18:54.833Z,1777976334817,v1
0,low_risk,no_action,0,No action,2026-05-05T10:18:54.833Z,1777976334817,v1
0.01,low_risk,no_action,0,No action,2026-05-05T10:18:54.833Z,1777976334817,v1
0,low_risk,no_action,0,No action,2026-05-05T10:18:54.833Z,1777976334817,v1
0,low_risk,no_action,0,No action,2026-05-05T10:18:54.833Z,1777976334817,v1
1,high_risk,premium_retention_offer,70,Send premium retention offer,2026-05-05T10:18:54.833Z,1777976334817,v1
0,low_risk,no_action,0,No action,2026-05-05T10:18:54.833Z,1777976334817,v1
0,low_risk,no_action,0,No action,2026-05-05T10:18:54.833Z,1777976334817,v1
0,low_risk,no_action,0,No action,2026-05-05T10:18:54.833Z,1777976334817,v1
0,low_risk,no_action,0,No action,2026-05-05T10:18:54.833Z,1777976334817,v1
0.96,high_risk,premium_retention_offer,65.2,Send premium retention offer,2026-05-05T10:18:54.833Z,1777976334817,v1
0,low_risk,no_action,0,No action,2026-05-05T10:18:54.833Z,1777976334817,v1
1,high_risk,premium_retention_offer,70,Send premium retention offer,2026-05-05T10:18:54.833Z,1777976334817,v1
0,low_risk,no_action,0,No action,2026-05-05T10:18:54.833Z,1777976334817,v1
1,high_risk,premium_retention_offer,70,Send premium retention offer,2026-05-05T10:18:54.833Z,1777976334817,v1
0,low_risk,no_action,0,No action,2026-05-05T10:18:54.833Z,1777976334817,v1
0,low_risk,no_action,0,No action,2026-05-05T10:18:54.833Z,1777976334817,v1
0,low_risk,no_action,0,No action,2026-05-05T10:18:54.833Z,1777976334817,v1
0,low_risk,no_action,0,No action,2026-05-05T10:18:54.833Z,1777976334817,v1
0,low_risk,no_action,0,No action,2026-05-05T10:18:54.833Z,1777976334817,v1
0.92,high_risk,premium_retention_offer,60.4,Send premium retention offer,2026-05-05T10:18:54.833Z,1777976334817,v1
0.98,high_risk,premium_retention_offer,67.6,Send premium retention offer,2026-05-05T10:18:54.833Z,1777976334817,v1
1,high_risk,premium_retention_offer,70,Send premium retention offer,2026-05-05T10:18:54.833Z,1777976334817,v1
1,high_risk,premium_retention_offer,70,Send premium retention offer,2026-05-05T10:18:54.833Z,1777976334817,v1
0,low_risk,no_action,0,No action,2026-05-05T10:18:54.833Z,1777976334817,v1
0,low_risk,no_action,0,No action,2026-05-05T10:18:54.833Z,1777976334817,v1
0.99,high_risk,premium_retention_offer,68.8,Send premium retention offer,2026-05-05T10:18:54.833Z,1777976334817,v1
0.95,high_risk,premium_retention_offer,64,Send premium retention offer,2026-05-05T10:18:54.833Z,1777976334817,v1
0,low_risk,no_action,0,No action,2026-05-05T10:18:54.833Z,1777976334817,v1
0,low_risk,no_action,0,No action,2026-05-05T10:18:54.833Z,1777976334817,v1
0,low_risk,no_action,0,No action,2026-05-05T10:18:54.833Z,1777976334817,v1
0,low_risk,no_action,0,No action,2026-05-05T10:18:54.833Z,1777976334817,v1
0,low_risk,no_action,0,No action,2026-05-05T10:18:54.833Z,1777976334817,v1
0,low_risk,no_action,0,No action,2026-05-05T10:18:54.833Z,1777976334817,v1
0,low_risk,no_action,0,No action,2026-05-05T10:18:54.833Z,1777976334817,v1
0,low_risk,no_action,0,No action,2026-05-05T10:18:54.833Z,1777976334817,v1
0.98,high_risk,premium_retention_offer,67.6,Send premium retention offer,2026-05-05T10:18:54.833Z,1777976334817,v1
0,low_risk,no_action,0,No action,2026-05-05T10:18:54.833Z,1777976334817,v1
0,low_risk,no_action,0,No action,2026-05-05T10:18:54.833Z,1777976334817,v1
0,low_risk,no_action,0,No action,2026-05-05T10:18:54.833Z,1777976334817,v1
0,low_risk,no_action,0,No action,2026-05-05T10:18:54.833Z,1777976334817,v1
1,high_risk,premium_retention_offer,70,Send premium retention offer,2026-05-05T10:18:54.833Z,1777976334817,v1
0.01,low_risk,no_action,0,No action,2026-05-05T10:18:54.833Z,1777976334817,v1
0,low_risk,no_action,0,No action,2026-05-05T10:18:54.833Z,1777976334817,v1
0,low_risk,no_action,0,No action,2026-05-05T10:18:54.833Z,1777976334817,v1
0,low_risk,no_action,0,No action,2026-05-05T10:18:54.833Z,1777976334817,v1
1,high_risk,premium_retention_offer,70,Send premium retention offer,2026-05-05T10:18:54.833Z,1777976334817,v1
0,low_risk,no_action,0,No action,2026-05-05T10:18:54.833Z,1777976334817,v1
0.01,low_risk,no_action,0,No action,2026-05-05T10:18:54.833Z,1777976334817,v1
0,low_risk,no_action,0,No action,2026-05-05T10:18:54.833Z,1777976334817,v1
0,low_risk,no_action,0,No action,2026-05-05T10:18:54.833Z,1777976334817,v1
0.01,low_risk,no_action,0,No action,2026-05-05T10:18:54.833Z,1777976334817,v1
0,low_risk,no_action,0,No action,2026-05-05T10:18:54.833Z,1777976334817,v1
0,low_risk,no_action,0,No action,2026-05-05T10:18:54.833Z,1777976334817,v1
1,high_risk,premium_retention_offer,70,Send premium retention offer,2026-05-05T10:18:54.833Z,1777976334817,v1
1,high_risk,premium_retention_offer,70,Send premium retention offer,2026-05-05T10:18:54.833Z,1777976334817,v1
0,low_risk,no_action,0,No action,2026-05-05T10:18:54.833Z,1777976334817,v1
0,low_risk,no_action,0,No action,2026-05-05T10:18:54.833Z,1777976334817,v1
0,low_risk,no_action,0,No action,2026-05-05T10:18:54.833Z,1777976334817,v1
0.93,high_risk,premium_retention_offer,61.6,Send premium retention offer,2026-05-05T10:18:54.833Z,1777976334817,v1
1,high_risk,premium_retention_offer,70,Send premium retention offer,2026-05-05T10:18:54.833Z,1777976334817,v1
0,low_risk,no_action,0,No action,2026-05-05T10:18:54.833Z,1777976334817,v1
0.04,low_risk,no_action,0,No action,2026-05-05T10:18:54.833Z,1777976334817,v1
0,low_risk,no_action,0,No action,2026-05-05T10:18:54.833Z,1777976334817,v1
0,low_risk,no_action,0,No action,2026-05-05T10:18:54.833Z,1777976334817,v1
0,low_risk,no_action,0,No action,2026-05-05T10:18:54.833Z,1777976334817,v1
0,low_risk,no_action,0,No action,2026-05-05T10:18:54.833Z,1777976334817,v1
0,low_risk,no_action,0,No action,2026-05-05T10:18:54.833Z,1777976334817,v1
0,low_risk,no_action,0,No action,2026-05-05T10:18:54.833Z,1777976334817,v1
0,low_risk,no_action,0,No action,2026-05-05T10:18:54.833Z,1777976334817,v1
0,low_risk,no_action,0,No action,2026-05-05T10:18:54.833Z,1777976334817,v1
0,low_risk,no_action,0,No action,2026-05-05T10:18:54.833Z,1777976334817,v1
0,low_risk,no_action,0,No action,2026-05-05T10:18:54.833Z,1777976334817,v1
0,low_risk,no_action,0,No action,2026-05-05T10:18:54.833Z,1777976334817,v1
0,low_risk,no_action,0,No action,2026-05-05T10:18:54.833Z,1777976334817,v1
0,low_risk,no_action,0,No action,2026-05-05T10:18:54.833Z,1777976334817,v1
0,low_risk,no_action,0,No action,2026-05-05T10:18:54.833Z,1777976334817,v1
0,low_risk,no_action,0,No action,2026-05-05T10:18:54.833Z,1777976334817,v1
0,low_risk,no_action,0,No action,2026-05-05T10:18:54.833Z,1777976334817,v1
0,low_risk,no_action,0,No action,2026-05-05T10:18:54.833Z,1777976334817,v1
0,low_risk,no_action,0,No action,2026-05-05T10:18:54.833Z,1777976334817,v1
0,low_risk,no_action,0,No action,2026-05-05T10:18:54.833Z,1777976334817,v1
0,low_risk,no_action,0,No action,2026-05-05T10:18:54.833Z,1777976334817,v1
0,low_risk,no_action,0,No action,2026-05-05T10:18:54.833Z,1777976334817,v1
0,low_risk,no_action,0,No action,2026-05-05T10:18:54.833Z,1777976334817,v1
1,high_risk,premium_retention_offer,70,Send premium retention offer,2026-05-05T10:18:54.833Z,1777976334817,v1
0,low_risk,no_action,0,No action,2026-05-05T10:18:54.833Z,1777976334817,v1
0.01,low_risk,no_action,0,No action,2026-05-05T10:18:54.833Z,1777976334817,v1
0,low_risk,no_action,0,No action,2026-05-05T10:18:54.833Z,1777976334817,v1
0.98,high_risk,premium_retention_offer,67.6,Send premium retention offer,2026-05-05T10:18:54.833Z,1777976334817,v1
0,low_risk,no_action,0,No action,2026-05-05T10:18:54.833Z,1777976334817,v1
0,low_risk,no_action,0,No action,2026-05-05T10:18:54.833Z,1777976334817,v1
0.98,high_risk,premium_retention_offer,67.6,Send premium retention offer,2026-05-05T10:18:54.833Z,1777976334817,v1
0,low_risk,no_action,0,No action,2026-05-05T10:18:54.833Z,1777976334817,v1
0.01,low_risk,no_action,0,No action,2026-05-05T10:18:54.833Z,1777976334817,v1
0,low_risk,no_action,0,No action,2026-05-05T10:18:54.833Z,1777976334817,v1
0,low_risk,no_action,0,No action,2026-05-05T10:18:54.833Z,1777976334817,v1
0,low_risk,no_action,0,No action,2026-05-05T10:18:54.833Z,1777976334817,v1
0,low_risk,no_action,0,No action,2026-05-05T10:18:54.833Z,1777976334817,v1
0,low_risk,no_action,0,No action,2026-05-05T10:18:54.833Z,1777976334817,v1
0,low_risk,no_action,0,No action,2026-05-05T10:18:54.833Z,1777976334817,v1
0,low_risk,no_action,0,No action,2026-05-05T10:18:54.833Z,1777976334817,v1
0,low_risk,no_action,0,No action,2026-05-05T10:18:54.833Z,1777976334817,v1
0,low_risk,no_action,0,No action,2026-05-05T10:18:54.833Z,1777976334817,v1
0,low_risk,no_action,0,No action,2026-05-05T10:18:54.833Z,1777976334817,v1
0,low_risk,no_action,0,No action,2026-05-05T10:18:54.833Z,1777976334817,v1
0,low_risk,no_action,0,No action,2026-05-05T10:18:54.833Z,1777976334817,v1
0,low_risk,no_action,0,No action,2026-05-05T10:18:54.833Z,1777976334817,v1
0,low_risk,no_action,0,No action,2026-05-05T10:18:54.833Z,1777976334817,v1
0.99,high_risk,premium_retention_offer,68.8,Send premium retention offer,2026-05-05T10:18:54.833Z,1777976334817,v1
0,low_risk,no_action,0,No action,2026-05-05T10:18:54.833Z,1777976334817,v1
0,low_risk,no_action,0,No action,2026-05-05T10:18:54.833Z,1777976334817,v1
0,low_risk,no_action,0,No action,2026-05-05T10:18:54.833Z,1777976334817,v1
0,low_risk,no_action,0,No action,2026-05-05T10:18:54.833Z,1777976334817,v1
1,high_risk,premium_retention_offer,70,Send premium retention offer,2026-05-05T10:18:54.833Z,1777976334817,v1
0,low_risk,no_action,0,No action,2026-05-05T10:18:54.833Z,1777976334817,v1
0,low_risk,no_action,0,No action,2026-05-05T10:18:54.833Z,1777976334817,v1
1,high_risk,premium_retention_offer,70,Send premium retention offer,2026-05-05T10:18:54.833Z,1777976334817,v1
0.97,high_risk,premium_retention_offer,66.4,Send premium retention offer,2026-05-05T10:18:54.833Z,1777976334817,v1
0,low_risk,no_action,0,No action,2026-05-05T10:18:54.833Z,1777976334817,v1
0,low_risk,no_action,0,No action,2026-05-05T10:18:54.833Z,1777976334817,v1
0,low_risk,no_action,0,No action,2026-05-05T10:18:54.833Z,1777976334817,v1
0,low_risk,no_action,0,No action,2026-05-05T10:18:54.833Z,1777976334817,v1
0,low_risk,no_action,0,No action,2026-05-05T10:18:54.833Z,1777976334817,v1
0,low_risk,no_action,0,No action,2026-05-05T10:18:54.833Z,1777976334817,v1
0,low_risk,no_action,0,No action,2026-05-05T10:18:54.833Z,1777976334817,v1
0,low_risk,no_action,0,No action,2026-05-05T10:18:54.833Z,1777976334817,v1
1,high_risk,premium_retention_offer,70,Send premium retention offer,2026-05-05T10:18:54.833Z,1777976334817,v1
0,low_risk,no_action,0,No action,2026-05-05T10:18:54.833Z,1777976334817,v1
0,low_risk,no_action,0,No action,2026-05-05T10:18:54.833Z,1777976334817,v1
0,low_risk,no_action,0,No action,2026-05-05T10:18:54.833Z,1777976334817,v1
0,low_risk,no_action,0,No action,2026-05-05T10:18:54.833Z,1777976334817,v1
0,low_risk,no_action,0,No action,2026-05-05T10:18:54.833Z,1777976334817,v1
0,low_risk,no_action,0,No action,2026-05-05T10:18:54.833Z,1777976334817,v1
0.94,high_risk,premium_retention_offer,62.8,Send premium retention offer,2026-05-05T10:18:54.833Z,1777976334817,v1
0,low_risk,no_action,0,No action,2026-05-05T10:18:54.833Z,1777976334817,v1
0,low_risk,no_action,0,No action,2026-05-05T10:18:54.833Z,1777976334817,v1
0.98,high_risk,premium_retention_offer,67.6,Send premium retention offer,2026-05-05T10:18:54.833Z,1777976334817,v1
0,low_risk,no_action,0,No action,2026-05-05T10:18:54.833Z,1777976334817,v1
0,low_risk,no_action,0,No action,2026-05-05T10:18:54.833Z,1777976334817,v1
0,low_risk,no_action,0,No action,2026-05-05T10:18:54.833Z,1777976334817,v1
0.02,low_risk,no_action,0,No action,2026-05-05T10:18:54.833Z,1777976334817,v1
0,low_risk,no_action,0,No action,2026-05-05T10:18:54.833Z,1777976334817,v1
0.98,high_risk,premium_retention_offer,67.6,Send premium retention offer,2026-05-05T10:18:54.833Z,1777976334817,v1
1,high_risk,premium_retention_offer,70,Send premium retention offer,2026-05-05T10:18:54.833Z,1777976334817,v1
0,low_risk,no_action,0,No action,2026-05-05T10:18:54.833Z,1777976334817,v1
0,low_risk,no_action,0,No action,2026-05-05T10:18:54.833Z,1777976334817,v1
0,low_risk,no_action,0,No action,2026-05-05T10:18:54.833Z,1777976334817,v1
0.05,low_risk,no_action,0,No action,2026-05-05T10:18:54.833Z,1777976334817,v1
0,low_risk,no_action,0,No action,2026-05-05T10:18:54.833Z,1777976334817,v1
0,low_risk,no_action,0,No action,2026-05-05T10:18:54.833Z,1777976334817,v1
0.98,high_risk,premium_retention_offer,67.6,Send premium retention offer,2026-05-05T10:18:54.833Z,1777976334817,v1
1,high_risk,premium_retention_offer,70,Send premium retention offer,2026-05-05T10:18:54.833Z,1777976334817,v1
0,low_risk,no_action,0,No action,2026-05-05T10:18:54.833Z,1777976334817,v1
1,high_risk,premium_retention_offer,70,Send premium retention offer,2026-05-05T10:18:54.833Z,1777976334817,v1
0,low_risk,no_action,0,No action,2026-05-05T10:18:54.833Z,1777976334817,v1
0,low_risk,no_action,0,No action,2026-05-05T10:18:54.833Z,1777976334817,v1
0.98,high_risk,premium_retention_offer,67.6,Send premium retention offer,2026-05-05T10:18:54.833Z,1777976334817,v1
0,low_risk,no_action,0,No action,2026-05-05T10:18:54.833Z,1777976334817,v1
0,low_risk,no_action,0,No action,2026-05-05T10:18:54.833Z,1777976334817,v1
0,low_risk,no_action,0,No action,2026-05-05T10:18:54.833Z,1777976334817,v1
0.97,high_risk,premium_retention_offer,66.4,Send premium retention offer,2026-05-05T10:18:54.833Z,1777976334817,v1
0,low_risk,no_action,0,No action,2026-05-05T10:18:54.833Z,1777976334817,v1
0,low_risk,no_action,0,No action,2026-05-05T10:18:54.833Z,1777976334817,v1
0,low_risk,no_action,0,No action,2026-05-05T10:18:54.833Z,1777976334817,v1
0.01,low_risk,no_action,0,No action,2026-05-05T10:18:54.833Z,1777976334817,v1
0,low_risk,no_action,0,No action,2026-05-05T10:18:54.833Z,1777976334817,v1
1,high_risk,premium_retention_offer,70,Send premium retention offer,2026-05-05T10:18:54.833Z,1777976334817,v1
0,low_risk,no_action,0,No action,2026-05-05T10:18:54.833Z,1777976334817,v1
0.02,low_risk,no_action,0,No action,2026-05-05T10:18:54.833Z,1777976334817,v1
0,low_risk,no_action,0,No action,2026-05-05T10:18:54.833Z,1777976334817,v1
1,high_risk,premium_retention_offer,70,Send premium retention offer,2026-05-05T10:18:54.833Z,1777976334817,v1
0,low_risk,no_action,0,No action,2026-05-05T10:18:54.833Z,1777976334817,v1
0,low_risk,no_action,0,No action,2026-05-05T10:18:54.833Z,1777976334817,v1
0.99,high_risk,premium_retention_offer,68.8,Send premium retention offer,2026-05-05T10:18:54.833Z,1777976334817,v1
0,low_risk,no_action,0,No action,2026-05-05T10:18:54.833Z,1777976334817,v1
0,low_risk,no_action,0,No action,2026-05-05T10:18:54.833Z,1777976334817,v1
0,low_risk,no_action,0,No action,2026-05-05T10:18:54.833Z,1777976334817,v1
0.01,low_risk,no_action,0,No action,2026-05-05T10:18:54.833Z,1777976334817,v1
0,low_risk,no_action,0,No action,2026-05-05T10:18:54.833Z,1777976334817,v1
1,high_risk,premium_retention_offer,70,Send premium retention offer,2026-05-05T10:18:54.833Z,1777976334817,v1
0,low_risk,no_action,0,No action,2026-05-05T10:18:54.833Z,1777976334817,v1
0.04,low_risk,no_action,0,No action,2026-05-05T10:18:54.833Z,1777976334817,v1
0,low_risk,no_action,0,No action,2026-05-05T10:18:54.833Z,1777976334817,v1
0,low_risk,no_action,0,No action,2026-05-05T10:18:54.833Z,1777976334817,v1
1,high_risk,premium_retention_offer,70,Send premium retention offer,2026-05-05T10:18:54.833Z,1777976334817,v1
0,low_risk,no_action,0,No action,2026-05-05T10:18:54.833Z,1777976334817,v1
0.98,high_risk,premium_retention_offer,67.6,Send premium retention offer,2026-05-05T10:18:54.833Z,1777976334817,v1
0,low_risk,no_action,0,No action,2026-05-05T10:18:54.833Z,1777976334817,v1
1,high_risk,premium_retention_offer,70,Send premium retention offer,2026-05-05T10:18:54.833Z,1777976334817,v1
0,low_risk,no_action,0,No action,2026-05-05T10:18:54.833Z,1777976334817,v1
1,high_risk,premium_retention_offer,70,Send premium retention offer,2026-05-05T10:18:54.833Z,1777976334817,v1
0,low_risk,no_action,0,No action,2026-05-05T10:18:54.833Z,1777976334817,v1
0.96,high_risk,premium_retention_offer,65.2,Send premium retention offer,2026-05-05T10:18:54.833Z,1777976334817,v1
0,low_risk,no_action,0,No action,2026-05-05T10:18:54.833Z,1777976334817,v1
0,low_risk,no_action,0,No action,2026-05-05T10:18:54.833Z,1777976334817,v1
1,high_risk,premium_retention_offer,70,Send premium retention offer,2026-05-05T10:18:54.833Z,1777976334817,v1
0,low_risk,no_action,0,No action,2026-05-05T10:18:54.833Z,1777976334817,v1
0,low_risk,no_action,0,No action,2026-05-05T10:18:54.833Z,1777976334817,v1
0,low_risk,no_action,0,No action,2026-05-05T10:18:54.833Z,1777976334817,v1
0,low_risk,no_action,0,No action,2026-05-05T10:18:54.833Z,1777976334817,v1
0,low_risk,no_action,0,No action,2026-05-05T10:18:54.833Z,1777976334817,v1
0,low_risk,no_action,0,No action,2026-05-05T10:18:54.833Z,1777976334817,v1
0,low_risk,no_action,0,No action,2026-05-05T10:18:54.833Z,1777976334817,v1
0.99,high_risk,premium_retention_offer,68.8,Send premium retention offer,2026-05-05T10:18:54.833Z,1777976334817,v1
1,high_risk,premium_retention_offer,70,Send premium retention offer,2026-05-05T10:18:54.833Z,1777976334817,v1
0,low_risk,no_action,0,No action,2026-05-05T10:18:54.833Z,1777976334817,v1
0,low_risk,no_action,0,No action,2026-05-05T10:18:54.833Z,1777976334817,v1
0,low_risk,no_action,0,No action,2026-05-05T10:18:54.833Z,1777976334817,v1
0,low_risk,no_action,0,No action,2026-05-05T10:18:54.833Z,1777976334817,v1
0.99,high_risk,premium_retention_offer,68.8,Send premium retention offer,2026-05-05T10:18:54.833Z,1777976334817,v1
0,low_risk,no_action,0,No action,2026-05-05T10:18:54.833Z,1777976334817,v1
0,low_risk,no_action,0,No action,2026-05-05T10:18:54.833Z,1777976334817,v1
0,low_risk,no_action,0,No action,2026-05-05T10:18:54.833Z,1777976334817,v1
0,low_risk,no_action,0,No action,2026-05-05T10:18:54.833Z,1777976334817,v1
1,high_risk,premium_retention_offer,70,Send premium retention offer,2026-05-05T10:18:54.833Z,1777976334817,v1
0.95,high_risk,premium_retention_offer,64,Send premium retention offer,2026-05-05T10:18:54.833Z,1777976334817,v1
0,low_risk,no_action,0,No action,2026-05-05T10:18:54.833Z,1777976334817,v1
0,low_risk,no_action,0,No action,2026-05-05T10:18:54.833Z,1777976334817,v1
0,low_risk,no_action,0,No action,2026-05-05T10:18:54.833Z,1777976334817,v1
1,high_risk,premium_retention_offer,70,Send premium retention offer,2026-05-05T10:18:54.833Z,1777976334817,v1
0,low_risk,no_action,0,No action,2026-05-05T10:18:54.833Z,1777976334817,v1
0,low_risk,no_action,0,No action,2026-05-05T10:18:54.833Z,1777976334817,v1
1,high_risk,premium_retention_offer,70,Send premium retention offer,2026-05-05T10:18:54.833Z,1777976334817,v1
0,low_risk,no_action,0,No action,2026-05-05T10:18:54.833Z,1777976334817,v1
0,low_risk,no_action,0,No action,2026-05-05T10:18:54.833Z,1777976334817,v1
0,low_risk,no_action,0,No action,2026-05-05T10:18:54.833Z,1777976334817,v1
0,low_risk,no_action,0,No action,2026-05-05T10:18:54.833Z,1777976334817,v1
1,high_risk,premium_retention_offer,70,Send premium retention offer,2026-05-05T10:18:54.833Z,1777976334817,v1
0.99,high_risk,premium_retention_offer,68.8,Send premium retention offer,2026-05-05T10:18:54.833Z,1777976334817,v1
0,low_risk,no_action,0,No action,2026-05-05T10:18:54.833Z,1777976334817,v1
0,low_risk,no_action,0,No action,2026-05-05T10:18:54.833Z,1777976334817,v1
0,low_risk,no_action,0,No action,2026-05-05T10:18:54.833Z,1777976334817,v1
0,low_risk,no_action,0,No action,2026-05-05T10:18:54.833Z,1777976334817,v1
0,low_risk,no_action,0,No action,2026-05-05T10:18:54.833Z,1777976334817,v1
0,low_risk,no_action,0,No action,2026-05-05T10:18:54.833Z,1777976334817,v1
0,low_risk,no_action,0,No action,2026-05-05T10:18:54.833Z,1777976334817,v1
0,low_risk,no_action,0,No action,2026-05-05T10:18:54.833Z,1777976334817,v1
0,low_risk,no_action,0,No action,2026-05-05T10:18:54.833Z,1777976334817,v1
1,high_risk,premium_retention_offer,70,Send premium retention offer,2026-05-05T10:18:54.833Z,1777976334817,v1
0.01,low_risk,no_action,0,No action,2026-05-05T10:18:54.833Z,1777976334817,v1
0,low_risk,no_action,0,No action,2026-05-05T10:18:54.833Z,1777976334817,v1
0,low_risk,no_action,0,No action,2026-05-05T10:18:54.833Z,1777976334817,v1
0,low_risk,no_action,0,No action,2026-05-05T10:18:54.833Z,1777976334817,v1
0,low_risk,no_action,0,No action,2026-05-05T10:18:54.833Z,1777976334817,v1
0,low_risk,no_action,0,No action,2026-05-05T10:18:54.833Z,1777976334817,v1
0,low_risk,no_action,0,No action,2026-05-05T10:18:54.833Z,1777976334817,v1
0,low_risk,no_action,0,No action,2026-05-05T10:18:54.833Z,1777976334817,v1
0,low_risk,no_action,0,No action,2026-05-05T10:18:54.833Z,1777976334817,v1
0,low_risk,no_action,0,No action,2026-05-05T10:18:54.833Z,1777976334817,v1
0,low_risk,no_action,0,No action,2026-05-05T10:18:54.833Z,1777976334817,v1
0,low_risk,no_action,0,No action,2026-05-05T10:18:54.833Z,1777976334817,v1
0,low_risk,no_action,0,No action,2026-05-05T10:18:54.833Z,1777976334817,v1
0,low_risk,no_action,0,No action,2026-05-05T10:18:54.833Z,1777976334817,v1
0,low_risk,no_action,0,No action,2026-05-05T10:18:54.833Z,1777976334817,v1
0,low_risk,no_action,0,No action,2026-05-05T10:18:54.833Z,1777976334817,v1
1,high_risk,premium_retention_offer,70,Send premium retention offer,2026-05-05T10:18:54.833Z,1777976334817,v1
1,high_risk,premium_retention_offer,70,Send premium retention offer,2026-05-05T10:18:54.833Z,1777976334817,v1
0,low_risk,no_action,0,No action,2026-05-05T10:18:54.833Z,1777976334817,v1
0,low_risk,no_action,0,No action,2026-05-05T10:18:54.833Z,1777976334817,v1
0,low_risk,no_action,0,No action,2026-05-05T10:18:54.833Z,1777976334817,v1
0,low_risk,no_action,0,No action,2026-05-05T10:18:54.833Z,1777976334817,v1
0,low_risk,no_action,0,No action,2026-05-05T10:18:54.833Z,1777976334817,v1
0,low_risk,no_action,0,No action,2026-05-05T10:18:54.833Z,1777976334817,v1
1,high_risk,premium_retention_offer,70,Send premium retention offer,2026-05-05T10:18:54.833Z,1777976334817,v1
0.98,high_risk,premium_retention_offer,67.6,Send premium retention offer,2026-05-05T10:18:54.833Z,1777976334817,v1
0,low_risk,no_action,0,No action,2026-05-05T10:18:54.833Z,1777976334817,v1
0,low_risk,no_action,0,No action,2026-05-05T10:18:54.833Z,1777976334817,v1
0,low_risk,no_action,0,No action,2026-05-05T10:18:54.833Z,1777976334817,v1
0.99,high_risk,premium_retention_offer,68.8,Send premium retention offer,2026-05-05T10:18:54.833Z,1777976334817,v1
0,low_risk,no_action,0,No action,2026-05-05T10:18:54.833Z,1777976334817,v1
0,low_risk,no_action,0,No action,2026-05-05T10:18:54.833Z,1777976334817,v1
0.01,low_risk,no_action,0,No action,2026-05-05T10:18:54.833Z,1777976334817,v1
0.01,low_risk,no_action,0,No action,2026-05-05T10:18:54.833Z,1777976334817,v1
0,low_risk,no_action,0,No action,2026-05-05T10:18:54.833Z,1777976334817,v1
0.01,low_risk,no_action,0,No action,2026-05-05T10:18:54.833Z,1777976334817,v1
0,low_risk,no_action,0,No action,2026-05-05T10:18:54.833Z,1777976334817,v1
0,low_risk,no_action,0,No action,2026-05-05T10:18:54.833Z,1777976334817,v1
1,high_risk,premium_retention_offer,70,Send premium retention offer,2026-05-05T10:18:54.833Z,1777976334817,v1
0,low_risk,no_action,0,No action,2026-05-05T10:18:54.833Z,1777976334817,v1
0.01,low_risk,no_action,0,No action,2026-05-05T10:18:54.833Z,1777976334817,v1
0.97,high_risk,premium_retention_offer,66.4,Send premium retention offer,2026-05-05T10:18:54.833Z,1777976334817,v1
1,high_risk,premium_retention_offer,70,Send premium retention offer,2026-05-05T10:18:54.833Z,1777976334817,v1
0,low_risk,no_action,0,No action,2026-05-05T10:18:54.833Z,1777976334817,v1
0,low_risk,no_action,0,No action,2026-05-05T10:18:54.833Z,1777976334817,v1
0,low_risk,no_action,0,No action,2026-05-05T10:18:54.833Z,1777976334817,v1
0,low_risk,no_action,0,No action,2026-05-05T10:18:54.833Z,1777976334817,v1
0,low_risk,no_action,0,No action,2026-05-05T10:18:54.833Z,1777976334817,v1
1,high_risk,premium_retention_offer,70,Send premium retention offer,2026-05-05T10:18:54.833Z,1777976334817,v1
0,low_risk,no_action,0,No action,2026-05-05T10:18:54.833Z,1777976334817,v1
1,high_risk,premium_retention_offer,70,Send premium retention offer,2026-05-05T10:18:54.833Z,1777976334817,v1
0,low_risk,no_action,0,No action,2026-05-05T10:18:54.833Z,1777976334817,v1
0,low_risk,no_action,0,No action,2026-05-05T10:18:54.833Z,1777976334817,v1
0.99,high_risk,premium_retention_offer,68.8,Send premium retention offer,2026-05-05T10:18:54.833Z,1777976334817,v1
0,low_risk,no_action,0,No action,2026-05-05T10:18:54.833Z,1777976334817,v1
0,low_risk,no_action,0,No action,2026-05-05T10:18:54.833Z,1777976334817,v1
0,low_risk,no_action,0,No action,2026-05-05T10:18:54.833Z,1777976334817,v1
1,high_risk,premium_retention_offer,70,Send premium retention offer,2026-05-05T10:18:54.833Z,1777976334817,v1
0,low_risk,no_action,0,No action,2026-05-05T10:18:54.833Z,1777976334817,v1
1,high_risk,premium_retention_offer,70,Send premium retention offer,2026-05-05T10:18:54.833Z,1777976334817,v1
0,low_risk,no_action,0,No action,2026-05-05T10:18:54.833Z,1777976334817,v1
0,low_risk,no_action,0,No action,2026-05-05T10:18:54.833Z,1777976334817,v1
0,low_risk,no_action,0,No action,2026-05-05T10:18:54.833Z,1777976334817,v1
0.01,low_risk,no_action,0,No action,2026-05-05T10:18:54.833Z,1777976334817,v1
0.02,low_risk,no_action,0,No action,2026-05-05T10:18:54.833Z,1777976334817,v1
0,low_risk,no_action,0,No action,2026-05-05T10:18:54.833Z,1777976334817,v1
0,low_risk,no_action,0,No action,2026-05-05T10:18:54.833Z,1777976334817,v1
0.99,high_risk,premium_retention_offer,68.8,Send premium retention offer,2026-05-05T10:18:54.833Z,1777976334817,v1
0,low_risk,no_action,0,No action,2026-05-05T10:18:54.833Z,1777976334817,v1
1,high_risk,premium_retention_offer,70,Send premium retention offer,2026-05-05T10:18:54.833Z,1777976334817,v1
0,low_risk,no_action,0,No action,2026-05-05T10:18:54.833Z,1777976334817,v1
0,low_risk,no_action,0,No action,2026-05-05T10:18:54.833Z,1777976334817,v1
0,low_risk,no_action,0,No action,2026-05-05T10:18:54.833Z,1777976334817,v1
0,low_risk,no_action,0,No action,2026-05-05T10:18:54.833Z,1777976334817,v1
0,low_risk,no_action,0,No action,2026-05-05T10:18:54.833Z,1777976334817,v1
0.01,low_risk,no_action,0,No action,2026-05-05T10:18:54.833Z,1777976334817,v1
0,low_risk,no_action,0,No action,2026-05-05T10:18:54.833Z,1777976334817,v1
0,low_risk,no_action,0,No action,2026-05-05T10:18:54.833Z,1777976334817,v1
0.07,low_risk,no_action,0,No action,2026-05-05T10:18:54.833Z,1777976334817,v1
0,low_risk,no_action,0,No action,2026-05-05T10:18:54.833Z,1777976334817,v1
0,low_risk,no_action,0,No action,2026-05-05T10:18:54.833Z,1777976334817,v1
0,low_risk,no_action,0,No action,2026-05-05T10:18:54.833Z,1777976334817,v1
0.02,low_risk,no_action,0,No action,2026-05-05T10:18:54.833Z,1777976334817,v1
0,low_risk,no_action,0,No action,2026-05-05T10:18:54.833Z,1777976334817,v1
0,low_risk,no_action,0,No action,2026-05-05T10:18:54.833Z,1777976334817,v1
1,high_risk,premium_retention_offer,70,Send premium retention offer,2026-05-05T10:18:54.833Z,1777976334817,v1
0,low_risk,no_action,0,No action,2026-05-05T10:18:54.833Z,1777976334817,v1
0,low_risk,no_action,0,No action,2026-05-05T10:18:54.833Z,1777976334817,v1
0,low_risk,no_action,0,No action,2026-05-05T10:18:54.833Z,1777976334817,v1
0,low_risk,no_action,0,No action,2026-05-05T10:18:54.833Z,1777976334817,v1
0,low_risk,no_action,0,No action,2026-05-05T10:18:54.833Z,1777976334817,v1
0.02,low_risk,no_action,0,No action,2026-05-05T10:18:54.833Z,1777976334817,v1
1,high_risk,premium_retention_offer,70,Send premium retention offer,2026-05-05T10:18:54.833Z,1777976334817,v1
1,high_risk,premium_retention_offer,70,Send premium retention offer,2026-05-05T10:18:54.833Z,1777976334817,v1
0.99,high_risk,premium_retention_offer,68.8,Send premium retention offer,2026-05-05T10:18:54.833Z,1777976334817,v1
0,low_risk,no_action,0,No action,2026-05-05T10:18:54.833Z,1777976334817,v1
0,low_risk,no_action,0,No action,2026-05-05T10:18:54.833Z,1777976334817,v1
0,low_risk,no_action,0,No action,2026-05-05T10:18:54.833Z,1777976334817,v1
1,high_risk,premium_retention_offer,70,Send premium retention offer,2026-05-05T10:18:54.833Z,1777976334817,v1
0,low_risk,no_action,0,No action,2026-05-05T10:18:54.833Z,1777976334817,v1
0.98,high_risk,premium_retention_offer,67.6,Send premium retention offer,2026-05-05T10:18:54.833Z,1777976334817,v1
0,low_risk,no_action,0,No action,2026-05-05T10:18:54.833Z,1777976334817,v1
0,low_risk,no_action,0,No action,2026-05-05T10:18:54.833Z,1777976334817,v1
0,low_risk,no_action,0,No action,2026-05-05T10:18:54.833Z,1777976334817,v1
0,low_risk,no_action,0,No action,2026-05-05T10:18:54.833Z,1777976334817,v1
0,low_risk,no_action,0,No action,2026-05-05T10:18:54.833Z,1777976334817,v1
0,low_risk,no_action,0,No action,2026-05-05T10:18:54.833Z,1777976334817,v1
0,low_risk,no_action,0,No action,2026-05-05T10:18:54.833Z,1777976334817,v1
0,low_risk,no_action,0,No action,2026-05-05T10:18:54.833Z,1777976334817,v1
0,low_risk,no_action,0,No action,2026-05-05T10:18:54.833Z,1777976334817,v1
0.99,high_risk,premium_retention_offer,68.8,Send premium retention offer,2026-05-05T10:18:54.833Z,1777976334817,v1
0,low_risk,no_action,0,No action,2026-05-05T10:18:54.833Z,1777976334817,v1
0,low_risk,no_action,0,No action,2026-05-05T10:18:54.833Z,1777976334817,v1
0,low_risk,no_action,0,No action,2026-05-05T10:18:54.833Z,1777976334817,v1
0,low_risk,no_action,0,No action,2026-05-05T10:18:54.833Z,1777976334817,v1
0,low_risk,no_action,0,No action,2026-05-05T10:18:54.833Z,1777976334817,v1
0.97,high_risk,premium_retention_offer,66.4,Send premium retention offer,2026-05-05T10:18:54.833Z,1777976334817,v1
0,low_risk,no_action,0,No action,2026-05-05T10:18:54.833Z,1777976334817,v1
0,low_risk,no_action,0,No action,2026-05-05T10:18:54.833Z,1777976334817,v1
0,low_risk,no_action,0,No action,2026-05-05T10:18:54.833Z,1777976334817,v1
0,low_risk,no_action,0,No action,2026-05-05T10:18:54.833Z,1777976334817,v1
0.01,low_risk,no_action,0,No action,2026-05-05T10:18:54.833Z,1777976334817,v1
0,low_risk,no_action,0,No action,2026-05-05T10:18:54.833Z,1777976334817,v1
0,low_risk,no_action,0,No action,2026-05-05T10:18:54.833Z,1777976334817,v1
0,low_risk,no_action,0,No action,2026-05-05T10:18:54.833Z,1777976334817,v1
1,high_risk,premium_retention_offer,70,Send premium retention offer,2026-05-05T10:18:54.833Z,1777976334817,v1
0,low_risk,no_action,0,No action,2026-05-05T10:18:54.833Z,1777976334817,v1
0,low_risk,no_action,0,No action,2026-05-05T10:18:54.833Z,1777976334817,v1
0,low_risk,no_action,0,No action,2026-05-05T10:18:54.833Z,1777976334817,v1
0,low_risk,no_action,0,No action,2026-05-05T10:18:54.833Z,1777976334817,v1
0,low_risk,no_action,0,No action,2026-05-05T10:18:54.833Z,1777976334817,v1
1,high_risk,premium_retention_offer,70,Send premium retention offer,2026-05-05T10:18:54.833Z,1777976334817,v1
0,low_risk,no_action,0,No action,2026-05-05T10:18:54.833Z,1777976334817,v1
0,low_risk,no_action,0,No action,2026-05-05T10:18:54.833Z,1777976334817,v1
0,low_risk,no_action,0,No action,2026-05-05T10:18:54.833Z,1777976334817,v1
0,low_risk,no_action,0,No action,2026-05-05T10:18:54.833Z,1777976334817,v1
0,low_risk,no_action,0,No action,2026-05-05T10:18:54.833Z,1777976334817,v1
0,low_risk,no_action,0,No action,2026-05-05T10:18:54.833Z,1777976334817,v1
0,low_risk,no_action,0,No action,2026-05-05T10:18:54.833Z,1777976334817,v1
0,low_risk,no_action,0,No action,2026-05-05T10:18:54.833Z,1777976334817,v1
0,low_risk,no_action,0,No action,2026-05-05T10:18:54.833Z,1777976334817,v1
0,low_risk,no_action,0,No action,2026-05-05T10:18:54.833Z,1777976334817,v1
0.99,high_risk,premium_retention_offer,68.8,Send premium retention offer,2026-05-05T10:18:54.833Z,1777976334817,v1
1,high_risk,premium_retention_offer,70,Send premium retention offer,2026-05-05T10:18:54.833Z,1777976334817,v1
0,low_risk,no_action,0,No action,2026-05-05T10:18:54.833Z,1777976334817,v1
0,low_risk,no_action,0,No action,2026-05-05T10:18:54.833Z,1777976334817,v1
0,low_risk,no_action,0,No action,2026-05-05T10:18:54.833Z,1777976334817,v1
0.01,low_risk,no_action,0,No action,2026-05-05T10:18:54.833Z,1777976334817,v1
0,low_risk,no_action,0,No action,2026-05-05T10:18:54.833Z,1777976334817,v1
0.01,low_risk,no_action,0,No action,2026-05-05T10:18:54.833Z,1777976334817,v1
0,low_risk,no_action,0,No action,2026-05-05T10:18:54.833Z,1777976334817,v1
0,low_risk,no_action,0,No action,2026-05-05T10:18:54.833Z,1777976334817,v1
0,low_risk,no_action,0,No action,2026-05-05T10:18:54.833Z,1777976334817,v1
1,high_risk,premium_retention_offer,70,Send premium retention offer,2026-05-05T10:18:54.833Z,1777976334817,v1
0,low_risk,no_action,0,No action,2026-05-05T10:18:54.833Z,1777976334817,v1
0,low_risk,no_action,0,No action,2026-05-05T10:18:54.833Z,1777976334817,v1
0,low_risk,no_action,0,No action,2026-05-05T10:18:54.833Z,1777976334817,v1
0,low_risk,no_action,0,No action,2026-05-05T10:18:54.833Z,1777976334817,v1
1,high_risk,premium_retention_offer,70,Send premium retention offer,2026-05-05T10:18:54.833Z,1777976334817,v1
0.99,high_risk,premium_retention_offer,68.8,Send premium retention offer,2026-05-05T10:18:54.833Z,1777976334817,v1
0.99,high_risk,premium_retention_offer,68.8,Send premium retention offer,2026-05-05T10:18:54.833Z,1777976334817,v1
0,low_risk,no_action,0,No action,2026-05-05T10:18:54.833Z,1777976334817,v1
0,low_risk,no_action,0,No action,2026-05-05T10:18:54.833Z,1777976334817,v1
0,low_risk,no_action,0,No action,2026-05-05T10:18:54.833Z,1777976334817,v1
0,low_risk,no_action,0,No action,2026-05-05T10:18:54.833Z,1777976334817,v1
0.99,high_risk,premium_retention_offer,68.8,Send premium retention offer,2026-05-05T10:18:54.833Z,1777976334817,v1
0,low_risk,no_action,0,No action,2026-05-05T10:18:54.833Z,1777976334817,v1
0,low_risk,no_action,0,No action,2026-05-05T10:18:54.833Z,1777976334817,v1
0,low_risk,no_action,0,No action,2026-05-05T10:18:54.833Z,1777976334817,v1
0,low_risk,no_action,0,No action,2026-05-05T10:18:54.833Z,1777976334817,v1
0,low_risk,no_action,0,No action,2026-05-05T10:18:54.833Z,1777976334817,v1
0,low_risk,no_action,0,No action,2026-05-05T10:18:54.833Z,1777976334817,v1
0,low_risk,no_action,0,No action,2026-05-05T10:18:54.833Z,1777976334817,v1
0,low_risk,no_action,0,No action,2026-05-05T10:18:54.833Z,1777976334817,v1
0,low_risk,no_action,0,No action,2026-05-05T10:18:54.833Z,1777976334817,v1
0,low_risk,no_action,0,No action,2026-05-05T10:18:54.833Z,1777976334817,v1
0,low_risk,no_action,0,No action,2026-05-05T10:18:54.833Z,1777976334817,v1
0,low_risk,no_action,0,No action,2026-05-05T10:18:54.833Z,1777976334817,v1
1,high_risk,premium_retention_offer,70,Send premium retention offer,2026-05-05T10:18:54.833Z,1777976334817,v1
0,low_risk,no_action,0,No action,2026-05-05T10:18:54.833Z,1777976334817,v1
0,low_risk,no_action,0,No action,2026-05-05T10:18:54.833Z,1777976334817,v1
1,high_risk,premium_retention_offer,70,Send premium retention offer,2026-05-05T10:18:54.833Z,1777976334817,v1
0,low_risk,no_action,0,No action,2026-05-05T10:18:54.833Z,1777976334817,v1
0,low_risk,no_action,0,No action,2026-05-05T10:18:54.833Z,1777976334817,v1
0,low_risk,no_action,0,No action,2026-05-05T10:18:54.833Z,1777976334817,v1
1,high_risk,premium_retention_offer,70,Send premium retention offer,2026-05-05T10:18:54.833Z,1777976334817,v1
0,low_risk,no_action,0,No action,2026-05-05T10:18:54.833Z,1777976334817,v1
0.01,low_risk,no_action,0,No action,2026-05-05T10:18:54.833Z,1777976334817,v1
0,low_risk,no_action,0,No action,2026-05-05T10:18:54.833Z,1777976334817,v1
0,low_risk,no_action,0,No action,2026-05-05T10:18:54.833Z,1777976334817,v1
0.99,high_risk,premium_retention_offer,68.8,Send premium retention offer,2026-05-05T10:18:54.833Z,1777976334817,v1
0,low_risk,no_action,0,No action,2026-05-05T10:18:54.833Z,1777976334817,v1
0.01,low_risk,no_action,0,No action,2026-05-05T10:18:54.833Z,1777976334817,v1
0.01,low_risk,no_action,0,No action,2026-05-05T10:18:54.833Z,1777976334817,v1
0,low_risk,no_action,0,No action,2026-05-05T10:18:54.833Z,1777976334817,v1
0,low_risk,no_action,0,No action,2026-05-05T10:18:54.833Z,1777976334817,v1
0,low_risk,no_action,0,No action,2026-05-05T10:18:54.833Z,1777976334817,v1
0,low_risk,no_action,0,No action,2026-05-05T10:18:54.833Z,1777976334817,v1
0,low_risk,no_action,0,No action,2026-05-05T10:18:54.833Z,1777976334817,v1
0,low_risk,no_action,0,No action,2026-05-05T10:18:54.833Z,1777976334817,v1
0.01,low_risk,no_action,0,No action,2026-05-05T10:18:54.833Z,1777976334817,v1
0,low_risk,no_action,0,No action,2026-05-05T10:18:54.833Z,1777976334817,v1
0,low_risk,no_action,0,No action,2026-05-05T10:18:54.833Z,1777976334817,v1
0.01,low_risk,no_action,0,No action,2026-05-05T10:18:54.833Z,1777976334817,v1
0,low_risk,no_action,0,No action,2026-05-05T10:18:54.833Z,1777976334817,v1
0,low_risk,no_action,0,No action,2026-05-05T10:18:54.833Z,1777976334817,v1
0,low_risk,no_action,0,No action,2026-05-05T10:18:54.833Z,1777976334817,v1
0,low_risk,no_action,0,No action,2026-05-05T10:18:54.833Z,1777976334817,v1
0,low_risk,no_action,0,No action,2026-05-05T10:18:54.833Z,1777976334817,v1
0,low_risk,no_action,0,No action,2026-05-05T10:18:54.833Z,1777976334817,v1
1,high_risk,premium_retention_offer,70,Send premium retention offer,2026-05-05T10:18:54.833Z,1777976334817,v1
0.03,low_risk,no_action,0,No action,2026-05-05T10:18:54.833Z,1777976334817,v1
0,low_risk,no_action,0,No action,2026-05-05T10:18:54.833Z,1777976334817,v1
0,low_risk,no_action,0,No action,2026-05-05T10:18:54.833Z,1777976334817,v1
1,high_risk,premium_retention_offer,70,Send premium retention offer,2026-05-05T10:18:54.833Z,1777976334817,v1
0,low_risk,no_action,0,No action,2026-05-05T10:18:54.833Z,1777976334817,v1
0,low_risk,no_action,0,No action,2026-05-05T10:18:54.833Z,1777976334817,v1
0,low_risk,no_action,0,No action,2026-05-05T10:18:54.833Z,1777976334817,v1
0,low_risk,no_action,0,No action,2026-05-05T10:18:54.833Z,1777976334817,v1
0.99,high_risk,premium_retention_offer,68.8,Send premium retention offer,2026-05-05T10:18:54.833Z,1777976334817,v1
0,low_risk,no_action,0,No action,2026-05-05T10:18:54.833Z,1777976334817,v1
0,low_risk,no_action,0,No action,2026-05-05T10:18:54.833Z,1777976334817,v1
0,low_risk,no_action,0,No action,2026-05-05T10:18:54.833Z,1777976334817,v1
1,high_risk,premium_retention_offer,70,Send premium retention offer,2026-05-05T10:18:54.833Z,1777976334817,v1
0,low_risk,no_action,0,No action,2026-05-05T10:18:54.833Z,1777976334817,v1
0,low_risk,no_action,0,No action,2026-05-05T10:18:54.833Z,1777976334817,v1
0.99,high_risk,premium_retention_offer,68.8,Send premium retention offer,2026-05-05T10:18:54.833Z,1777976334817,v1
0,low_risk,no_action,0,No action,2026-05-05T10:18:54.833Z,1777976334817,v1
0,low_risk,no_action,0,No action,2026-05-05T10:18:54.833Z,1777976334817,v1
0,low_risk,no_action,0,No action,2026-05-05T10:18:54.833Z,1777976334817,v1
0,low_risk,no_action,0,No action,2026-05-05T10:18:54.833Z,1777976334817,v1
0,low_risk,no_action,0,No action,2026-05-05T10:18:54.833Z,1777976334817,v1
0,low_risk,no_action,0,No action,2026-05-05T10:18:54.833Z,1777976334817,v1
0.01,low_risk,no_action,0,No action,2026-05-05T10:18:54.833Z,1777976334817,v1
0.99,high_risk,premium_retention_offer,68.8,Send premium retention offer,2026-05-05T10:18:54.833Z,1777976334817,v1
0.01,low_risk,no_action,0,No action,2026-05-05T10:18:54.833Z,1777976334817,v1
0,low_risk,no_action,0,No action,2026-05-05T10:18:54.833Z,1777976334817,v1
0,low_risk,no_action,0,No action,2026-05-05T10:18:54.833Z,1777976334817,v1
1,high_risk,premium_retention_offer,70,Send premium retention offer,2026-05-05T10:18:54.833Z,1777976334817,v1
0,low_risk,no_action,0,No action,2026-05-05T10:18:54.833Z,1777976334817,v1
0,low_risk,no_action,0,No action,2026-05-05T10:18:54.833Z,1777976334817,v1
0,low_risk,no_action,0,No action,2026-05-05T10:18:54.833Z,1777976334817,v1
0,low_risk,no_action,0,No action,2026-05-05T10:18:54.833Z,1777976334817,v1
0.98,high_risk,premium_retention_offer,67.6,Send premium retention offer,2026-05-05T10:18:54.833Z,1777976334817,v1
0,low_risk,no_action,0,No action,2026-05-05T10:18:54.833Z,1777976334817,v1
0.01,low_risk,no_action,0,No action,2026-05-05T10:18:54.833Z,1777976334817,v1
1,high_risk,premium_retention_offer,70,Send premium retention offer,2026-05-05T10:18:54.833Z,1777976334817,v1
0,low_risk,no_action,0,No action,2026-05-05T10:18:54.833Z,1777976334817,v1
0,low_risk,no_action,0,No action,2026-05-05T10:18:54.833Z,1777976334817,v1
0,low_risk,no_action,0,No action,2026-05-05T10:18:54.833Z,1777976334817,v1
0,low_risk,no_action,0,No action,2026-05-05T10:18:54.833Z,1777976334817,v1
0,low_risk,no_action,0,No action,2026-05-05T10:18:54.833Z,1777976334817,v1
0,low_risk,no_action,0,No action,2026-05-05T10:18:54.833Z,1777976334817,v1
0,low_risk,no_action,0,No action,2026-05-05T10:18:54.833Z,1777976334817,v1
0.01,low_risk,no_action,0,No action,2026-05-05T10:18:54.833Z,1777976334817,v1
0,low_risk,no_action,0,No action,2026-05-05T10:18:54.833Z,1777976334817,v1
0,low_risk,no_action,0,No action,2026-05-05T10:18:54.833Z,1777976334817,v1
1,high_risk,premium_retention_offer,70,Send premium retention offer,2026-05-05T10:18:54.833Z,1777976334817,v1
1,high_risk,premium_retention_offer,70,Send premium retention offer,2026-05-05T10:18:54.833Z,1777976334817,v1
0,low_risk,no_action,0,No action,2026-05-05T10:18:54.833Z,1777976334817,v1
0.98,high_risk,premium_retention_offer,67.6,Send premium retention offer,2026-05-05T10:18:54.833Z,1777976334817,v1
0,low_risk,no_action,0,No action,2026-05-05T10:18:54.833Z,1777976334817,v1
0,low_risk,no_action,0,No action,2026-05-05T10:18:54.833Z,1777976334817,v1
0,low_risk,no_action,0,No action,2026-05-05T10:18:54.833Z,1777976334817,v1
0,low_risk,no_action,0,No action,2026-05-05T10:18:54.833Z,1777976334817,v1
0.97,high_risk,premium_retention_offer,66.4,Send premium retention offer,2026-05-05T10:18:54.833Z,1777976334817,v1
0,low_risk,no_action,0,No action,2026-05-05T10:18:54.833Z,1777976334817,v1
0.97,high_risk,premium_retention_offer,66.4,Send premium retention offer,2026-05-05T10:18:54.833Z,1777976334817,v1
0,low_risk,no_action,0,No action,2026-05-05T10:18:54.833Z,1777976334817,v1
0.01,low_risk,no_action,0,No action,2026-05-05T10:18:54.833Z,1777976334817,v1
1,high_risk,premium_retention_offer,70,Send premium retention offer,2026-05-05T10:18:54.833Z,1777976334817,v1
0,low_risk,no_action,0,No action,2026-05-05T10:18:54.833Z,1777976334817,v1
0.99,high_risk,premium_retention_offer,68.8,Send premium retention offer,2026-05-05T10:18:54.833Z,1777976334817,v1
0,low_risk,no_action,0,No action,2026-05-05T10:18:54.833Z,1777976334817,v1
0,low_risk,no_action,0,No action,2026-05-05T10:18:54.833Z,1777976334817,v1
0,low_risk,no_action,0,No action,2026-05-05T10:18:54.833Z,1777976334817,v1
1,high_risk,premium_retention_offer,70,Send premium retention offer,2026-05-05T10:18:54.833Z,1777976334817,v1
0,low_risk,no_action,0,No action,2026-05-05T10:18:54.833Z,1777976334817,v1
1,high_risk,premium_retention_offer,70,Send premium retention offer,2026-05-05T10:18:54.833Z,1777976334817,v1
0,low_risk,no_action,0,No action,2026-05-05T10:18:54.833Z,1777976334817,v1
0,low_risk,no_action,0,No action,2026-05-05T10:18:54.833Z,1777976334817,v1
1,high_risk,premium_retention_offer,70,Send premium retention offer,2026-05-05T10:18:54.833Z,1777976334817,v1
0,low_risk,no_action,0,No action,2026-05-05T10:18:54.833Z,1777976334817,v1
0,low_risk,no_action,0,No action,2026-05-05T10:18:54.833Z,1777976334817,v1
0,low_risk,no_action,0,No action,2026-05-05T10:18:54.833Z,1777976334817,v1
0,low_risk,no_action,0,No action,2026-05-05T10:18:54.833Z,1777976334817,v1
0,low_risk,no_action,0,No action,2026-05-05T10:18:54.833Z,1777976334817,v1
0.99,high_risk,premium_retention_offer,68.8,Send premium retention offer,2026-05-05T10:18:54.833Z,1777976334817,v1
0.99,high_risk,premium_retention_offer,68.8,Send premium retention offer,2026-05-05T10:18:54.833Z,1777976334817,v1
0,low_risk,no_action,0,No action,2026-05-05T10:18:54.833Z,1777976334817,v1
0,low_risk,no_action,0,No action,2026-05-05T10:18:54.833Z,1777976334817,v1
1,high_risk,premium_retention_offer,70,Send premium retention offer,2026-05-05T10:18:54.833Z,1777976334817,v1
0.99,high_risk,premium_retention_offer,68.8,Send premium retention offer,2026-05-05T10:18:54.833Z,1777976334817,v1
0,low_risk,no_action,0,No action,2026-05-05T10:18:54.833Z,1777976334817,v1
0,low_risk,no_action,0,No action,2026-05-05T10:18:54.833Z,1777976334817,v1
0,low_risk,no_action,0,No action,2026-05-05T10:18:54.833Z,1777976334817,v1
0,low_risk,no_action,0,No action,2026-05-05T10:18:54.833Z,1777976334817,v1
0,low_risk,no_action,0,No action,2026-05-05T10:18:54.833Z,1777976334817,v1
0,low_risk,no_action,0,No action,2026-05-05T10:18:54.833Z,1777976334817,v1
0,low_risk,no_action,0,No action,2026-05-05T10:18:54.833Z,1777976334817,v1
0,low_risk,no_action,0,No action,2026-05-05T10:18:54.833Z,1777976334817,v1
0,low_risk,no_action,0,No action,2026-05-05T10:18:54.833Z,1777976334817,v1
0,low_risk,no_action,0,No action,2026-05-05T10:18:54.833Z,1777976334817,v1
0,low_risk,no_action,0,No action,2026-05-05T10:18:54.833Z,1777976334817,v1
1,high_risk,premium_retention_offer,70,Send premium retention offer,2026-05-05T10:18:54.833Z,1777976334817,v1
0,low_risk,no_action,0,No action,2026-05-05T10:18:54.833Z,1777976334817,v1
0,low_risk,no_action,0,No action,2026-05-05T10:18:54.833Z,1777976334817,v1
0,low_risk,no_action,0,No action,2026-05-05T10:18:54.833Z,1777976334817,v1
0,low_risk,no_action,0,No action,2026-05-05T10:18:54.833Z,1777976334817,v1
0,low_risk,no_action,0,No action,2026-05-05T10:18:54.833Z,1777976334817,v1
0,low_risk,no_action,0,No action,2026-05-05T10:18:54.833Z,1777976334817,v1
0.99,high_risk,premium_retention_offer,68.8,Send premium retention offer,2026-05-05T10:18:54.833Z,1777976334817,v1
0,low_risk,no_action,0,No action,2026-05-05T10:18:54.833Z,1777976334817,v1
0.96,high_risk,premium_retention_offer,65.2,Send premium retention offer,2026-05-05T10:18:54.833Z,1777976334817,v1
1,high_risk,premium_retention_offer,70,Send premium retention offer,2026-05-05T10:18:54.833Z,1777976334817,v1
0,low_risk,no_action,0,No action,2026-05-05T10:18:54.833Z,1777976334817,v1
0,low_risk,no_action,0,No action,2026-05-05T10:18:54.833Z,1777976334817,v1
1,high_risk,premium_retention_offer,70,Send premium retention offer,2026-05-05T10:18:54.833Z,1777976334817,v1
0,low_risk,no_action,0,No action,2026-05-05T10:18:54.833Z,1777976334817,v1
1,high_risk,premium_retention_offer,70,Send premium retention offer,2026-05-05T10:18:54.833Z,1777976334817,v1
0,low_risk,no_action,0,No action,2026-05-05T10:18:54.833Z,1777976334817,v1
1,high_risk,premium_retention_offer,70,Send premium retention offer,2026-05-05T10:18:54.833Z,1777976334817,v1
0,low_risk,no_action,0,No action,2026-05-05T10:18:54.833Z,1777976334817,v1
0,low_risk,no_action,0,No action,2026-05-05T10:18:54.833Z,1777976334817,v1
0,low_risk,no_action,0,No action,2026-05-05T10:18:54.833Z,1777976334817,v1
0,low_risk,no_action,0,No action,2026-05-05T10:18:54.833Z,1777976334817,v1
0,low_risk,no_action,0,No action,2026-05-05T10:18:54.833Z,1777976334817,v1
0,low_risk,no_action,0,No action,2026-05-05T10:18:54.833Z,1777976334817,v1
0,low_risk,no_action,0,No action,2026-05-05T10:18:54.833Z,1777976334817,v1
0,low_risk,no_action,0,No action,2026-05-05T10:18:54.833Z,1777976334817,v1
0,low_risk,no_action,0,No action,2026-05-05T10:18:54.833Z,1777976334817,v1
0,low_risk,no_action,0,No action,2026-05-05T10:18:54.833Z,1777976334817,v1
0.99,high_risk,premium_retention_offer,68.8,Send premium retention offer,2026-05-05T10:18:54.833Z,1777976334817,v1
1,high_risk,premium_retention_offer,70,Send premium retention offer,2026-05-05T10:18:54.833Z,1777976334817,v1
0,low_risk,no_action,0,No action,2026-05-05T10:18:54.833Z,1777976334817,v1
1,high_risk,premium_retention_offer,70,Send premium retention offer,2026-05-05T10:18:54.833Z,1777976334817,v1
0,low_risk,no_action,0,No action,2026-05-05T10:18:54.833Z,1777976334817,v1
0,low_risk,no_action,0,No action,2026-05-05T10:18:54.833Z,1777976334817,v1
1,high_risk,premium_retention_offer,70,Send premium retention offer,2026-05-05T10:18:54.834Z,1777976334817,v1
0,low_risk,no_action,0,No action,2026-05-05T10:18:54.834Z,1777976334817,v1
0.98,high_risk,premium_retention_offer,67.6,Send premium retention offer,2026-05-05T10:18:54.834Z,1777976334817,v1
0,low_risk,no_action,0,No action,2026-05-05T10:18:54.834Z,1777976334817,v1
1,high_risk,premium_retention_offer,70,Send premium retention offer,2026-05-05T10:18:54.834Z,1777976334817,v1
0.99,high_risk,premium_retention_offer,68.8,Send premium retention offer,2026-05-05T10:18:54.834Z,1777976334817,v1
0,low_risk,no_action,0,No action,2026-05-05T10:18:54.834Z,1777976334817,v1
0,low_risk,no_action,0,No action,2026-05-05T10:18:54.834Z,1777976334817,v1
0,low_risk,no_action,0,No action,2026-05-05T10:18:54.834Z,1777976334817,v1
0,low_risk,no_action,0,No action,2026-05-05T10:18:54.834Z,1777976334817,v1
0,low_risk,no_action,0,No action,2026-05-05T10:18:54.834Z,1777976334817,v1
0,low_risk,no_action,0,No action,2026-05-05T10:18:54.834Z,1777976334817,v1
0,low_risk,no_action,0,No action,2026-05-05T10:18:54.834Z,1777976334817,v1
0,low_risk,no_action,0,No action,2026-05-05T10:18:54.834Z,1777976334817,v1
0,low_risk,no_action,0,No action,2026-05-05T10:18:54.834Z,1777976334817,v1
1,high_risk,premium_retention_offer,70,Send premium retention offer,2026-05-05T10:18:54.834Z,1777976334817,v1
0,low_risk,no_action,0,No action,2026-05-05T10:18:54.834Z,1777976334817,v1
0,low_risk,no_action,0,No action,2026-05-05T10:18:54.834Z,1777976334817,v1
0,low_risk,no_action,0,No action,2026-05-05T10:18:54.834Z,1777976334817,v1
0,low_risk,no_action,0,No action,2026-05-05T10:18:54.834Z,1777976334817,v1
0,low_risk,no_action,0,No action,2026-05-05T10:18:54.834Z,1777976334817,v1
0,low_risk,no_action,0,No action,2026-05-05T10:18:54.834Z,1777976334817,v1
0,low_risk,no_action,0,No action,2026-05-05T10:18:54.834Z,1777976334817,v1
0,low_risk,no_action,0,No action,2026-05-05T10:18:54.834Z,1777976334817,v1
0,low_risk,no_action,0,No action,2026-05-05T10:18:54.834Z,1777976334817,v1
1,high_risk,premium_retention_offer,70,Send premium retention offer,2026-05-05T10:18:54.834Z,1777976334817,v1
0,low_risk,no_action,0,No action,2026-05-05T10:18:54.834Z,1777976334817,v1
0,low_risk,no_action,0,No action,2026-05-05T10:18:54.834Z,1777976334817,v1
0,low_risk,no_action,0,No action,2026-05-05T10:18:54.834Z,1777976334817,v1
0,low_risk,no_action,0,No action,2026-05-05T10:18:54.834Z,1777976334817,v1
0,low_risk,no_action,0,No action,2026-05-05T10:18:54.834Z,1777976334817,v1
1,high_risk,premium_retention_offer,70,Send premium retention offer,2026-05-05T10:18:54.834Z,1777976334817,v1
1,high_risk,premium_retention_offer,70,Send premium retention offer,2026-05-05T10:18:54.834Z,1777976334817,v1
0,low_risk,no_action,0,No action,2026-05-05T10:18:54.834Z,1777976334817,v1
0.01,low_risk,no_action,0,No action,2026-05-05T10:18:54.834Z,1777976334817,v1
0,low_risk,no_action,0,No action,2026-05-05T10:18:54.834Z,1777976334817,v1
0,low_risk,no_action,0,No action,2026-05-05T10:18:54.834Z,1777976334817,v1
0,low_risk,no_action,0,No action,2026-05-05T10:18:54.834Z,1777976334817,v1
0,low_risk,no_action,0,No action,2026-05-05T10:18:54.834Z,1777976334817,v1
0,low_risk,no_action,0,No action,2026-05-05T10:18:54.834Z,1777976334817,v1
0,low_risk,no_action,0,No action,2026-05-05T10:18:54.834Z,1777976334817,v1
1,high_risk,premium_retention_offer,70,Send premium retention offer,2026-05-05T10:18:54.834Z,1777976334817,v1
0,low_risk,no_action,0,No action,2026-05-05T10:18:54.834Z,1777976334817,v1
0,low_risk,no_action,0,No action,2026-05-05T10:18:54.834Z,1777976334817,v1
0,low_risk,no_action,0,No action,2026-05-05T10:18:54.834Z,1777976334817,v1
0,low_risk,no_action,0,No action,2026-05-05T10:18:54.834Z,1777976334817,v1
0,low_risk,no_action,0,No action,2026-05-05T10:18:54.834Z,1777976334817,v1
0,low_risk,no_action,0,No action,2026-05-05T10:18:54.834Z,1777976334817,v1
0.99,high_risk,premium_retention_offer,68.8,Send premium retention offer,2026-05-05T10:18:54.834Z,1777976334817,v1
1,high_risk,premium_retention_offer,70,Send premium retention offer,2026-05-05T10:18:54.834Z,1777976334817,v1
0,low_risk,no_action,0,No action,2026-05-05T10:18:54.834Z,1777976334817,v1
0.1,low_risk,no_action,0,No action,2026-05-05T10:18:54.834Z,1777976334817,v1
0,low_risk,no_action,0,No action,2026-05-05T10:18:54.834Z,1777976334817,v1
0,low_risk,no_action,0,No action,2026-05-05T10:18:54.834Z,1777976334817,v1
0,low_risk,no_action,0,No action,2026-05-05T10:18:54.834Z,1777976334817,v1
0,low_risk,no_action,0,No action,2026-05-05T10:18:54.834Z,1777976334817,v1
0.01,low_risk,no_action,0,No action,2026-05-05T10:18:54.834Z,1777976334817,v1
0,low_risk,no_action,0,No action,2026-05-05T10:18:54.834Z,1777976334817,v1
0,low_risk,no_action,0,No action,2026-05-05T10:18:54.834Z,1777976334817,v1
0,low_risk,no_action,0,No action,2026-05-05T10:18:54.834Z,1777976334817,v1
0,low_risk,no_action,0,No action,2026-05-05T10:18:54.834Z,1777976334817,v1
0,low_risk,no_action,0,No action,2026-05-05T10:18:54.834Z,1777976334817,v1
1,high_risk,premium_retention_offer,70,Send premium retention offer,2026-05-05T10:18:54.834Z,1777976334817,v1
0,low_risk,no_action,0,No action,2026-05-05T10:18:54.834Z,1777976334817,v1
0.98,high_risk,premium_retention_offer,67.6,Send premium retention offer,2026-05-05T10:18:54.834Z,1777976334817,v1
0,low_risk,no_action,0,No action,2026-05-05T10:18:54.834Z,1777976334817,v1
0.02,low_risk,no_action,0,No action,2026-05-05T10:18:54.834Z,1777976334817,v1
0,low_risk,no_action,0,No action,2026-05-05T10:18:54.834Z,1777976334817,v1
0,low_risk,no_action,0,No action,2026-05-05T10:18:54.834Z,1777976334817,v1
0,low_risk,no_action,0,No action,2026-05-05T10:18:54.834Z,1777976334817,v1
0,low_risk,no_action,0,No action,2026-05-05T10:18:54.834Z,1777976334817,v1
0,low_risk,no_action,0,No action,2026-05-05T10:18:54.834Z,1777976334817,v1
0,low_risk,no_action,0,No action,2026-05-05T10:18:54.834Z,1777976334817,v1
0,low_risk,no_action,0,No action,2026-05-05T10:18:54.834Z,1777976334817,v1
0,low_risk,no_action,0,No action,2026-05-05T10:18:54.834Z,1777976334817,v1
0,low_risk,no_action,0,No action,2026-05-05T10:18:54.834Z,1777976334817,v1
1,high_risk,premium_retention_offer,70,Send premium retention offer,2026-05-05T10:18:54.834Z,1777976334817,v1
0,low_risk,no_action,0,No action,2026-05-05T10:18:54.834Z,1777976334817,v1
1,high_risk,premium_retention_offer,70,Send premium retention offer,2026-05-05T10:18:54.834Z,1777976334817,v1
0.01,low_risk,no_action,0,No action,2026-05-05T10:18:54.834Z,1777976334817,v1
0,low_risk,no_action,0,No action,2026-05-05T10:18:54.834Z,1777976334817,v1
0,low_risk,no_action,0,No action,2026-05-05T10:18:54.834Z,1777976334817,v1
0,low_risk,no_action,0,No action,2026-05-05T10:18:54.834Z,1777976334817,v1
0,low_risk,no_action,0,No action,2026-05-05T10:18:54.834Z,1777976334817,v1
0,low_risk,no_action,0,No action,2026-05-05T10:18:54.834Z,1777976334817,v1
0,low_risk,no_action,0,No action,2026-05-05T10:18:54.834Z,1777976334817,v1
0,low_risk,no_action,0,No action,2026-05-05T10:18:54.834Z,1777976334817,v1
0,low_risk,no_action,0,No action,2026-05-05T10:18:54.834Z,1777976334817,v1
0,low_risk,no_action,0,No action,2026-05-05T10:18:54.834Z,1777976334817,v1
0,low_risk,no_action,0,No action,2026-05-05T10:18:54.834Z,1777976334817,v1
1,high_risk,premium_retention_offer,70,Send premium retention offer,2026-05-05T10:18:54.834Z,1777976334817,v1
0,low_risk,no_action,0,No action,2026-05-05T10:18:54.834Z,1777976334817,v1
0,low_risk,no_action,0,No action,2026-05-05T10:18:54.834Z,1777976334817,v1
1,high_risk,premium_retention_offer,70,Send premium retention offer,2026-05-05T10:18:54.834Z,1777976334817,v1
0,low_risk,no_action,0,No action,2026-05-05T10:18:54.834Z,1777976334817,v1
0,low_risk,no_action,0,No action,2026-05-05T10:18:54.834Z,1777976334817,v1
0,low_risk,no_action,0,No action,2026-05-05T10:18:54.834Z,1777976334817,v1
0,low_risk,no_action,0,No action,2026-05-05T10:18:54.834Z,1777976334817,v1
0.99,high_risk,premium_retention_offer,68.8,Send premium retention offer,2026-05-05T10:18:54.834Z,1777976334817,v1
1,high_risk,premium_retention_offer,70,Send premium retention offer,2026-05-05T10:18:54.834Z,1777976334817,v1
0,low_risk,no_action,0,No action,2026-05-05T10:18:54.834Z,1777976334817,v1
0,low_risk,no_action,0,No action,2026-05-05T10:18:54.834Z,1777976334817,v1
0,low_risk,no_action,0,No action,2026-05-05T10:18:54.834Z,1777976334817,v1
1,high_risk,premium_retention_offer,70,Send premium retention offer,2026-05-05T10:18:54.834Z,1777976334817,v1
0,low_risk,no_action,0,No action,2026-05-05T10:18:54.834Z,1777976334817,v1
0,low_risk,no_action,0,No action,2026-05-05T10:18:54.834Z,1777976334817,v1
0.01,low_risk,no_action,0,No action,2026-05-05T10:18:54.834Z,1777976334817,v1
0,low_risk,no_action,0,No action,2026-05-05T10:18:54.834Z,1777976334817,v1
0,low_risk,no_action,0,No action,2026-05-05T10:18:54.834Z,1777976334817,v1
1,high_risk,premium_retention_offer,70,Send premium retention offer,2026-05-05T10:18:54.834Z,1777976334817,v1
0,low_risk,no_action,0,No action,2026-05-05T10:18:54.834Z,1777976334817,v1
0,low_risk,no_action,0,No action,2026-05-05T10:18:54.834Z,1777976334817,v1
1,high_risk,premium_retention_offer,70,Send premium retention offer,2026-05-05T10:18:54.834Z,1777976334817,v1
0,low_risk,no_action,0,No action,2026-05-05T10:18:54.834Z,1777976334817,v1
0,low_risk,no_action,0,No action,2026-05-05T10:18:54.834Z,1777976334817,v1
0,low_risk,no_action,0,No action,2026-05-05T10:18:54.834Z,1777976334817,v1
0,low_risk,no_action,0,No action,2026-05-05T10:18:54.834Z,1777976334817,v1
0,low_risk,no_action,0,No action,2026-05-05T10:18:54.834Z,1777976334817,v1
1,high_risk,premium_retention_offer,70,Send premium retention offer,2026-05-05T10:18:54.834Z,1777976334817,v1
0,low_risk,no_action,0,No action,2026-05-05T10:18:54.834Z,1777976334817,v1
1,high_risk,premium_retention_offer,70,Send premium retention offer,2026-05-05T10:18:54.834Z,1777976334817,v1
0.01,low_risk,no_action,0,No action,2026-05-05T10:18:54.834Z,1777976334817,v1
0,low_risk,no_action,0,No action,2026-05-05T10:18:54.834Z,1777976334817,v1
0,low_risk,no_action,0,No action,2026-05-05T10:18:54.834Z,1777976334817,v1
0,low_risk,no_action,0,No action,2026-05-05T10:18:54.834Z,1777976334817,v1
0,low_risk,no_action,0,No action,2026-05-05T10:18:54.834Z,1777976334817,v1
0,low_risk,no_action,0,No action,2026-05-05T10:18:54.834Z,1777976334817,v1
0,low_risk,no_action,0,No action,2026-05-05T10:18:54.834Z,1777976334817,v1
0,low_risk,no_action,0,No action,2026-05-05T10:18:54.834Z,1777976334817,v1
0,low_risk,no_action,0,No action,2026-05-05T10:18:54.834Z,1777976334817,v1
0,low_risk,no_action,0,No action,2026-05-05T10:18:54.834Z,1777976334817,v1
0.99,high_risk,premium_retention_offer,68.8,Send premium retention offer,2026-05-05T10:18:54.834Z,1777976334817,v1
0,low_risk,no_action,0,No action,2026-05-05T10:18:54.834Z,1777976334817,v1
0,low_risk,no_action,0,No action,2026-05-05T10:18:54.834Z,1777976334817,v1
0,low_risk,no_action,0,No action,2026-05-05T10:18:54.834Z,1777976334817,v1
0,low_risk,no_action,0,No action,2026-05-05T10:18:54.834Z,1777976334817,v1
0,low_risk,no_action,0,No action,2026-05-05T10:18:54.834Z,1777976334817,v1
0.01,low_risk,no_action,0,No action,2026-05-05T10:18:54.834Z,1777976334817,v1
0,low_risk,no_action,0,No action,2026-05-05T10:18:54.834Z,1777976334817,v1
0,low_risk,no_action,0,No action,2026-05-05T10:18:54.834Z,1777976334817,v1
0,low_risk,no_action,0,No action,2026-05-05T10:18:54.834Z,1777976334817,v1
0,low_risk,no_action,0,No action,2026-05-05T10:18:54.834Z,1777976334817,v1
0,low_risk,no_action,0,No action,2026-05-05T10:18:54.834Z,1777976334817,v1
0.99,high_risk,premium_retention_offer,68.8,Send premium retention offer,2026-05-05T10:18:54.834Z,1777976334817,v1
0,low_risk,no_action,0,No action,2026-05-05T10:18:54.834Z,1777976334817,v1
0,low_risk,no_action,0,No action,2026-05-05T10:18:54.834Z,1777976334817,v1
0,low_risk,no_action,0,No action,2026-05-05T10:18:54.834Z,1777976334817,v1
0.98,high_risk,premium_retention_offer,67.6,Send premium retention offer,2026-05-05T10:18:54.834Z,1777976334817,v1
0,low_risk,no_action,0,No action,2026-05-05T10:18:54.834Z,1777976334817,v1
0,low_risk,no_action,0,No action,2026-05-05T10:18:54.834Z,1777976334817,v1
0,low_risk,no_action,0,No action,2026-05-05T10:18:54.834Z,1777976334817,v1
0.03,low_risk,no_action,0,No action,2026-05-05T10:18:54.834Z,1777976334817,v1
0,low_risk,no_action,0,No action,2026-05-05T10:18:54.834Z,1777976334817,v1
0,low_risk,no_action,0,No action,2026-05-05T10:18:54.834Z,1777976334817,v1
0,low_risk,no_action,0,No action,2026-05-05T10:18:54.834Z,1777976334817,v1
0,low_risk,no_action,0,No action,2026-05-05T10:18:54.834Z,1777976334817,v1
0,low_risk,no_action,0,No action,2026-05-05T10:18:54.834Z,1777976334817,v1
0,low_risk,no_action,0,No action,2026-05-05T10:18:54.834Z,1777976334817,v1
0,low_risk,no_action,0,No action,2026-05-05T10:18:54.834Z,1777976334817,v1
0,low_risk,no_action,0,No action,2026-05-05T10:18:54.834Z,1777976334817,v1
0.01,low_risk,no_action,0,No action,2026-05-05T10:18:54.834Z,1777976334817,v1
0,low_risk,no_action,0,No action,2026-05-05T10:18:54.834Z,1777976334817,v1
0,low_risk,no_action,0,No action,2026-05-05T10:18:54.834Z,1777976334817,v1
0,low_risk,no_action,0,No action,2026-05-05T10:18:54.834Z,1777976334817,v1
0.01,low_risk,no_action,0,No action,2026-05-05T10:18:54.834Z,1777976334817,v1
0,low_risk,no_action,0,No action,2026-05-05T10:18:54.834Z,1777976334817,v1
0,low_risk,no_action,0,No action,2026-05-05T10:18:54.834Z,1777976334817,v1
0,low_risk,no_action,0,No action,2026-05-05T10:18:54.834Z,1777976334817,v1
0.01,low_risk,no_action,0,No action,2026-05-05T10:18:54.834Z,1777976334817,v1
0,low_risk,no_action,0,No action,2026-05-05T10:18:54.834Z,1777976334817,v1
0,low_risk,no_action,0,No action,2026-05-05T10:18:54.834Z,1777976334817,v1
0.01,low_risk,no_action,0,No action,2026-05-05T10:18:54.834Z,1777976334817,v1
0,low_risk,no_action,0,No action,2026-05-05T10:18:54.834Z,1777976334817,v1
0,low_risk,no_action,0,No action,2026-05-05T10:18:54.834Z,1777976334817,v1
0.01,low_risk,no_action,0,No action,2026-05-05T10:18:54.834Z,1777976334817,v1
0,low_risk,no_action,0,No action,2026-05-05T10:18:54.834Z,1777976334817,v1
1,high_risk,premium_retention_offer,70,Send premium retention offer,2026-05-05T10:18:54.834Z,1777976334817,v1
1,high_risk,premium_retention_offer,70,Send premium retention offer,2026-05-05T10:18:54.834Z,1777976334817,v1
0,low_risk,no_action,0,No action,2026-05-05T10:18:54.834Z,1777976334817,v1
1,high_risk,premium_retention_offer,70,Send premium retention offer,2026-05-05T10:18:54.834Z,1777976334817,v1
0,low_risk,no_action,0,No action,2026-05-05T10:18:54.834Z,1777976334817,v1
0,low_risk,no_action,0,No action,2026-05-05T10:18:54.834Z,1777976334817,v1
0,low_risk,no_action,0,No action,2026-05-05T10:18:54.834Z,1777976334817,v1
1,high_risk,premium_retention_offer,70,Send premium retention offer,2026-05-05T10:18:54.834Z,1777976334817,v1
1,high_risk,premium_retention_offer,70,Send premium retention offer,2026-05-05T10:18:54.834Z,1777976334817,v1
0,low_risk,no_action,0,No action,2026-05-05T10:18:54.834Z,1777976334817,v1
0,low_risk,no_action,0,No action,2026-05-05T10:18:54.834Z,1777976334817,v1
0,low_risk,no_action,0,No action,2026-05-05T10:18:54.834Z,1777976334817,v1
0,low_risk,no_action,0,No action,2026-05-05T10:18:54.834Z,1777976334817,v1
1,high_risk,premium_retention_offer,70,Send premium retention offer,2026-05-05T10:18:54.834Z,1777976334817,v1
0.01,low_risk,no_action,0,No action,2026-05-05T10:18:54.834Z,1777976334817,v1
0,low_risk,no_action,0,No action,2026-05-05T10:18:54.834Z,1777976334817,v1
0,low_risk,no_action,0,No action,2026-05-05T10:18:54.834Z,1777976334817,v1
0,low_risk,no_action,0,No action,2026-05-05T10:18:54.834Z,1777976334817,v1
0,low_risk,no_action,0,No action,2026-05-05T10:18:54.834Z,1777976334817,v1
0,low_risk,no_action,0,No action,2026-05-05T10:18:54.834Z,1777976334817,v1
0,low_risk,no_action,0,No action,2026-05-05T10:18:54.834Z,1777976334817,v1
0.01,low_risk,no_action,0,No action,2026-05-05T10:18:54.834Z,1777976334817,v1
0,low_risk,no_action,0,No action,2026-05-05T10:18:54.834Z,1777976334817,v1
0,low_risk,no_action,0,No action,2026-05-05T10:18:54.834Z,1777976334817,v1
0,low_risk,no_action,0,No action,2026-05-05T10:18:54.834Z,1777976334817,v1
0,low_risk,no_action,0,No action,2026-05-05T10:18:54.834Z,1777976334817,v1
0.01,low_risk,no_action,0,No action,2026-05-05T10:18:54.834Z,1777976334817,v1
0,low_risk,no_action,0,No action,2026-05-05T10:18:54.834Z,1777976334817,v1
0,low_risk,no_action,0,No action,2026-05-05T10:18:54.834Z,1777976334817,v1
0,low_risk,no_action,0,No action,2026-05-05T10:18:54.834Z,1777976334817,v1
0,low_risk,no_action,0,No action,2026-05-05T10:18:54.834Z,1777976334817,v1
0,low_risk,no_action,0,No action,2026-05-05T10:18:54.834Z,1777976334817,v1
0,low_risk,no_action,0,No action,2026-05-05T10:18:54.834Z,1777976334817,v1
0,low_risk,no_action,0,No action,2026-05-05T10:18:54.834Z,1777976334817,v1
0,low_risk,no_action,0,No action,2026-05-05T10:18:54.834Z,1777976334817,v1
0,low_risk,no_action,0,No action,2026-05-05T10:18:54.834Z,1777976334817,v1
0.96,high_risk,premium_retention_offer,65.2,Send premium retention offer,2026-05-05T10:18:54.834Z,1777976334817,v1
0,low_risk,no_action,0,No action,2026-05-05T10:18:54.834Z,1777976334817,v1
1,high_risk,premium_retention_offer,70,Send premium retention offer,2026-05-05T10:18:54.834Z,1777976334817,v1
0,low_risk,no_action,0,No action,2026-05-05T10:18:54.834Z,1777976334817,v1
0,low_risk,no_action,0,No action,2026-05-05T10:18:54.834Z,1777976334817,v1
0,low_risk,no_action,0,No action,2026-05-05T10:18:54.834Z,1777976334817,v1
0,low_risk,no_action,0,No action,2026-05-05T10:18:54.834Z,1777976334817,v1
0,low_risk,no_action,0,No action,2026-05-05T10:18:54.834Z,1777976334817,v1
0,low_risk,no_action,0,No action,2026-05-05T10:18:54.834Z,1777976334817,v1
1,high_risk,premium_retention_offer,70,Send premium retention offer,2026-05-05T10:18:54.834Z,1777976334817,v1
1,high_risk,premium_retention_offer,70,Send premium retention offer,2026-05-05T10:18:54.834Z,1777976334817,v1
0,low_risk,no_action,0,No action,2026-05-05T10:18:54.834Z,1777976334817,v1
0,low_risk,no_action,0,No action,2026-05-05T10:18:54.834Z,1777976334817,v1
0.99,high_risk,premium_retention_offer,68.8,Send premium retention offer,2026-05-05T10:18:54.834Z,1777976334817,v1
1,high_risk,premium_retention_offer,70,Send premium retention offer,2026-05-05T10:18:54.834Z,1777976334817,v1
0.99,high_risk,premium_retention_offer,68.8,Send premium retention offer,2026-05-05T10:18:54.834Z,1777976334817,v1
0,low_risk,no_action,0,No action,2026-05-05T10:18:54.834Z,1777976334817,v1
0,low_risk,no_action,0,No action,2026-05-05T10:18:54.834Z,1777976334817,v1
0.99,high_risk,premium_retention_offer,68.8,Send premium retention offer,2026-05-05T10:18:54.834Z,1777976334817,v1
1,high_risk,premium_retention_offer,70,Send premium retention offer,2026-05-05T10:18:54.834Z,1777976334817,v1
0,low_risk,no_action,0,No action,2026-05-05T10:18:54.834Z,1777976334817,v1
0,low_risk,no_action,0,No action,2026-05-05T10:18:54.834Z,1777976334817,v1
0,low_risk,no_action,0,No action,2026-05-05T10:18:54.834Z,1777976334817,v1
0,low_risk,no_action,0,No action,2026-05-05T10:18:54.834Z,1777976334817,v1
1,high_risk,premium_retention_offer,70,Send premium retention offer,2026-05-05T10:18:54.834Z,1777976334817,v1
0.91,high_risk,premium_retention_offer,59.2,Send premium retention offer,2026-05-05T10:18:54.834Z,1777976334817,v1
0,low_risk,no_action,0,No action,2026-05-05T10:18:54.834Z,1777976334817,v1
0,low_risk,no_action,0,No action,2026-05-05T10:18:54.834Z,1777976334817,v1
0,low_risk,no_action,0,No action,2026-05-05T10:18:54.834Z,1777976334817,v1
1,high_risk,premium_retention_offer,70,Send premium retention offer,2026-05-05T10:18:54.834Z,1777976334817,v1
1,high_risk,premium_retention_offer,70,Send premium retention offer,2026-05-05T10:18:54.834Z,1777976334817,v1
0,low_risk,no_action,0,No action,2026-05-05T10:18:54.834Z,1777976334817,v1
0,low_risk,no_action,0,No action,2026-05-05T10:18:54.834Z,1777976334817,v1
0,low_risk,no_action,0,No action,2026-05-05T10:18:54.834Z,1777976334817,v1
0.97,high_risk,premium_retention_offer,66.4,Send premium retention offer,2026-05-05T10:18:54.834Z,1777976334817,v1
1,high_risk,premium_retention_offer,70,Send premium retention offer,2026-05-05T10:18:54.834Z,1777976334817,v1
0,low_risk,no_action,0,No action,2026-05-05T10:18:54.834Z,1777976334817,v1
1,high_risk,premium_retention_offer,70,Send premium retention offer,2026-05-05T10:18:54.834Z,1777976334817,v1
0,low_risk,no_action,0,No action,2026-05-05T10:18:54.834Z,1777976334817,v1
0,low_risk,no_action,0,No action,2026-05-05T10:18:54.834Z,1777976334817,v1
1,high_risk,premium_retention_offer,70,Send premium retention offer,2026-05-05T10:18:54.834Z,1777976334817,v1
0,low_risk,no_action,0,No action,2026-05-05T10:18:54.834Z,1777976334817,v1
0.96,high_risk,premium_retention_offer,65.2,Send premium retention offer,2026-05-05T10:18:54.834Z,1777976334817,v1
0,low_risk,no_action,0,No action,2026-05-05T10:18:54.834Z,1777976334817,v1
0.99,high_risk,premium_retention_offer,68.8,Send premium retention offer,2026-05-05T10:18:54.834Z,1777976334817,v1
0.99,high_risk,premium_retention_offer,68.8,Send premium retention offer,2026-05-05T10:18:54.834Z,1777976334817,v1
0,low_risk,no_action,0,No action,2026-05-05T10:18:54.834Z,1777976334817,v1
0,low_risk,no_action,0,No action,2026-05-05T10:18:54.834Z,1777976334817,v1
0,low_risk,no_action,0,No action,2026-05-05T10:18:54.834Z,1777976334817,v1
0,low_risk,no_action,0,No action,2026-05-05T10:18:54.834Z,1777976334817,v1
0,low_risk,no_action,0,No action,2026-05-05T10:18:54.834Z,1777976334817,v1
0,low_risk,no_action,0,No action,2026-05-05T10:18:54.834Z,1777976334817,v1
0,low_risk,no_action,0,No action,2026-05-05T10:18:54.834Z,1777976334817,v1
0,low_risk,no_action,0,No action,2026-05-05T10:18:54.834Z,1777976334817,v1
1,high_risk,premium_retention_offer,70,Send premium retention offer,2026-05-05T10:18:54.834Z,1777976334817,v1
0,low_risk,no_action,0,No action,2026-05-05T10:18:54.834Z,1777976334817,v1
0.99,high_risk,premium_retention_offer,68.8,Send premium retention offer,2026-05-05T10:18:54.834Z,1777976334817,v1
0,low_risk,no_action,0,No action,2026-05-05T10:18:54.834Z,1777976334817,v1
1,high_risk,premium_retention_offer,70,Send premium retention offer,2026-05-05T10:18:54.834Z,1777976334817,v1
1,high_risk,premium_retention_offer,70,Send premium retention offer,2026-05-05T10:18:54.834Z,1777976334817,v1
0,low_risk,no_action,0,No action,2026-05-05T10:18:54.834Z,1777976334817,v1
0,low_risk,no_action,0,No action,2026-05-05T10:18:54.834Z,1777976334817,v1
1,high_risk,premium_retention_offer,70,Send premium retention offer,2026-05-05T10:18:54.834Z,1777976334817,v1
0.99,high_risk,premium_retention_offer,68.8,Send premium retention offer,2026-05-05T10:18:54.834Z,1777976334817,v1
0.99,high_risk,premium_retention_offer,68.8,Send premium retention offer,2026-05-05T10:18:54.834Z,1777976334817,v1
0.01,low_risk,no_action,0,No action,2026-05-05T10:18:54.834Z,1777976334817,v1
0,low_risk,no_action,0,No action,2026-05-05T10:18:54.834Z,1777976334817,v1
0.99,high_risk,premium_retention_offer,68.8,Send premium retention offer,2026-05-05T10:18:54.834Z,1777976334817,v1
0.98,high_risk,premium_retention_offer,67.6,Send premium retention offer,2026-05-05T10:18:54.834Z,1777976334817,v1
0,low_risk,no_action,0,No action,2026-05-05T10:18:54.834Z,1777976334817,v1
0,low_risk,no_action,0,No action,2026-05-05T10:18:54.834Z,1777976334817,v1
0,low_risk,no_action,0,No action,2026-05-05T10:18:54.834Z,1777976334817,v1
0,low_risk,no_action,0,No action,2026-05-05T10:18:54.834Z,1777976334817,v1
0,low_risk,no_action,0,No action,2026-05-05T10:18:54.834Z,1777976334817,v1
0,low_risk,no_action,0,No action,2026-05-05T10:18:54.834Z,1777976334817,v1
0,low_risk,no_action,0,No action,2026-05-05T10:18:54.834Z,1777976334817,v1
0,low_risk,no_action,0,No action,2026-05-05T10:18:54.834Z,1777976334817,v1
0,low_risk,no_action,0,No action,2026-05-05T10:18:54.834Z,1777976334817,v1
0.99,high_risk,premium_retention_offer,68.8,Send premium retention offer,2026-05-05T10:18:54.834Z,1777976334817,v1
0,low_risk,no_action,0,No action,2026-05-05T10:18:54.834Z,1777976334817,v1
0,low_risk,no_action,0,No action,2026-05-05T10:18:54.834Z,1777976334817,v1
0,low_risk,no_action,0,No action,2026-05-05T10:18:54.834Z,1777976334817,v1
0,low_risk,no_action,0,No action,2026-05-05T10:18:54.834Z,1777976334817,v1
0,low_risk,no_action,0,No action,2026-05-05T10:18:54.834Z,1777976334817,v1
0,low_risk,no_action,0,No action,2026-05-05T10:18:54.834Z,1777976334817,v1
0,low_risk,no_action,0,No action,2026-05-05T10:18:54.834Z,1777976334817,v1
0,low_risk,no_action,0,No action,2026-05-05T10:18:54.834Z,1777976334817,v1
0,low_risk,no_action,0,No action,2026-05-05T10:18:54.834Z,1777976334817,v1
1,high_risk,premium_retention_offer,70,Send premium retention offer,2026-05-05T10:18:54.834Z,1777976334817,v1
1,high_risk,premium_retention_offer,70,Send premium retention offer,2026-05-05T10:18:54.834Z,1777976334817,v1
0.98,high_risk,premium_retention_offer,67.6,Send premium retention offer,2026-05-05T10:18:54.834Z,1777976334817,v1
0,low_risk,no_action,0,No action,2026-05-05T10:18:54.834Z,1777976334817,v1
0,low_risk,no_action,0,No action,2026-05-05T10:18:54.834Z,1777976334817,v1
0.97,high_risk,premium_retention_offer,66.4,Send premium retention offer,2026-05-05T10:18:54.834Z,1777976334817,v1
0,low_risk,no_action,0,No action,2026-05-05T10:18:54.834Z,1777976334817,v1
0,low_risk,no_action,0,No action,2026-05-05T10:18:54.834Z,1777976334817,v1
0,low_risk,no_action,0,No action,2026-05-05T10:18:54.834Z,1777976334817,v1
0,low_risk,no_action,0,No action,2026-05-05T10:18:54.834Z,1777976334817,v1
1,high_risk,premium_retention_offer,70,Send premium retention offer,2026-05-05T10:18:54.834Z,1777976334817,v1
0,low_risk,no_action,0,No action,2026-05-05T10:18:54.834Z,1777976334817,v1
1,high_risk,premium_retention_offer,70,Send premium retention offer,2026-05-05T10:18:54.834Z,1777976334817,v1
1,high_risk,premium_retention_offer,70,Send premium retention offer,2026-05-05T10:18:54.834Z,1777976334817,v1
0,low_risk,no_action,0,No action,2026-05-05T10:18:54.834Z,1777976334817,v1
0,low_risk,no_action,0,No action,2026-05-05T10:18:54.834Z,1777976334817,v1
1,high_risk,premium_retention_offer,70,Send premium retention offer,2026-05-05T10:18:54.834Z,1777976334817,v1
0,low_risk,no_action,0,No action,2026-05-05T10:18:54.834Z,1777976334817,v1
0,low_risk,no_action,0,No action,2026-05-05T10:18:54.834Z,1777976334817,v1
0,low_risk,no_action,0,No action,2026-05-05T10:18:54.834Z,1777976334817,v1
0,low_risk,no_action,0,No action,2026-05-05T10:18:54.834Z,1777976334817,v1
0,low_risk,no_action,0,No action,2026-05-05T10:18:54.834Z,1777976334817,v1
0,low_risk,no_action,0,No action,2026-05-05T10:18:54.834Z,1777976334817,v1
0,low_risk,no_action,0,No action,2026-05-05T10:18:54.834Z,1777976334817,v1
0,low_risk,no_action,0,No action,2026-05-05T10:18:54.834Z,1777976334817,v1
0,low_risk,no_action,0,No action,2026-05-05T10:18:54.834Z,1777976334817,v1
1,high_risk,premium_retention_offer,70,Send premium retention offer,2026-05-05T10:18:54.834Z,1777976334817,v1
0,low_risk,no_action,0,No action,2026-05-05T10:18:54.834Z,1777976334817,v1
0.01,low_risk,no_action,0,No action,2026-05-05T10:18:54.834Z,1777976334817,v1
0,low_risk,no_action,0,No action,2026-05-05T10:18:54.834Z,1777976334817,v1
1,high_risk,premium_retention_offer,70,Send premium retention offer,2026-05-05T10:18:54.834Z,1777976334817,v1
1,high_risk,premium_retention_offer,70,Send premium retention offer,2026-05-05T10:18:54.834Z,1777976334817,v1
0,low_risk,no_action,0,No action,2026-05-05T10:18:54.834Z,1777976334817,v1
0,low_risk,no_action,0,No action,2026-05-05T10:18:54.834Z,1777976334817,v1
0,low_risk,no_action,0,No action,2026-05-05T10:18:54.834Z,1777976334817,v1
0,low_risk,no_action,0,No action,2026-05-05T10:18:54.834Z,1777976334817,v1
0,low_risk,no_action,0,No action,2026-05-05T10:18:54.834Z,1777976334817,v1
0,low_risk,no_action,0,No action,2026-05-05T10:18:54.834Z,1777976334817,v1
1,high_risk,premium_retention_offer,70,Send premium retention offer,2026-05-05T10:18:54.834Z,1777976334817,v1
0,low_risk,no_action,0,No action,2026-05-05T10:18:54.834Z,1777976334817,v1
0,low_risk,no_action,0,No action,2026-05-05T10:18:54.834Z,1777976334817,v1
1,high_risk,premium_retention_offer,70,Send premium retention offer,2026-05-05T10:18:54.834Z,1777976334817,v1
0,low_risk,no_action,0,No action,2026-05-05T10:18:54.834Z,1777976334817,v1
0.98,high_risk,premium_retention_offer,67.6,Send premium retention offer,2026-05-05T10:18:54.834Z,1777976334817,v1
0,low_risk,no_action,0,No action,2026-05-05T10:18:54.834Z,1777976334817,v1
0,low_risk,no_action,0,No action,2026-05-05T10:18:54.834Z,1777976334817,v1
0,low_risk,no_action,0,No action,2026-05-05T10:18:54.834Z,1777976334817,v1
0,low_risk,no_action,0,No action,2026-05-05T10:18:54.834Z,1777976334817,v1
0,low_risk,no_action,0,No action,2026-05-05T10:18:54.834Z,1777976334817,v1
1,high_risk,premium_retention_offer,70,Send premium retention offer,2026-05-05T10:18:54.834Z,1777976334817,v1
0,low_risk,no_action,0,No action,2026-05-05T10:18:54.834Z,1777976334817,v1
0,low_risk,no_action,0,No action,2026-05-05T10:18:54.834Z,1777976334817,v1
0,low_risk,no_action,0,No action,2026-05-05T10:18:54.834Z,1777976334817,v1
1,high_risk,premium_retention_offer,70,Send premium retention offer,2026-05-05T10:18:54.834Z,1777976334817,v1
0,low_risk,no_action,0,No action,2026-05-05T10:18:54.834Z,1777976334817,v1
1,high_risk,premium_retention_offer,70,Send premium retention offer,2026-05-05T10:18:54.834Z,1777976334817,v1
0,low_risk,no_action,0,No action,2026-05-05T10:18:54.834Z,1777976334817,v1
0,low_risk,no_action,0,No action,2026-05-05T10:18:54.834Z,1777976334817,v1
0,low_risk,no_action,0,No action,2026-05-05T10:18:54.834Z,1777976334817,v1
0.01,low_risk,no_action,0,No action,2026-05-05T10:18:54.834Z,1777976334817,v1
0,low_risk,no_action,0,No action,2026-05-05T10:18:54.834Z,1777976334817,v1
0,low_risk,no_action,0,No action,2026-05-05T10:18:54.834Z,1777976334817,v1
1,high_risk,premium_retention_offer,70,Send premium retention offer,2026-05-05T10:18:54.834Z,1777976334817,v1
0,low_risk,no_action,0,No action,2026-05-05T10:18:54.834Z,1777976334817,v1
0.95,high_risk,premium_retention_offer,64,Send premium retention offer,2026-05-05T10:18:54.834Z,1777976334817,v1
0,low_risk,no_action,0,No action,2026-05-05T10:18:54.834Z,1777976334817,v1
1,high_risk,premium_retention_offer,70,Send premium retention offer,2026-05-05T10:18:54.834Z,1777976334817,v1
0,low_risk,no_action,0,No action,2026-05-05T10:18:54.834Z,1777976334817,v1
1,high_risk,premium_retention_offer,70,Send premium retention offer,2026-05-05T10:18:54.834Z,1777976334817,v1
0,low_risk,no_action,0,No action,2026-05-05T10:18:54.834Z,1777976334817,v1
0,low_risk,no_action,0,No action,2026-05-05T10:18:54.834Z,1777976334817,v1
1,high_risk,premium_retention_offer,70,Send premium retention offer,2026-05-05T10:18:54.834Z,1777976334817,v1
0,low_risk,no_action,0,No action,2026-05-05T10:18:54.834Z,1777976334817,v1
0.99,high_risk,premium_retention_offer,68.8,Send premium retention offer,2026-05-05T10:18:54.834Z,1777976334817,v1
0,low_risk,no_action,0,No action,2026-05-05T10:18:54.834Z,1777976334817,v1
0,low_risk,no_action,0,No action,2026-05-05T10:18:54.834Z,1777976334817,v1
0,low_risk,no_action,0,No action,2026-05-05T10:18:54.834Z,1777976334817,v1
0,low_risk,no_action,0,No action,2026-05-05T10:18:54.834Z,1777976334817,v1
0.02,low_risk,no_action,0,No action,2026-05-05T10:18:54.834Z,1777976334817,v1
0,low_risk,no_action,0,No action,2026-05-05T10:18:54.834Z,1777976334817,v1
0.01,low_risk,no_action,0,No action,2026-05-05T10:18:54.834Z,1777976334817,v1
0,low_risk,no_action,0,No action,2026-05-05T10:18:54.834Z,1777976334817,v1
1,high_risk,premium_retention_offer,70,Send premium retention offer,2026-05-05T10:18:54.834Z,1777976334817,v1
0,low_risk,no_action,0,No action,2026-05-05T10:18:54.834Z,1777976334817,v1
0,low_risk,no_action,0,No action,2026-05-05T10:18:54.834Z,1777976334817,v1
0,low_risk,no_action,0,No action,2026-05-05T10:18:54.834Z,1777976334817,v1
0,low_risk,no_action,0,No action,2026-05-05T10:18:54.834Z,1777976334817,v1
0,low_risk,no_action,0,No action,2026-05-05T10:18:54.834Z,1777976334817,v1
0.99,high_risk,premium_retention_offer,68.8,Send premium retention offer,2026-05-05T10:18:54.834Z,1777976334817,v1
0,low_risk,no_action,0,No action,2026-05-05T10:18:54.834Z,1777976334817,v1
0,low_risk,no_action,0,No action,2026-05-05T10:18:54.834Z,1777976334817,v1
0,low_risk,no_action,0,No action,2026-05-05T10:18:54.834Z,1777976334817,v1
0,low_risk,no_action,0,No action,2026-05-05T10:18:54.834Z,1777976334817,v1
0,low_risk,no_action,0,No action,2026-05-05T10:18:54.834Z,1777976334817,v1
0,low_risk,no_action,0,No action,2026-05-05T10:18:54.834Z,1777976334817,v1
0,low_risk,no_action,0,No action,2026-05-05T10:18:54.834Z,1777976334817,v1
1,high_risk,premium_retention_offer,70,Send premium retention offer,2026-05-05T10:18:54.834Z,1777976334817,v1
0,low_risk,no_action,0,No action,2026-05-05T10:18:54.834Z,1777976334817,v1
0,low_risk,no_action,0,No action,2026-05-05T10:18:54.834Z,1777976334817,v1
0,low_risk,no_action,0,No action,2026-05-05T10:18:54.834Z,1777976334817,v1
0,low_risk,no_action,0,No action,2026-05-05T10:18:54.834Z,1777976334817,v1
1,high_risk,premium_retention_offer,70,Send premium retention offer,2026-05-05T10:18:54.834Z,1777976334817,v1
0,low_risk,no_action,0,No action,2026-05-05T10:18:54.834Z,1777976334817,v1
0,low_risk,no_action,0,No action,2026-05-05T10:18:54.834Z,1777976334817,v1
0,low_risk,no_action,0,No action,2026-05-05T10:18:54.834Z,1777976334817,v1
0,low_risk,no_action,0,No action,2026-05-05T10:18:54.834Z,1777976334817,v1
0,low_risk,no_action,0,No action,2026-05-05T10:18:54.834Z,1777976334817,v1
0,low_risk,no_action,0,No action,2026-05-05T10:18:54.834Z,1777976334817,v1
0,low_risk,no_action,0,No action,2026-05-05T10:18:54.834Z,1777976334817,v1
0.99,high_risk,premium_retention_offer,68.8,Send premium retention offer,2026-05-05T10:18:54.834Z,1777976334817,v1
1,high_risk,premium_retention_offer,70,Send premium retention offer,2026-05-05T10:18:54.834Z,1777976334817,v1
0,low_risk,no_action,0,No action,2026-05-05T10:18:54.834Z,1777976334817,v1
0,low_risk,no_action,0,No action,2026-05-05T10:18:54.834Z,1777976334817,v1
0.99,high_risk,premium_retention_offer,68.8,Send premium retention offer,2026-05-05T10:18:54.834Z,1777976334817,v1
0,low_risk,no_action,0,No action,2026-05-05T10:18:54.834Z,1777976334817,v1
0,low_risk,no_action,0,No action,2026-05-05T10:18:54.834Z,1777976334817,v1
0,low_risk,no_action,0,No action,2026-05-05T10:18:54.834Z,1777976334817,v1
0,low_risk,no_action,0,No action,2026-05-05T10:18:54.834Z,1777976334817,v1
0,low_risk,no_action,0,No action,2026-05-05T10:18:54.834Z,1777976334817,v1
0,low_risk,no_action,0,No action,2026-05-05T10:18:54.834Z,1777976334817,v1
0,low_risk,no_action,0,No action,2026-05-05T10:18:54.834Z,1777976334817,v1
1,high_risk,premium_retention_offer,70,Send premium retention offer,2026-05-05T10:18:54.834Z,1777976334817,v1
0,low_risk,no_action,0,No action,2026-05-05T10:18:54.834Z,1777976334817,v1
0,low_risk,no_action,0,No action,2026-05-05T10:18:54.834Z,1777976334817,v1
0,low_risk,no_action,0,No action,2026-05-05T10:18:54.834Z,1777976334817,v1
0,low_risk,no_action,0,No action,2026-05-05T10:18:54.834Z,1777976334817,v1
0.01,low_risk,no_action,0,No action,2026-05-05T10:18:54.834Z,1777976334817,v1
0,low_risk,no_action,0,No action,2026-05-05T10:18:54.834Z,1777976334817,v1
1,high_risk,premium_retention_offer,70,Send premium retention offer,2026-05-05T10:18:54.834Z,1777976334817,v1
0,low_risk,no_action,0,No action,2026-05-05T10:18:54.834Z,1777976334817,v1
0,low_risk,no_action,0,No action,2026-05-05T10:18:54.834Z,1777976334817,v1
0.06,low_risk,no_action,0,No action,2026-05-05T10:18:54.834Z,1777976334817,v1
0.98,high_risk,premium_retention_offer,67.6,Send premium retention offer,2026-05-05T10:18:54.834Z,1777976334817,v1
0,low_risk,no_action,0,No action,2026-05-05T10:18:54.834Z,1777976334817,v1
0,low_risk,no_action,0,No action,2026-05-05T10:18:54.834Z,1777976334817,v1
0.01,low_risk,no_action,0,No action,2026-05-05T10:18:54.834Z,1777976334817,v1
0,low_risk,no_action,0,No action,2026-05-05T10:18:54.834Z,1777976334817,v1
0,low_risk,no_action,0,No action,2026-05-05T10:18:54.834Z,1777976334817,v1
0,low_risk,no_action,0,No action,2026-05-05T10:18:54.834Z,1777976334817,v1
0,low_risk,no_action,0,No action,2026-05-05T10:18:54.834Z,1777976334817,v1
1,high_risk,premium_retention_offer,70,Send premium retention offer,2026-05-05T10:18:54.834Z,1777976334817,v1
1,high_risk,premium_retention_offer,70,Send premium retention offer,2026-05-05T10:18:54.834Z,1777976334817,v1
0,low_risk,no_action,0,No action,2026-05-05T10:18:54.834Z,1777976334817,v1
1,high_risk,premium_retention_offer,70,Send premium retention offer,2026-05-05T10:18:54.834Z,1777976334817,v1
1,high_risk,premium_retention_offer,70,Send premium retention offer,2026-05-05T10:18:54.834Z,1777976334817,v1
0,low_risk,no_action,0,No action,2026-05-05T10:18:54.834Z,1777976334817,v1
0,low_risk,no_action,0,No action,2026-05-05T10:18:54.834Z,1777976334817,v1
0,low_risk,no_action,0,No action,2026-05-05T10:18:54.834Z,1777976334817,v1
0,low_risk,no_action,0,No action,2026-05-05T10:18:54.834Z,1777976334817,v1
0,low_risk,no_action,0,No action,2026-05-05T10:18:54.834Z,1777976334817,v1
0,low_risk,no_action,0,No action,2026-05-05T10:18:54.834Z,1777976334817,v1
0,low_risk,no_action,0,No action,2026-05-05T10:18:54.834Z,1777976334817,v1
0,low_risk,no_action,0,No action,2026-05-05T10:18:54.834Z,1777976334817,v1
0,low_risk,no_action,0,No action,2026-05-05T10:18:54.834Z,1777976334817,v1
0,low_risk,no_action,0,No action,2026-05-05T10:18:54.834Z,1777976334817,v1
0.98,high_risk,premium_retention_offer,67.6,Send premium retention offer,2026-05-05T10:18:54.834Z,1777976334817,v1
0,low_risk,no_action,0,No action,2026-05-05T10:18:54.834Z,1777976334817,v1
0,low_risk,no_action,0,No action,2026-05-05T10:18:54.834Z,1777976334817,v1
0,low_risk,no_action,0,No action,2026-05-05T10:18:54.834Z,1777976334817,v1
0,low_risk,no_action,0,No action,2026-05-05T10:18:54.834Z,1777976334817,v1
0,low_risk,no_action,0,No action,2026-05-05T10:18:54.834Z,1777976334817,v1
0,low_risk,no_action,0,No action,2026-05-05T10:18:54.834Z,1777976334817,v1
0,low_risk,no_action,0,No action,2026-05-05T10:18:54.834Z,1777976334817,v1
1,high_risk,premium_retention_offer,70,Send premium retention offer,2026-05-05T10:18:54.834Z,1777976334817,v1
0.01,low_risk,no_action,0,No action,2026-05-05T10:18:54.834Z,1777976334817,v1
0,low_risk,no_action,0,No action,2026-05-05T10:18:54.834Z,1777976334817,v1
0,low_risk,no_action,0,No action,2026-05-05T10:18:54.834Z,1777976334817,v1
0,low_risk,no_action,0,No action,2026-05-05T10:18:54.834Z,1777976334817,v1
0.98,high_risk,premium_retention_offer,67.6,Send premium retention offer,2026-05-05T10:18:54.834Z,1777976334817,v1
0,low_risk,no_action,0,No action,2026-05-05T10:18:54.834Z,1777976334817,v1
0,low_risk,no_action,0,No action,2026-05-05T10:18:54.834Z,1777976334817,v1
0,low_risk,no_action,0,No action,2026-05-05T10:18:54.834Z,1777976334817,v1
0,low_risk,no_action,0,No action,2026-05-05T10:18:54.834Z,1777976334817,v1
1,high_risk,premium_retention_offer,70,Send premium retention offer,2026-05-05T10:18:54.834Z,1777976334817,v1
0,low_risk,no_action,0,No action,2026-05-05T10:18:54.834Z,1777976334817,v1
1,high_risk,premium_retention_offer,70,Send premium retention offer,2026-05-05T10:18:54.834Z,1777976334817,v1
0,low_risk,no_action,0,No action,2026-05-05T10:18:54.834Z,1777976334817,v1
0,low_risk,no_action,0,No action,2026-05-05T10:18:54.834Z,1777976334817,v1
1,high_risk,premium_retention_offer,70,Send premium retention offer,2026-05-05T10:18:54.834Z,1777976334817,v1
0.01,low_risk,no_action,0,No action,2026-05-05T10:18:54.834Z,1777976334817,v1
0,low_risk,no_action,0,No action,2026-05-05T10:18:54.834Z,1777976334817,v1
1,high_risk,premium_retention_offer,70,Send premium retention offer,2026-05-05T10:18:54.834Z,1777976334817,v1
0,low_risk,no_action,0,No action,2026-05-05T10:18:54.834Z,1777976334817,v1
0,low_risk,no_action,0,No action,2026-05-05T10:18:54.834Z,1777976334817,v1
0,low_risk,no_action,0,No action,2026-05-05T10:18:54.834Z,1777976334817,v1
0,low_risk,no_action,0,No action,2026-05-05T10:18:54.834Z,1777976334817,v1
0,low_risk,no_action,0,No action,2026-05-05T10:18:54.834Z,1777976334817,v1
0,low_risk,no_action,0,No action,2026-05-05T10:18:54.834Z,1777976334817,v1
0,low_risk,no_action,0,No action,2026-05-05T10:18:54.834Z,1777976334817,v1
0,low_risk,no_action,0,No action,2026-05-05T10:18:54.834Z,1777976334817,v1
0,low_risk,no_action,0,No action,2026-05-05T10:18:54.834Z,1777976334817,v1
0,low_risk,no_action,0,No action,2026-05-05T10:18:54.834Z,1777976334817,v1
0,low_risk,no_action,0,No action,2026-05-05T10:18:54.834Z,1777976334817,v1
0,low_risk,no_action,0,No action,2026-05-05T10:18:54.834Z,1777976334817,v1
0,low_risk,no_action,0,No action,2026-05-05T10:18:54.834Z,1777976334817,v1
0,low_risk,no_action,0,No action,2026-05-05T10:18:54.834Z,1777976334817,v1
0.02,low_risk,no_action,0,No action,2026-05-05T10:18:54.834Z,1777976334817,v1
0,low_risk,no_action,0,No action,2026-05-05T10:18:54.834Z,1777976334817,v1
0,low_risk,no_action,0,No action,2026-05-05T10:18:54.834Z,1777976334817,v1
0,low_risk,no_action,0,No action,2026-05-05T10:18:54.834Z,1777976334817,v1
0,low_risk,no_action,0,No action,2026-05-05T10:18:54.834Z,1777976334817,v1
0.01,low_risk,no_action,0,No action,2026-05-05T10:18:54.834Z,1777976334817,v1
0,low_risk,no_action,0,No action,2026-05-05T10:18:54.834Z,1777976334817,v1
1,high_risk,premium_retention_offer,70,Send premium retention offer,2026-05-05T10:18:54.834Z,1777976334817,v1
1,high_risk,premium_retention_offer,70,Send premium retention offer,2026-05-05T10:18:54.834Z,1777976334817,v1
0,low_risk,no_action,0,No action,2026-05-05T10:18:54.834Z,1777976334817,v1
0,low_risk,no_action,0,No action,2026-05-05T10:18:54.834Z,1777976334817,v1
0,low_risk,no_action,0,No action,2026-05-05T10:18:54.834Z,1777976334817,v1
0,low_risk,no_action,0,No action,2026-05-05T10:18:54.834Z,1777976334817,v1
0,low_risk,no_action,0,No action,2026-05-05T10:18:54.834Z,1777976334817,v1
0,low_risk,no_action,0,No action,2026-05-05T10:18:54.834Z,1777976334817,v1
0,low_risk,no_action,0,No action,2026-05-05T10:18:54.834Z,1777976334817,v1
0,low_risk,no_action,0,No action,2026-05-05T10:18:54.834Z,1777976334817,v1
1,high_risk,premium_retention_offer,70,Send premium retention offer,2026-05-05T10:18:54.834Z,1777976334817,v1
1,high_risk,premium_retention_offer,70,Send premium retention offer,2026-05-05T10:18:54.834Z,1777976334817,v1
0,low_risk,no_action,0,No action,2026-05-05T10:18:54.834Z,1777976334817,v1
0,low_risk,no_action,0,No action,2026-05-05T10:18:54.834Z,1777976334817,v1
0,low_risk,no_action,0,No action,2026-05-05T10:18:54.834Z,1777976334817,v1
0,low_risk,no_action,0,No action,2026-05-05T10:18:54.834Z,1777976334817,v1
1,high_risk,premium_retention_offer,70,Send premium retention offer,2026-05-05T10:18:54.834Z,1777976334817,v1
0,low_risk,no_action,0,No action,2026-05-05T10:18:54.834Z,1777976334817,v1
0,low_risk,no_action,0,No action,2026-05-05T10:18:54.834Z,1777976334817,v1
0,low_risk,no_action,0,No action,2026-05-05T10:18:54.834Z,1777976334817,v1
0,low_risk,no_action,0,No action,2026-05-05T10:18:54.834Z,1777976334817,v1
0,low_risk,no_action,0,No action,2026-05-05T10:18:54.834Z,1777976334817,v1
0,low_risk,no_action,0,No action,2026-05-05T10:18:54.834Z,1777976334817,v1
0.99,high_risk,premium_retention_offer,68.8,Send premium retention offer,2026-05-05T10:18:54.834Z,1777976334817,v1
0,low_risk,no_action,0,No action,2026-05-05T10:18:54.834Z,1777976334817,v1
0,low_risk,no_action,0,No action,2026-05-05T10:18:54.834Z,1777976334817,v1
0,low_risk,no_action,0,No action,2026-05-05T10:18:54.834Z,1777976334817,v1
0,low_risk,no_action,0,No action,2026-05-05T10:18:54.834Z,1777976334817,v1
0,low_risk,no_action,0,No action,2026-05-05T10:18:54.834Z,1777976334817,v1
0,low_risk,no_action,0,No action,2026-05-05T10:18:54.834Z,1777976334817,v1
0,low_risk,no_action,0,No action,2026-05-05T10:18:54.834Z,1777976334817,v1
0,low_risk,no_action,0,No action,2026-05-05T10:18:54.834Z,1777976334817,v1
1,high_risk,premium_retention_offer,70,Send premium retention offer,2026-05-05T10:18:54.834Z,1777976334817,v1
0,low_risk,no_action,0,No action,2026-05-05T10:18:54.834Z,1777976334817,v1
0,low_risk,no_action,0,No action,2026-05-05T10:18:54.834Z,1777976334817,v1
0,low_risk,no_action,0,No action,2026-05-05T10:18:54.834Z,1777976334817,v1
0,low_risk,no_action,0,No action,2026-05-05T10:18:54.834Z,1777976334817,v1
1,high_risk,premium_retention_offer,70,Send premium retention offer,2026-05-05T10:18:54.834Z,1777976334817,v1
0,low_risk,no_action,0,No action,2026-05-05T10:18:54.834Z,1777976334817,v1
0.01,low_risk,no_action,0,No action,2026-05-05T10:18:54.834Z,1777976334817,v1
0,low_risk,no_action,0,No action,2026-05-05T10:18:54.834Z,1777976334817,v1
0,low_risk,no_action,0,No action,2026-05-05T10:18:54.834Z,1777976334817,v1
0,low_risk,no_action,0,No action,2026-05-05T10:18:54.834Z,1777976334817,v1
0,low_risk,no_action,0,No action,2026-05-05T10:18:54.834Z,1777976334817,v1
0,low_risk,no_action,0,No action,2026-05-05T10:18:54.834Z,1777976334817,v1
0,low_risk,no_action,0,No action,2026-05-05T10:18:54.834Z,1777976334817,v1
0.98,high_risk,premium_retention_offer,67.6,Send premium retention offer,2026-05-05T10:18:54.834Z,1777976334817,v1
0,low_risk,no_action,0,No action,2026-05-05T10:18:54.835Z,1777976334817,v1
1,high_risk,premium_retention_offer,70,Send premium retention offer,2026-05-05T10:18:54.835Z,1777976334817,v1
1,high_risk,premium_retention_offer,70,Send premium retention offer,2026-05-05T10:18:54.835Z,1777976334817,v1
0,low_risk,no_action,0,No action,2026-05-05T10:18:54.835Z,1777976334817,v1
0,low_risk,no_action,0,No action,2026-05-05T10:18:54.835Z,1777976334817,v1
0.01,low_risk,no_action,0,No action,2026-05-05T10:18:54.835Z,1777976334817,v1
0,low_risk,no_action,0,No action,2026-05-05T10:18:54.835Z,1777976334817,v1
1,high_risk,premium_retention_offer,70,Send premium retention offer,2026-05-05T10:18:54.835Z,1777976334817,v1
0.99,high_risk,premium_retention_offer,68.8,Send premium retention offer,2026-05-05T10:18:54.835Z,1777976334817,v1
0,low_risk,no_action,0,No action,2026-05-05T10:18:54.835Z,1777976334817,v1
0,low_risk,no_action,0,No action,2026-05-05T10:18:54.835Z,1777976334817,v1
1,high_risk,premium_retention_offer,70,Send premium retention offer,2026-05-05T10:18:54.835Z,1777976334817,v1
0,low_risk,no_action,0,No action,2026-05-05T10:18:54.835Z,1777976334817,v1
0,low_risk,no_action,0,No action,2026-05-05T10:18:54.835Z,1777976334817,v1
0,low_risk,no_action,0,No action,2026-05-05T10:18:54.835Z,1777976334817,v1
0,low_risk,no_action,0,No action,2026-05-05T10:18:54.835Z,1777976334817,v1
1,high_risk,premium_retention_offer,70,Send premium retention offer,2026-05-05T10:18:54.835Z,1777976334817,v1
0,low_risk,no_action,0,No action,2026-05-05T10:18:54.835Z,1777976334817,v1
0,low_risk,no_action,0,No action,2026-05-05T10:18:54.835Z,1777976334817,v1
0,low_risk,no_action,0,No action,2026-05-05T10:18:54.835Z,1777976334817,v1
0,low_risk,no_action,0,No action,2026-05-05T10:18:54.835Z,1777976334817,v1
0.98,high_risk,premium_retention_offer,67.6,Send premium retention offer,2026-05-05T10:18:54.835Z,1777976334817,v1
0,low_risk,no_action,0,No action,2026-05-05T10:18:54.835Z,1777976334817,v1
0,low_risk,no_action,0,No action,2026-05-05T10:18:54.835Z,1777976334817,v1
0,low_risk,no_action,0,No action,2026-05-05T10:18:54.835Z,1777976334817,v1
0,low_risk,no_action,0,No action,2026-05-05T10:18:54.835Z,1777976334817,v1
0,low_risk,no_action,0,No action,2026-05-05T10:18:54.835Z,1777976334817,v1
0,low_risk,no_action,0,No action,2026-05-05T10:18:54.835Z,1777976334817,v1
0,low_risk,no_action,0,No action,2026-05-05T10:18:54.835Z,1777976334817,v1
0,low_risk,no_action,0,No action,2026-05-05T10:18:54.835Z,1777976334817,v1
0,low_risk,no_action,0,No action,2026-05-05T10:18:54.835Z,1777976334817,v1
0,low_risk,no_action,0,No action,2026-05-05T10:18:54.835Z,1777976334817,v1
0,low_risk,no_action,0,No action,2026-05-05T10:18:54.835Z,1777976334817,v1
0,low_risk,no_action,0,No action,2026-05-05T10:18:54.835Z,1777976334817,v1
1,high_risk,premium_retention_offer,70,Send premium retention offer,2026-05-05T10:18:54.835Z,1777976334817,v1
1,high_risk,premium_retention_offer,70,Send premium retention offer,2026-05-05T10:18:54.835Z,1777976334817,v1
0,low_risk,no_action,0,No action,2026-05-05T10:18:54.835Z,1777976334817,v1
0,low_risk,no_action,0,No action,2026-05-05T10:18:54.835Z,1777976334817,v1
0,low_risk,no_action,0,No action,2026-05-05T10:18:54.835Z,1777976334817,v1
0.03,low_risk,no_action,0,No action,2026-05-05T10:18:54.835Z,1777976334817,v1
0,low_risk,no_action,0,No action,2026-05-05T10:18:54.835Z,1777976334817,v1
0,low_risk,no_action,0,No action,2026-05-05T10:18:54.835Z,1777976334817,v1
0,low_risk,no_action,0,No action,2026-05-05T10:18:54.835Z,1777976334817,v1
0,low_risk,no_action,0,No action,2026-05-05T10:18:54.835Z,1777976334817,v1
0,low_risk,no_action,0,No action,2026-05-05T10:18:54.835Z,1777976334817,v1
0,low_risk,no_action,0,No action,2026-05-05T10:18:54.835Z,1777976334817,v1
0.99,high_risk,premium_retention_offer,68.8,Send premium retention offer,2026-05-05T10:18:54.835Z,1777976334817,v1
0,low_risk,no_action,0,No action,2026-05-05T10:18:54.835Z,1777976334817,v1
0,low_risk,no_action,0,No action,2026-05-05T10:18:54.835Z,1777976334817,v1
0,low_risk,no_action,0,No action,2026-05-05T10:18:54.835Z,1777976334817,v1
0,low_risk,no_action,0,No action,2026-05-05T10:18:54.835Z,1777976334817,v1
1,high_risk,premium_retention_offer,70,Send premium retention offer,2026-05-05T10:18:54.835Z,1777976334817,v1
0,low_risk,no_action,0,No action,2026-05-05T10:18:54.835Z,1777976334817,v1
0,low_risk,no_action,0,No action,2026-05-05T10:18:54.835Z,1777976334817,v1
1,high_risk,premium_retention_offer,70,Send premium retention offer,2026-05-05T10:18:54.835Z,1777976334817,v1
0,low_risk,no_action,0,No action,2026-05-05T10:18:54.835Z,1777976334817,v1
0,low_risk,no_action,0,No action,2026-05-05T10:18:54.835Z,1777976334817,v1
0,low_risk,no_action,0,No action,2026-05-05T10:18:54.835Z,1777976334817,v1
0,low_risk,no_action,0,No action,2026-05-05T10:18:54.835Z,1777976334817,v1
0,low_risk,no_action,0,No action,2026-05-05T10:18:54.835Z,1777976334817,v1
0,low_risk,no_action,0,No action,2026-05-05T10:18:54.835Z,1777976334817,v1
0.99,high_risk,premium_retention_offer,68.8,Send premium retention offer,2026-05-05T10:18:54.835Z,1777976334817,v1
1,high_risk,premium_retention_offer,70,Send premium retention offer,2026-05-05T10:18:54.835Z,1777976334817,v1
0,low_risk,no_action,0,No action,2026-05-05T10:18:54.835Z,1777976334817,v1
0,low_risk,no_action,0,No action,2026-05-05T10:18:54.835Z,1777976334817,v1
0,low_risk,no_action,0,No action,2026-05-05T10:18:54.835Z,1777976334817,v1
0,low_risk,no_action,0,No action,2026-05-05T10:18:54.835Z,1777976334817,v1
0,low_risk,no_action,0,No action,2026-05-05T10:18:54.835Z,1777976334817,v1
0,low_risk,no_action,0,No action,2026-05-05T10:18:54.835Z,1777976334817,v1
0,low_risk,no_action,0,No action,2026-05-05T10:18:54.835Z,1777976334817,v1
0,low_risk,no_action,0,No action,2026-05-05T10:18:54.835Z,1777976334817,v1
0,low_risk,no_action,0,No action,2026-05-05T10:18:54.835Z,1777976334817,v1
1,high_risk,premium_retention_offer,70,Send premium retention offer,2026-05-05T10:18:54.835Z,1777976334817,v1
0,low_risk,no_action,0,No action,2026-05-05T10:18:54.835Z,1777976334817,v1
0,low_risk,no_action,0,No action,2026-05-05T10:18:54.835Z,1777976334817,v1
0,low_risk,no_action,0,No action,2026-05-05T10:18:54.835Z,1777976334817,v1
1,high_risk,premium_retention_offer,70,Send premium retention offer,2026-05-05T10:18:54.835Z,1777976334817,v1
0,low_risk,no_action,0,No action,2026-05-05T10:18:54.835Z,1777976334817,v1
0,low_risk,no_action,0,No action,2026-05-05T10:18:54.835Z,1777976334817,v1
0,low_risk,no_action,0,No action,2026-05-05T10:18:54.835Z,1777976334817,v1
0,low_risk,no_action,0,No action,2026-05-05T10:18:54.835Z,1777976334817,v1
0,low_risk,no_action,0,No action,2026-05-05T10:18:54.835Z,1777976334817,v1
0,low_risk,no_action,0,No action,2026-05-05T10:18:54.835Z,1777976334817,v1
0.99,high_risk,premium_retention_offer,68.8,Send premium retention offer,2026-05-05T10:18:54.835Z,1777976334817,v1
1,high_risk,premium_retention_offer,70,Send premium retention offer,2026-05-05T10:18:54.835Z,1777976334817,v1
0,low_risk,no_action,0,No action,2026-05-05T10:18:54.835Z,1777976334817,v1
0,low_risk,no_action,0,No action,2026-05-05T10:18:54.835Z,1777976334817,v1
0,low_risk,no_action,0,No action,2026-05-05T10:18:54.835Z,1777976334817,v1
0,low_risk,no_action,0,No action,2026-05-05T10:18:54.835Z,1777976334817,v1
1,high_risk,premium_retention_offer,70,Send premium retention offer,2026-05-05T10:18:54.835Z,1777976334817,v1
0.99,high_risk,premium_retention_offer,68.8,Send premium retention offer,2026-05-05T10:18:54.835Z,1777976334817,v1
0.99,high_risk,premium_retention_offer,68.8,Send premium retention offer,2026-05-05T10:18:54.835Z,1777976334817,v1
0,low_risk,no_action,0,No action,2026-05-05T10:18:54.835Z,1777976334817,v1
0,low_risk,no_action,0,No action,2026-05-05T10:18:54.835Z,1777976334817,v1
0,low_risk,no_action,0,No action,2026-05-05T10:18:54.835Z,1777976334817,v1
0,low_risk,no_action,0,No action,2026-05-05T10:18:54.835Z,1777976334817,v1
1,high_risk,premium_retention_offer,70,Send premium retention offer,2026-05-05T10:18:54.835Z,1777976334817,v1
0,low_risk,no_action,0,No action,2026-05-05T10:18:54.835Z,1777976334817,v1
0,low_risk,no_action,0,No action,2026-05-05T10:18:54.835Z,1777976334817,v1
0,low_risk,no_action,0,No action,2026-05-05T10:18:54.835Z,1777976334817,v1
0,low_risk,no_action,0,No action,2026-05-05T10:18:54.835Z,1777976334817,v1
0,low_risk,no_action,0,No action,2026-05-05T10:18:54.835Z,1777976334817,v1
0,low_risk,no_action,0,No action,2026-05-05T10:18:54.835Z,1777976334817,v1
0,low_risk,no_action,0,No action,2026-05-05T10:18:54.835Z,1777976334817,v1
0,low_risk,no_action,0,No action,2026-05-05T10:18:54.835Z,1777976334817,v1
0,low_risk,no_action,0,No action,2026-05-05T10:18:54.835Z,1777976334817,v1
0,low_risk,no_action,0,No action,2026-05-05T10:18:54.835Z,1777976334817,v1
0,low_risk,no_action,0,No action,2026-05-05T10:18:54.835Z,1777976334817,v1
1,high_risk,premium_retention_offer,70,Send premium retention offer,2026-05-05T10:18:54.835Z,1777976334817,v1
0,low_risk,no_action,0,No action,2026-05-05T10:18:54.835Z,1777976334817,v1
0,low_risk,no_action,0,No action,2026-05-05T10:18:54.835Z,1777976334817,v1
1,high_risk,premium_retention_offer,70,Send premium retention offer,2026-05-05T10:18:54.835Z,1777976334817,v1
1,high_risk,premium_retention_offer,70,Send premium retention offer,2026-05-05T10:18:54.835Z,1777976334817,v1
0,low_risk,no_action,0,No action,2026-05-05T10:18:54.835Z,1777976334817,v1
0,low_risk,no_action,0,No action,2026-05-05T10:18:54.835Z,1777976334817,v1
0,low_risk,no_action,0,No action,2026-05-05T10:18:54.835Z,1777976334817,v1
0,low_risk,no_action,0,No action,2026-05-05T10:18:54.835Z,1777976334817,v1
0,low_risk,no_action,0,No action,2026-05-05T10:18:54.835Z,1777976334817,v1
0,low_risk,no_action,0,No action,2026-05-05T10:18:54.835Z,1777976334817,v1
0,low_risk,no_action,0,No action,2026-05-05T10:18:54.835Z,1777976334817,v1
0,low_risk,no_action,0,No action,2026-05-05T10:18:54.835Z,1777976334817,v1
0,low_risk,no_action,0,No action,2026-05-05T10:18:54.835Z,1777976334817,v1
0.99,high_risk,premium_retention_offer,68.8,Send premium retention offer,2026-05-05T10:18:54.835Z,1777976334817,v1
0.99,high_risk,premium_retention_offer,68.8,Send premium retention offer,2026-05-05T10:18:54.835Z,1777976334817,v1
0,low_risk,no_action,0,No action,2026-05-05T10:18:54.835Z,1777976334817,v1
0.01,low_risk,no_action,0,No action,2026-05-05T10:18:54.835Z,1777976334817,v1
0,low_risk,no_action,0,No action,2026-05-05T10:18:54.835Z,1777976334817,v1
0,low_risk,no_action,0,No action,2026-05-05T10:18:54.835Z,1777976334817,v1
0,low_risk,no_action,0,No action,2026-05-05T10:18:54.835Z,1777976334817,v1
1,high_risk,premium_retention_offer,70,Send premium retention offer,2026-05-05T10:18:54.835Z,1777976334817,v1
0,low_risk,no_action,0,No action,2026-05-05T10:18:54.835Z,1777976334817,v1
0,low_risk,no_action,0,No action,2026-05-05T10:18:54.835Z,1777976334817,v1
0,low_risk,no_action,0,No action,2026-05-05T10:18:54.835Z,1777976334817,v1
0,low_risk,no_action,0,No action,2026-05-05T10:18:54.835Z,1777976334817,v1
0,low_risk,no_action,0,No action,2026-05-05T10:18:54.835Z,1777976334817,v1
0.99,high_risk,premium_retention_offer,68.8,Send premium retention offer,2026-05-05T10:18:54.835Z,1777976334817,v1
0.99,high_risk,premium_retention_offer,68.8,Send premium retention offer,2026-05-05T10:18:54.835Z,1777976334817,v1
0,low_risk,no_action,0,No action,2026-05-05T10:18:54.835Z,1777976334817,v1
0,low_risk,no_action,0,No action,2026-05-05T10:18:54.835Z,1777976334817,v1
0,low_risk,no_action,0,No action,2026-05-05T10:18:54.835Z,1777976334817,v1
0,low_risk,no_action,0,No action,2026-05-05T10:18:54.835Z,1777976334817,v1
0,low_risk,no_action,0,No action,2026-05-05T10:18:54.835Z,1777976334817,v1
0,low_risk,no_action,0,No action,2026-05-05T10:18:54.835Z,1777976334817,v1
1,high_risk,premium_retention_offer,70,Send premium retention offer,2026-05-05T10:18:54.835Z,1777976334817,v1
0,low_risk,no_action,0,No action,2026-05-05T10:18:54.835Z,1777976334817,v1
0,low_risk,no_action,0,No action,2026-05-05T10:18:54.835Z,1777976334817,v1
0,low_risk,no_action,0,No action,2026-05-05T10:18:54.835Z,1777976334817,v1
0,low_risk,no_action,0,No action,2026-05-05T10:18:54.835Z,1777976334817,v1
0,low_risk,no_action,0,No action,2026-05-05T10:18:54.835Z,1777976334817,v1
0,low_risk,no_action,0,No action,2026-05-05T10:18:54.835Z,1777976334817,v1
0,low_risk,no_action,0,No action,2026-05-05T10:18:54.835Z,1777976334817,v1
0.01,low_risk,no_action,0,No action,2026-05-05T10:18:54.835Z,1777976334817,v1
0,low_risk,no_action,0,No action,2026-05-05T10:18:54.835Z,1777976334817,v1
0.98,high_risk,premium_retention_offer,67.6,Send premium retention offer,2026-05-05T10:18:54.835Z,1777976334817,v1
0,low_risk,no_action,0,No action,2026-05-05T10:18:54.835Z,1777976334817,v1
0,low_risk,no_action,0,No action,2026-05-05T10:18:54.835Z,1777976334817,v1
0,low_risk,no_action,0,No action,2026-05-05T10:18:54.835Z,1777976334817,v1
0,low_risk,no_action,0,No action,2026-05-05T10:18:54.835Z,1777976334817,v1
1,high_risk,premium_retention_offer,70,Send premium retention offer,2026-05-05T10:18:54.835Z,1777976334817,v1
0,low_risk,no_action,0,No action,2026-05-05T10:18:54.835Z,1777976334817,v1
0,low_risk,no_action,0,No action,2026-05-05T10:18:54.835Z,1777976334817,v1
0,low_risk,no_action,0,No action,2026-05-05T10:18:54.835Z,1777976334817,v1
0,low_risk,no_action,0,No action,2026-05-05T10:18:54.835Z,1777976334817,v1
0,low_risk,no_action,0,No action,2026-05-05T10:18:54.835Z,1777976334817,v1
0,low_risk,no_action,0,No action,2026-05-05T10:18:54.835Z,1777976334817,v1
1,high_risk,premium_retention_offer,70,Send premium retention offer,2026-05-05T10:18:54.835Z,1777976334817,v1
0.98,high_risk,premium_retention_offer,67.6,Send premium retention offer,2026-05-05T10:18:54.835Z,1777976334817,v1
0,low_risk,no_action,0,No action,2026-05-05T10:18:54.835Z,1777976334817,v1
0,low_risk,no_action,0,No action,2026-05-05T10:18:54.835Z,1777976334817,v1
0,low_risk,no_action,0,No action,2026-05-05T10:18:54.835Z,1777976334817,v1
0,low_risk,no_action,0,No action,2026-05-05T10:18:54.835Z,1777976334817,v1
0,low_risk,no_action,0,No action,2026-05-05T10:18:54.835Z,1777976334817,v1
0,low_risk,no_action,0,No action,2026-05-05T10:18:54.835Z,1777976334817,v1
0,low_risk,no_action,0,No action,2026-05-05T10:18:54.835Z,1777976334817,v1
0,low_risk,no_action,0,No action,2026-05-05T10:18:54.835Z,1777976334817,v1
0,low_risk,no_action,0,No action,2026-05-05T10:18:54.835Z,1777976334817,v1
0,low_risk,no_action,0,No action,2026-05-05T10:18:54.835Z,1777976334817,v1
0,low_risk,no_action,0,No action,2026-05-05T10:18:54.835Z,1777976334817,v1
0.99,high_risk,premium_retention_offer,68.8,Send premium retention offer,2026-05-05T10:18:54.835Z,1777976334817,v1
0,low_risk,no_action,0,No action,2026-05-05T10:18:54.835Z,1777976334817,v1
0.01,low_risk,no_action,0,No action,2026-05-05T10:18:54.835Z,1777976334817,v1
0.98,high_risk,premium_retention_offer,67.6,Send premium retention offer,2026-05-05T10:18:54.835Z,1777976334817,v1
0,low_risk,no_action,0,No action,2026-05-05T10:18:54.835Z,1777976334817,v1
0,low_risk,no_action,0,No action,2026-05-05T10:18:54.835Z,1777976334817,v1
0,low_risk,no_action,0,No action,2026-05-05T10:18:54.835Z,1777976334817,v1
0,low_risk,no_action,0,No action,2026-05-05T10:18:54.835Z,1777976334817,v1
0,low_risk,no_action,0,No action,2026-05-05T10:18:54.835Z,1777976334817,v1
0,low_risk,no_action,0,No action,2026-05-05T10:18:54.835Z,1777976334817,v1
0,low_risk,no_action,0,No action,2026-05-05T10:18:54.835Z,1777976334817,v1
0.02,low_risk,no_action,0,No action,2026-05-05T10:18:54.835Z,1777976334817,v1
0.99,high_risk,premium_retention_offer,68.8,Send premium retention offer,2026-05-05T10:18:54.835Z,1777976334817,v1
0.98,high_risk,premium_retention_offer,67.6,Send premium retention offer,2026-05-05T10:18:54.835Z,1777976334817,v1
0,low_risk,no_action,0,No action,2026-05-05T10:18:54.835Z,1777976334817,v1
0,low_risk,no_action,0,No action,2026-05-05T10:18:54.835Z,1777976334817,v1
0,low_risk,no_action,0,No action,2026-05-05T10:18:54.835Z,1777976334817,v1
0,low_risk,no_action,0,No action,2026-05-05T10:18:54.835Z,1777976334817,v1
0,low_risk,no_action,0,No action,2026-05-05T10:18:54.835Z,1777976334817,v1
0.01,low_risk,no_action,0,No action,2026-05-05T10:18:54.835Z,1777976334817,v1
1,high_risk,premium_retention_offer,70,Send premium retention offer,2026-05-05T10:18:54.835Z,1777976334817,v1
0,low_risk,no_action,0,No action,2026-05-05T10:18:54.835Z,1777976334817,v1
0,low_risk,no_action,0,No action,2026-05-05T10:18:54.835Z,1777976334817,v1
0,low_risk,no_action,0,No action,2026-05-05T10:18:54.835Z,1777976334817,v1
0.01,low_risk,no_action,0,No action,2026-05-05T10:18:54.835Z,1777976334817,v1
0,low_risk,no_action,0,No action,2026-05-05T10:18:54.835Z,1777976334817,v1
1,high_risk,premium_retention_offer,70,Send premium retention offer,2026-05-05T10:18:54.835Z,1777976334817,v1
0,low_risk,no_action,0,No action,2026-05-05T10:18:54.835Z,1777976334817,v1
0.99,high_risk,premium_retention_offer,68.8,Send premium retention offer,2026-05-05T10:18:54.835Z,1777976334817,v1
0,low_risk,no_action,0,No action,2026-05-05T10:18:54.835Z,1777976334817,v1
1,high_risk,premium_retention_offer,70,Send premium retention offer,2026-05-05T10:18:54.835Z,1777976334817,v1
0,low_risk,no_action,0,No action,2026-05-05T10:18:54.835Z,1777976334817,v1
0,low_risk,no_action,0,No action,2026-05-05T10:18:54.835Z,1777976334817,v1
0,low_risk,no_action,0,No action,2026-05-05T10:18:54.835Z,1777976334817,v1
0.99,high_risk,premium_retention_offer,68.8,Send premium retention offer,2026-05-05T10:18:54.835Z,1777976334817,v1
0,low_risk,no_action,0,No action,2026-05-05T10:18:54.835Z,1777976334817,v1
0,low_risk,no_action,0,No action,2026-05-05T10:18:54.835Z,1777976334817,v1
1,high_risk,premium_retention_offer,70,Send premium retention offer,2026-05-05T10:18:54.835Z,1777976334817,v1
0,low_risk,no_action,0,No action,2026-05-05T10:18:54.835Z,1777976334817,v1
0,low_risk,no_action,0,No action,2026-05-05T10:18:54.835Z,1777976334817,v1
0.98,high_risk,premium_retention_offer,67.6,Send premium retention offer,2026-05-05T10:18:54.835Z,1777976334817,v1
0,low_risk,no_action,0,No action,2026-05-05T10:18:54.835Z,1777976334817,v1
0,low_risk,no_action,0,No action,2026-05-05T10:18:54.835Z,1777976334817,v1
0,low_risk,no_action,0,No action,2026-05-05T10:18:54.835Z,1777976334817,v1
0,low_risk,no_action,0,No action,2026-05-05T10:18:54.835Z,1777976334817,v1
0,low_risk,no_action,0,No action,2026-05-05T10:18:54.835Z,1777976334817,v1
0,low_risk,no_action,0,No action,2026-05-05T10:18:54.835Z,1777976334817,v1
0.99,high_risk,premium_retention_offer,68.8,Send premium retention offer,2026-05-05T10:18:54.835Z,1777976334817,v1
0,low_risk,no_action,0,No action,2026-05-05T10:18:54.835Z,1777976334817,v1
0,low_risk,no_action,0,No action,2026-05-05T10:18:54.835Z,1777976334817,v1
0,low_risk,no_action,0,No action,2026-05-05T10:18:54.835Z,1777976334817,v1
0,low_risk,no_action,0,No action,2026-05-05T10:18:54.835Z,1777976334817,v1
0,low_risk,no_action,0,No action,2026-05-05T10:18:54.835Z,1777976334817,v1
0,low_risk,no_action,0,No action,2026-05-05T10:18:54.835Z,1777976334817,v1
0.98,high_risk,premium_retention_offer,67.6,Send premium retention offer,2026-05-05T10:18:54.835Z,1777976334817,v1
0,low_risk,no_action,0,No action,2026-05-05T10:18:54.835Z,1777976334817,v1
0,low_risk,no_action,0,No action,2026-05-05T10:18:54.835Z,1777976334817,v1
0,low_risk,no_action,0,No action,2026-05-05T10:18:54.835Z,1777976334817,v1
0,low_risk,no_action,0,No action,2026-05-05T10:18:54.835Z,1777976334817,v1
0,low_risk,no_action,0,No action,2026-05-05T10:18:54.835Z,1777976334817,v1
1,high_risk,premium_retention_offer,70,Send premium retention offer,2026-05-05T10:18:54.835Z,1777976334817,v1
0,low_risk,no_action,0,No action,2026-05-05T10:18:54.835Z,1777976334817,v1
0,low_risk,no_action,0,No action,2026-05-05T10:18:54.835Z,1777976334817,v1
0,low_risk,no_action,0,No action,2026-05-05T10:18:54.835Z,1777976334817,v1
0,low_risk,no_action,0,No action,2026-05-05T10:18:54.835Z,1777976334817,v1
0.99,high_risk,premium_retention_offer,68.8,Send premium retention offer,2026-05-05T10:18:54.835Z,1777976334817,v1
0,low_risk,no_action,0,No action,2026-05-05T10:18:54.835Z,1777976334817,v1
0,low_risk,no_action,0,No action,2026-05-05T10:18:54.835Z,1777976334817,v1
1,high_risk,premium_retention_offer,70,Send premium retention offer,2026-05-05T10:18:54.835Z,1777976334817,v1
0,low_risk,no_action,0,No action,2026-05-05T10:18:54.835Z,1777976334817,v1
0,low_risk,no_action,0,No action,2026-05-05T10:18:54.835Z,1777976334817,v1
0,low_risk,no_action,0,No action,2026-05-05T10:18:54.835Z,1777976334817,v1
0,low_risk,no_action,0,No action,2026-05-05T10:18:54.835Z,1777976334817,v1
1,high_risk,premium_retention_offer,70,Send premium retention offer,2026-05-05T10:18:54.835Z,1777976334817,v1
0,low_risk,no_action,0,No action,2026-05-05T10:18:54.835Z,1777976334817,v1
0,low_risk,no_action,0,No action,2026-05-05T10:18:54.835Z,1777976334817,v1
0,low_risk,no_action,0,No action,2026-05-05T10:18:54.835Z,1777976334817,v1
0,low_risk,no_action,0,No action,2026-05-05T10:18:54.835Z,1777976334817,v1
0,low_risk,no_action,0,No action,2026-05-05T10:18:54.835Z,1777976334817,v1
0,low_risk,no_action,0,No action,2026-05-05T10:18:54.835Z,1777976334817,v1
0,low_risk,no_action,0,No action,2026-05-05T10:18:54.835Z,1777976334817,v1
0.99,high_risk,premium_retention_offer,68.8,Send premium retention offer,2026-05-05T10:18:54.835Z,1777976334817,v1
0.98,high_risk,premium_retention_offer,67.6,Send premium retention offer,2026-05-05T10:18:54.835Z,1777976334817,v1
0,low_risk,no_action,0,No action,2026-05-05T10:18:54.835Z,1777976334817,v1
0.01,low_risk,no_action,0,No action,2026-05-05T10:18:54.835Z,1777976334817,v1
0.99,high_risk,premium_retention_offer,68.8,Send premium retention offer,2026-05-05T10:18:54.835Z,1777976334817,v1
1,high_risk,premium_retention_offer,70,Send premium retention offer,2026-05-05T10:18:54.835Z,1777976334817,v1
0,low_risk,no_action,0,No action,2026-05-05T10:18:54.835Z,1777976334817,v1
0,low_risk,no_action,0,No action,2026-05-05T10:18:54.835Z,1777976334817,v1
0,low_risk,no_action,0,No action,2026-05-05T10:18:54.835Z,1777976334817,v1
0,low_risk,no_action,0,No action,2026-05-05T10:18:54.835Z,1777976334817,v1
0,low_risk,no_action,0,No action,2026-05-05T10:18:54.835Z,1777976334817,v1
0,low_risk,no_action,0,No action,2026-05-05T10:18:54.835Z,1777976334817,v1
0,low_risk,no_action,0,No action,2026-05-05T10:18:54.835Z,1777976334817,v1
0.01,low_risk,no_action,0,No action,2026-05-05T10:18:54.835Z,1777976334817,v1
0,low_risk,no_action,0,No action,2026-05-05T10:18:54.835Z,1777976334817,v1
0,low_risk,no_action,0,No action,2026-05-05T10:18:54.835Z,1777976334817,v1
0,low_risk,no_action,0,No action,2026-05-05T10:18:54.835Z,1777976334817,v1
1,high_risk,premium_retention_offer,70,Send premium retention offer,2026-05-05T10:18:54.835Z,1777976334817,v1
0,low_risk,no_action,0,No action,2026-05-05T10:18:54.835Z,1777976334817,v1
0,low_risk,no_action,0,No action,2026-05-05T10:18:54.835Z,1777976334817,v1
0,low_risk,no_action,0,No action,2026-05-05T10:18:54.835Z,1777976334817,v1
1,high_risk,premium_retention_offer,70,Send premium retention offer,2026-05-05T10:18:54.835Z,1777976334817,v1
0.98,high_risk,premium_retention_offer,67.6,Send premium retention offer,2026-05-05T10:18:54.835Z,1777976334817,v1
1,high_risk,premium_retention_offer,70,Send premium retention offer,2026-05-05T10:18:54.835Z,1777976334817,v1
1,high_risk,premium_retention_offer,70,Send premium retention offer,2026-05-05T10:18:54.835Z,1777976334817,v1
0,low_risk,no_action,0,No action,2026-05-05T10:18:54.835Z,1777976334817,v1
0,low_risk,no_action,0,No action,2026-05-05T10:18:54.835Z,1777976334817,v1
0,low_risk,no_action,0,No action,2026-05-05T10:18:54.835Z,1777976334817,v1
0,low_risk,no_action,0,No action,2026-05-05T10:18:54.835Z,1777976334817,v1
1,high_risk,premium_retention_offer,70,Send premium retention offer,2026-05-05T10:18:54.835Z,1777976334817,v1
0,low_risk,no_action,0,No action,2026-05-05T10:18:54.835Z,1777976334817,v1
0,low_risk,no_action,0,No action,2026-05-05T10:18:54.835Z,1777976334817,v1
0.97,high_risk,premium_retention_offer,66.4,Send premium retention offer,2026-05-05T10:18:54.835Z,1777976334817,v1
0,low_risk,no_action,0,No action,2026-05-05T10:18:54.835Z,1777976334817,v1
0,low_risk,no_action,0,No action,2026-05-05T10:18:54.835Z,1777976334817,v1
0,low_risk,no_action,0,No action,2026-05-05T10:18:54.835Z,1777976334817,v1
0,low_risk,no_action,0,No action,2026-05-05T10:18:54.835Z,1777976334817,v1
0,low_risk,no_action,0,No action,2026-05-05T10:18:54.835Z,1777976334817,v1
0,low_risk,no_action,0,No action,2026-05-05T10:18:54.835Z,1777976334817,v1
0,low_risk,no_action,0,No action,2026-05-05T10:18:54.835Z,1777976334817,v1
0.02,low_risk,no_action,0,No action,2026-05-05T10:18:54.835Z,1777976334817,v1
0,low_risk,no_action,0,No action,2026-05-05T10:18:54.835Z,1777976334817,v1
0,low_risk,no_action,0,No action,2026-05-05T10:18:54.835Z,1777976334817,v1
0,low_risk,no_action,0,No action,2026-05-05T10:18:54.835Z,1777976334817,v1
0,low_risk,no_action,0,No action,2026-05-05T10:18:54.835Z,1777976334817,v1
0,low_risk,no_action,0,No action,2026-05-05T10:18:54.835Z,1777976334817,v1
0,low_risk,no_action,0,No action,2026-05-05T10:18:54.835Z,1777976334817,v1
0,low_risk,no_action,0,No action,2026-05-05T10:18:54.835Z,1777976334817,v1
0,low_risk,no_action,0,No action,2026-05-05T10:18:54.835Z,1777976334817,v1
0.01,low_risk,no_action,0,No action,2026-05-05T10:18:54.835Z,1777976334817,v1
0,low_risk,no_action,0,No action,2026-05-05T10:18:54.835Z,1777976334817,v1
0.01,low_risk,no_action,0,No action,2026-05-05T10:18:54.835Z,1777976334817,v1
0,low_risk,no_action,0,No action,2026-05-05T10:18:54.835Z,1777976334817,v1
0,low_risk,no_action,0,No action,2026-05-05T10:18:54.835Z,1777976334817,v1
0,low_risk,no_action,0,No action,2026-05-05T10:18:54.835Z,1777976334817,v1
0,low_risk,no_action,0,No action,2026-05-05T10:18:54.835Z,1777976334817,v1
0,low_risk,no_action,0,No action,2026-05-05T10:18:54.835Z,1777976334817,v1
0,low_risk,no_action,0,No action,2026-05-05T10:18:54.835Z,1777976334817,v1
0,low_risk,no_action,0,No action,2026-05-05T10:18:54.835Z,1777976334817,v1
0,low_risk,no_action,0,No action,2026-05-05T10:18:54.835Z,1777976334817,v1
1,high_risk,premium_retention_offer,70,Send premium retention offer,2026-05-05T10:18:54.835Z,1777976334817,v1
0,low_risk,no_action,0,No action,2026-05-05T10:18:54.835Z,1777976334817,v1
0,low_risk,no_action,0,No action,2026-05-05T10:18:54.835Z,1777976334817,v1
0,low_risk,no_action,0,No action,2026-05-05T10:18:54.835Z,1777976334817,v1
0,low_risk,no_action,0,No action,2026-05-05T10:18:54.835Z,1777976334817,v1
0,low_risk,no_action,0,No action,2026-05-05T10:18:54.835Z,1777976334817,v1
0,low_risk,no_action,0,No action,2026-05-05T10:18:54.835Z,1777976334817,v1
0,low_risk,no_action,0,No action,2026-05-05T10:18:54.835Z,1777976334817,v1
0,low_risk,no_action,0,No action,2026-05-05T10:18:54.835Z,1777976334817,v1
0,low_risk,no_action,0,No action,2026-05-05T10:18:54.835Z,1777976334817,v1
0,low_risk,no_action,0,No action,2026-05-05T10:18:54.835Z,1777976334817,v1
0,low_risk,no_action,0,No action,2026-05-05T10:18:54.835Z,1777976334817,v1
0,low_risk,no_action,0,No action,2026-05-05T10:18:54.835Z,1777976334817,v1
0,low_risk,no_action,0,No action,2026-05-05T10:18:54.835Z,1777976334817,v1
0,low_risk,no_action,0,No action,2026-05-05T10:18:54.835Z,1777976334817,v1
0,low_risk,no_action,0,No action,2026-05-05T10:18:54.835Z,1777976334817,v1
0,low_risk,no_action,0,No action,2026-05-05T10:18:54.835Z,1777976334817,v1
0.98,high_risk,premium_retention_offer,67.6,Send premium retention offer,2026-05-05T10:18:54.835Z,1777976334817,v1
0,low_risk,no_action,0,No action,2026-05-05T10:18:54.835Z,1777976334817,v1
1,high_risk,premium_retention_offer,70,Send premium retention offer,2026-05-05T10:18:54.835Z,1777976334817,v1
0.01,low_risk,no_action,0,No action,2026-05-05T10:18:54.835Z,1777976334817,v1
0,low_risk,no_action,0,No action,2026-05-05T10:18:54.835Z,1777976334817,v1
0,low_risk,no_action,0,No action,2026-05-05T10:18:54.835Z,1777976334817,v1
0,low_risk,no_action,0,No action,2026-05-05T10:18:54.835Z,1777976334817,v1
0,low_risk,no_action,0,No action,2026-05-05T10:18:54.835Z,1777976334817,v1
0,low_risk,no_action,0,No action,2026-05-05T10:18:54.835Z,1777976334817,v1
0.01,low_risk,no_action,0,No action,2026-05-05T10:18:54.835Z,1777976334817,v1
0.04,low_risk,no_action,0,No action,2026-05-05T10:18:54.835Z,1777976334817,v1
0,low_risk,no_action,0,No action,2026-05-05T10:18:54.835Z,1777976334817,v1
0,low_risk,no_action,0,No action,2026-05-05T10:18:54.835Z,1777976334817,v1
0.01,low_risk,no_action,0,No action,2026-05-05T10:18:54.835Z,1777976334817,v1
0,low_risk,no_action,0,No action,2026-05-05T10:18:54.835Z,1777976334817,v1
0,low_risk,no_action,0,No action,2026-05-05T10:18:54.835Z,1777976334817,v1
0.99,high_risk,premium_retention_offer,68.8,Send premium retention offer,2026-05-05T10:18:54.835Z,1777976334817,v1
0.01,low_risk,no_action,0,No action,2026-05-05T10:18:54.835Z,1777976334817,v1
0,low_risk,no_action,0,No action,2026-05-05T10:18:54.835Z,1777976334817,v1
0,low_risk,no_action,0,No action,2026-05-05T10:18:54.835Z,1777976334817,v1
0,low_risk,no_action,0,No action,2026-05-05T10:18:54.835Z,1777976334817,v1
0,low_risk,no_action,0,No action,2026-05-05T10:18:54.835Z,1777976334817,v1
1,high_risk,premium_retention_offer,70,Send premium retention offer,2026-05-05T10:18:54.835Z,1777976334817,v1
0,low_risk,no_action,0,No action,2026-05-05T10:18:54.835Z,1777976334817,v1
0,low_risk,no_action,0,No action,2026-05-05T10:18:54.835Z,1777976334817,v1
0,low_risk,no_action,0,No action,2026-05-05T10:18:54.835Z,1777976334817,v1
1,high_risk,premium_retention_offer,70,Send premium retention offer,2026-05-05T10:18:54.835Z,1777976334817,v1
0,low_risk,no_action,0,No action,2026-05-05T10:18:54.835Z,1777976334817,v1
0,low_risk,no_action,0,No action,2026-05-05T10:18:54.835Z,1777976334817,v1
1,high_risk,premium_retention_offer,70,Send premium retention offer,2026-05-05T10:18:54.835Z,1777976334817,v1
1,high_risk,premium_retention_offer,70,Send premium retention offer,2026-05-05T10:18:54.835Z,1777976334817,v1
0,low_risk,no_action,0,No action,2026-05-05T10:18:54.835Z,1777976334817,v1
0,low_risk,no_action,0,No action,2026-05-05T10:18:54.835Z,1777976334817,v1
0,low_risk,no_action,0,No action,2026-05-05T10:18:54.835Z,1777976334817,v1
0.03,low_risk,no_action,0,No action,2026-05-05T10:18:54.835Z,1777976334817,v1
0,low_risk,no_action,0,No action,2026-05-05T10:18:54.835Z,1777976334817,v1
1,high_risk,premium_retention_offer,70,Send premium retention offer,2026-05-05T10:18:54.835Z,1777976334817,v1
1,high_risk,premium_retention_offer,70,Send premium retention offer,2026-05-05T10:18:54.835Z,1777976334817,v1
0,low_risk,no_action,0,No action,2026-05-05T10:18:54.835Z,1777976334817,v1
0.02,low_risk,no_action,0,No action,2026-05-05T10:18:54.835Z,1777976334817,v1
0,low_risk,no_action,0,No action,2026-05-05T10:18:54.835Z,1777976334817,v1
0,low_risk,no_action,0,No action,2026-05-05T10:18:54.835Z,1777976334817,v1
0,low_risk,no_action,0,No action,2026-05-05T10:18:54.835Z,1777976334817,v1
0,low_risk,no_action,0,No action,2026-05-05T10:18:54.835Z,1777976334817,v1
1,high_risk,premium_retention_offer,70,Send premium retention offer,2026-05-05T10:18:54.835Z,1777976334817,v1
0,low_risk,no_action,0,No action,2026-05-05T10:18:54.835Z,1777976334817,v1
0,low_risk,no_action,0,No action,2026-05-05T10:18:54.835Z,1777976334817,v1
1,high_risk,premium_retention_offer,70,Send premium retention offer,2026-05-05T10:18:54.835Z,1777976334817,v1
1,high_risk,premium_retention_offer,70,Send premium retention offer,2026-05-05T10:18:54.835Z,1777976334817,v1
0,low_risk,no_action,0,No action,2026-05-05T10:18:54.835Z,1777976334817,v1
0,low_risk,no_action,0,No action,2026-05-05T10:18:54.835Z,1777976334817,v1
0,low_risk,no_action,0,No action,2026-05-05T10:18:54.835Z,1777976334817,v1
0.99,high_risk,premium_retention_offer,68.8,Send premium retention offer,2026-05-05T10:18:54.835Z,1777976334817,v1
0,low_risk,no_action,0,No action,2026-05-05T10:18:54.835Z,1777976334817,v1
1,high_risk,premium_retention_offer,70,Send premium retention offer,2026-05-05T10:18:54.835Z,1777976334817,v1
0,low_risk,no_action,0,No action,2026-05-05T10:18:54.835Z,1777976334817,v1
0,low_risk,no_action,0,No action,2026-05-05T10:18:54.835Z,1777976334817,v1
0,low_risk,no_action,0,No action,2026-05-05T10:18:54.835Z,1777976334817,v1
0,low_risk,no_action,0,No action,2026-05-05T10:18:54.835Z,1777976334817,v1
0,low_risk,no_action,0,No action,2026-05-05T10:18:54.835Z,1777976334817,v1
0.01,low_risk,no_action,0,No action,2026-05-05T10:18:54.835Z,1777976334817,v1
0.95,high_risk,premium_retention_offer,64,Send premium retention offer,2026-05-05T10:18:54.835Z,1777976334817,v1
0,low_risk,no_action,0,No action,2026-05-05T10:18:54.835Z,1777976334817,v1
0,low_risk,no_action,0,No action,2026-05-05T10:18:54.835Z,1777976334817,v1
0,low_risk,no_action,0,No action,2026-05-05T10:18:54.835Z,1777976334817,v1
0.99,high_risk,premium_retention_offer,68.8,Send premium retention offer,2026-05-05T10:18:54.835Z,1777976334817,v1
0,low_risk,no_action,0,No action,2026-05-05T10:18:54.835Z,1777976334817,v1
0.99,high_risk,premium_retention_offer,68.8,Send premium retention offer,2026-05-05T10:18:54.835Z,1777976334817,v1
0,low_risk,no_action,0,No action,2026-05-05T10:18:54.835Z,1777976334817,v1
0,low_risk,no_action,0,No action,2026-05-05T10:18:54.835Z,1777976334817,v1
1,high_risk,premium_retention_offer,70,Send premium retention offer,2026-05-05T10:18:54.835Z,1777976334817,v1
0.01,low_risk,no_action,0,No action,2026-05-05T10:18:54.835Z,1777976334817,v1
0,low_risk,no_action,0,No action,2026-05-05T10:18:54.835Z,1777976334817,v1
0,low_risk,no_action,0,No action,2026-05-05T10:18:54.835Z,1777976334817,v1
0,low_risk,no_action,0,No action,2026-05-05T10:18:54.835Z,1777976334817,v1
0,low_risk,no_action,0,No action,2026-05-05T10:18:54.835Z,1777976334817,v1
1,high_risk,premium_retention_offer,70,Send premium retention offer,2026-05-05T10:18:54.835Z,1777976334817,v1
0,low_risk,no_action,0,No action,2026-05-05T10:18:54.835Z,1777976334817,v1
0,low_risk,no_action,0,No action,2026-05-05T10:18:54.835Z,1777976334817,v1
0,low_risk,no_action,0,No action,2026-05-05T10:18:54.835Z,1777976334817,v1
1,high_risk,premium_retention_offer,70,Send premium retention offer,2026-05-05T10:18:54.835Z,1777976334817,v1
0,low_risk,no_action,0,No action,2026-05-05T10:18:54.835Z,1777976334817,v1
0,low_risk,no_action,0,No action,2026-05-05T10:18:54.835Z,1777976334817,v1
0,low_risk,no_action,0,No action,2026-05-05T10:18:54.835Z,1777976334817,v1
0.98,high_risk,premium_retention_offer,67.6,Send premium retention offer,2026-05-05T10:18:54.835Z,1777976334817,v1
0,low_risk,no_action,0,No action,2026-05-05T10:18:54.835Z,1777976334817,v1
0,low_risk,no_action,0,No action,2026-05-05T10:18:54.835Z,1777976334817,v1
0,low_risk,no_action,0,No action,2026-05-05T10:18:54.835Z,1777976334817,v1
0,low_risk,no_action,0,No action,2026-05-05T10:18:54.835Z,1777976334817,v1
0,low_risk,no_action,0,No action,2026-05-05T10:18:54.835Z,1777976334817,v1
0,low_risk,no_action,0,No action,2026-05-05T10:18:54.835Z,1777976334817,v1
0,low_risk,no_action,0,No action,2026-05-05T10:18:54.835Z,1777976334817,v1
0,low_risk,no_action,0,No action,2026-05-05T10:18:54.835Z,1777976334817,v1
0,low_risk,no_action,0,No action,2026-05-05T10:18:54.835Z,1777976334817,v1
0,low_risk,no_action,0,No action,2026-05-05T10:18:54.835Z,1777976334817,v1
0,low_risk,no_action,0,No action,2026-05-05T10:18:54.835Z,1777976334817,v1
0.99,high_risk,premium_retention_offer,68.8,Send premium retention offer,2026-05-05T10:18:54.835Z,1777976334817,v1
0,low_risk,no_action,0,No action,2026-05-05T10:18:54.835Z,1777976334817,v1
1,high_risk,premium_retention_offer,70,Send premium retention offer,2026-05-05T10:18:54.835Z,1777976334817,v1
0,low_risk,no_action,0,No action,2026-05-05T10:18:54.835Z,1777976334817,v1
0,low_risk,no_action,0,No action,2026-05-05T10:18:54.835Z,1777976334817,v1
0,low_risk,no_action,0,No action,2026-05-05T10:18:54.835Z,1777976334817,v1
0,low_risk,no_action,0,No action,2026-05-05T10:18:54.835Z,1777976334817,v1
0,low_risk,no_action,0,No action,2026-05-05T10:18:54.835Z,1777976334817,v1
0,low_risk,no_action,0,No action,2026-05-05T10:18:54.835Z,1777976334817,v1
0,low_risk,no_action,0,No action,2026-05-05T10:18:54.835Z,1777976334817,v1
0,low_risk,no_action,0,No action,2026-05-05T10:18:54.835Z,1777976334817,v1
0,low_risk,no_action,0,No action,2026-05-05T10:18:54.835Z,1777976334817,v1
0.01,low_risk,no_action,0,No action,2026-05-05T10:18:54.835Z,1777976334817,v1
0,low_risk,no_action,0,No action,2026-05-05T10:18:54.835Z,1777976334817,v1
0,low_risk,no_action,0,No action,2026-05-05T10:18:54.835Z,1777976334817,v1
1,high_risk,premium_retention_offer,70,Send premium retention offer,2026-05-05T10:18:54.835Z,1777976334817,v1
0,low_risk,no_action,0,No action,2026-05-05T10:18:54.835Z,1777976334817,v1
0.01,low_risk,no_action,0,No action,2026-05-05T10:18:54.835Z,1777976334817,v1
0,low_risk,no_action,0,No action,2026-05-05T10:18:54.835Z,1777976334817,v1
0,low_risk,no_action,0,No action,2026-05-05T10:18:54.835Z,1777976334817,v1
0,low_risk,no_action,0,No action,2026-05-05T10:18:54.835Z,1777976334817,v1
1,high_risk,premium_retention_offer,70,Send premium retention offer,2026-05-05T10:18:54.835Z,1777976334817,v1
1,high_risk,premium_retention_offer,70,Send premium retention offer,2026-05-05T10:18:54.835Z,1777976334817,v1
0.98,high_risk,premium_retention_offer,67.6,Send premium retention offer,2026-05-05T10:18:54.835Z,1777976334817,v1
0.99,high_risk,premium_retention_offer,68.8,Send premium retention offer,2026-05-05T10:18:54.835Z,1777976334817,v1
0.97,high_risk,premium_retention_offer,66.4,Send premium retention offer,2026-05-05T10:18:54.835Z,1777976334817,v1
0,low_risk,no_action,0,No action,2026-05-05T10:18:54.835Z,1777976334817,v1
0,low_risk,no_action,0,No action,2026-05-05T10:18:54.835Z,1777976334817,v1
0,low_risk,no_action,0,No action,2026-05-05T10:18:54.835Z,1777976334817,v1
0,low_risk,no_action,0,No action,2026-05-05T10:18:54.835Z,1777976334817,v1
0,low_risk,no_action,0,No action,2026-05-05T10:18:54.835Z,1777976334817,v1
1,high_risk,premium_retention_offer,70,Send premium retention offer,2026-05-05T10:18:54.835Z,1777976334817,v1
0,low_risk,no_action,0,No action,2026-05-05T10:18:54.835Z,1777976334817,v1
0,low_risk,no_action,0,No action,2026-05-05T10:18:54.835Z,1777976334817,v1
0.98,high_risk,premium_retention_offer,67.6,Send premium retention offer,2026-05-05T10:18:54.835Z,1777976334817,v1
0,low_risk,no_action,0,No action,2026-05-05T10:18:54.835Z,1777976334817,v1
0,low_risk,no_action,0,No action,2026-05-05T10:18:54.835Z,1777976334817,v1
0.02,low_risk,no_action,0,No action,2026-05-05T10:18:54.835Z,1777976334817,v1
0,low_risk,no_action,0,No action,2026-05-05T10:18:54.835Z,1777976334817,v1
0,low_risk,no_action,0,No action,2026-05-05T10:18:54.835Z,1777976334817,v1
0.01,low_risk,no_action,0,No action,2026-05-05T10:18:54.835Z,1777976334817,v1
0.01,low_risk,no_action,0,No action,2026-05-05T10:18:54.835Z,1777976334817,v1
0.01,low_risk,no_action,0,No action,2026-05-05T10:18:54.835Z,1777976334817,v1
0,low_risk,no_action,0,No action,2026-05-05T10:18:54.835Z,1777976334817,v1
0,low_risk,no_action,0,No action,2026-05-05T10:18:54.835Z,1777976334817,v1
0,low_risk,no_action,0,No action,2026-05-05T10:18:54.835Z,1777976334817,v1
0,low_risk,no_action,0,No action,2026-05-05T10:18:54.835Z,1777976334817,v1
0,low_risk,no_action,0,No action,2026-05-05T10:18:54.835Z,1777976334817,v1
0,low_risk,no_action,0,No action,2026-05-05T10:18:54.835Z,1777976334817,v1
1,high_risk,premium_retention_offer,70,Send premium retention offer,2026-05-05T10:18:54.835Z,1777976334817,v1
0,low_risk,no_action,0,No action,2026-05-05T10:18:54.835Z,1777976334817,v1
0,low_risk,no_action,0,No action,2026-05-05T10:18:54.835Z,1777976334817,v1
1,high_risk,premium_retention_offer,70,Send premium retention offer,2026-05-05T10:18:54.835Z,1777976334817,v1
0,low_risk,no_action,0,No action,2026-05-05T10:18:54.835Z,1777976334817,v1
0,low_risk,no_action,0,No action,2026-05-05T10:18:54.835Z,1777976334817,v1
0,low_risk,no_action,0,No action,2026-05-05T10:18:54.835Z,1777976334817,v1
0,low_risk,no_action,0,No action,2026-05-05T10:18:54.835Z,1777976334817,v1
0,low_risk,no_action,0,No action,2026-05-05T10:18:54.835Z,1777976334817,v1
1,high_risk,premium_retention_offer,70,Send premium retention offer,2026-05-05T10:18:54.835Z,1777976334817,v1
0,low_risk,no_action,0,No action,2026-05-05T10:18:54.835Z,1777976334817,v1
0,low_risk,no_action,0,No action,2026-05-05T10:18:54.835Z,1777976334817,v1
0,low_risk,no_action,0,No action,2026-05-05T10:18:54.835Z,1777976334817,v1
1,high_risk,premium_retention_offer,70,Send premium retention offer,2026-05-05T10:18:54.835Z,1777976334817,v1
0,low_risk,no_action,0,No action,2026-05-05T10:18:54.835Z,1777976334817,v1
0,low_risk,no_action,0,No action,2026-05-05T10:18:54.835Z,1777976334817,v1
0,low_risk,no_action,0,No action,2026-05-05T10:18:54.835Z,1777976334817,v1
0.01,low_risk,no_action,0,No action,2026-05-05T10:18:54.835Z,1777976334817,v1
0,low_risk,no_action,0,No action,2026-05-05T10:18:54.835Z,1777976334817,v1
0,low_risk,no_action,0,No action,2026-05-05T10:18:54.835Z,1777976334817,v1
0.99,high_risk,premium_retention_offer,68.8,Send premium retention offer,2026-05-05T10:18:54.835Z,1777976334817,v1
0.01,low_risk,no_action,0,No action,2026-05-05T10:18:54.835Z,1777976334817,v1
0,low_risk,no_action,0,No action,2026-05-05T10:18:54.835Z,1777976334817,v1
0,low_risk,no_action,0,No action,2026-05-05T10:18:54.835Z,1777976334817,v1
0,low_risk,no_action,0,No action,2026-05-05T10:18:54.835Z,1777976334817,v1
0,low_risk,no_action,0,No action,2026-05-05T10:18:54.835Z,1777976334817,v1
0,low_risk,no_action,0,No action,2026-05-05T10:18:54.835Z,1777976334817,v1
0,low_risk,no_action,0,No action,2026-05-05T10:18:54.835Z,1777976334817,v1
0.01,low_risk,no_action,0,No action,2026-05-05T10:18:54.835Z,1777976334817,v1
0,low_risk,no_action,0,No action,2026-05-05T10:18:54.835Z,1777976334817,v1
0,low_risk,no_action,0,No action,2026-05-05T10:18:54.835Z,1777976334817,v1
0.02,low_risk,no_action,0,No action,2026-05-05T10:18:54.835Z,1777976334817,v1
0,low_risk,no_action,0,No action,2026-05-05T10:18:54.835Z,1777976334817,v1
0,low_risk,no_action,0,No action,2026-05-05T10:18:54.835Z,1777976334817,v1
0,low_risk,no_action,0,No action,2026-05-05T10:18:54.835Z,1777976334817,v1
0,low_risk,no_action,0,No action,2026-05-05T10:18:54.835Z,1777976334817,v1
0,low_risk,no_action,0,No action,2026-05-05T10:18:54.835Z,1777976334817,v1
0,low_risk,no_action,0,No action,2026-05-05T10:18:54.835Z,1777976334817,v1
0,low_risk,no_action,0,No action,2026-05-05T10:18:54.835Z,1777976334817,v1
0,low_risk,no_action,0,No action,2026-05-05T10:18:54.835Z,1777976334817,v1
0,low_risk,no_action,0,No action,2026-05-05T10:18:54.835Z,1777976334817,v1
0,low_risk,no_action,0,No action,2026-05-05T10:18:54.835Z,1777976334817,v1
0.99,high_risk,premium_retention_offer,68.8,Send premium retention offer,2026-05-05T10:18:54.835Z,1777976334817,v1
0,low_risk,no_action,0,No action,2026-05-05T10:18:54.835Z,1777976334817,v1
0,low_risk,no_action,0,No action,2026-05-05T10:18:54.835Z,1777976334817,v1
0,low_risk,no_action,0,No action,2026-05-05T10:18:54.835Z,1777976334817,v1
1,high_risk,premium_retention_offer,70,Send premium retention offer,2026-05-05T10:18:54.835Z,1777976334817,v1
0,low_risk,no_action,0,No action,2026-05-05T10:18:54.835Z,1777976334817,v1
0,low_risk,no_action,0,No action,2026-05-05T10:18:54.835Z,1777976334817,v1
0,low_risk,no_action,0,No action,2026-05-05T10:18:54.835Z,1777976334817,v1
0.98,high_risk,premium_retention_offer,67.6,Send premium retention offer,2026-05-05T10:18:54.835Z,1777976334817,v1
0,low_risk,no_action,0,No action,2026-05-05T10:18:54.835Z,1777976334817,v1
0,low_risk,no_action,0,No action,2026-05-05T10:18:54.835Z,1777976334817,v1
1,high_risk,premium_retention_offer,70,Send premium retention offer,2026-05-05T10:18:54.835Z,1777976334817,v1
1,high_risk,premium_retention_offer,70,Send premium retention offer,2026-05-05T10:18:54.835Z,1777976334817,v1
0,low_risk,no_action,0,No action,2026-05-05T10:18:54.835Z,1777976334817,v1
0,low_risk,no_action,0,No action,2026-05-05T10:18:54.835Z,1777976334817,v1
1,high_risk,premium_retention_offer,70,Send premium retention offer,2026-05-05T10:18:54.835Z,1777976334817,v1
0,low_risk,no_action,0,No action,2026-05-05T10:18:54.835Z,1777976334817,v1
0,low_risk,no_action,0,No action,2026-05-05T10:18:54.836Z,1777976334817,v1
0,low_risk,no_action,0,No action,2026-05-05T10:18:54.836Z,1777976334817,v1
0.98,high_risk,premium_retention_offer,67.6,Send premium retention offer,2026-05-05T10:18:54.836Z,1777976334817,v1
1,high_risk,premium_retention_offer,70,Send premium retention offer,2026-05-05T10:18:54.836Z,1777976334817,v1
0,low_risk,no_action,0,No action,2026-05-05T10:18:54.836Z,1777976334817,v1
0,low_risk,no_action,0,No action,2026-05-05T10:18:54.836Z,1777976334817,v1
1,high_risk,premium_retention_offer,70,Send premium retention offer,2026-05-05T10:18:54.836Z,1777976334817,v1
0,low_risk,no_action,0,No action,2026-05-05T10:18:54.836Z,1777976334817,v1
1,high_risk,premium_retention_offer,70,Send premium retention offer,2026-05-05T10:18:54.836Z,1777976334817,v1
1,high_risk,premium_retention_offer,70,Send premium retention offer,2026-05-05T10:18:54.836Z,1777976334817,v1
0,low_risk,no_action,0,No action,2026-05-05T10:18:54.836Z,1777976334817,v1
0,low_risk,no_action,0,No action,2026-05-05T10:18:54.836Z,1777976334817,v1
0.01,low_risk,no_action,0,No action,2026-05-05T10:18:54.836Z,1777976334817,v1
0,low_risk,no_action,0,No action,2026-05-05T10:18:54.836Z,1777976334817,v1
0,low_risk,no_action,0,No action,2026-05-05T10:18:54.836Z,1777976334817,v1
0,low_risk,no_action,0,No action,2026-05-05T10:18:54.836Z,1777976334817,v1
0,low_risk,no_action,0,No action,2026-05-05T10:18:54.836Z,1777976334817,v1
0,low_risk,no_action,0,No action,2026-05-05T10:18:54.836Z,1777976334817,v1
0,low_risk,no_action,0,No action,2026-05-05T10:18:54.836Z,1777976334817,v1
0,low_risk,no_action,0,No action,2026-05-05T10:18:54.836Z,1777976334817,v1
1,high_risk,premium_retention_offer,70,Send premium retention offer,2026-05-05T10:18:54.836Z,1777976334817,v1
0,low_risk,no_action,0,No action,2026-05-05T10:18:54.836Z,1777976334817,v1
1,high_risk,premium_retention_offer,70,Send premium retention offer,2026-05-05T10:18:54.836Z,1777976334817,v1
0,low_risk,no_action,0,No action,2026-05-05T10:18:54.836Z,1777976334817,v1
0.01,low_risk,no_action,0,No action,2026-05-05T10:18:54.836Z,1777976334817,v1
0.98,high_risk,premium_retention_offer,67.6,Send premium retention offer,2026-05-05T10:18:54.836Z,1777976334817,v1
0.01,low_risk,no_action,0,No action,2026-05-05T10:18:54.836Z,1777976334817,v1
0,low_risk,no_action,0,No action,2026-05-05T10:18:54.836Z,1777976334817,v1
0,low_risk,no_action,0,No action,2026-05-05T10:18:54.836Z,1777976334817,v1
0,low_risk,no_action,0,No action,2026-05-05T10:18:54.836Z,1777976334817,v1
0,low_risk,no_action,0,No action,2026-05-05T10:18:54.836Z,1777976334817,v1
0,low_risk,no_action,0,No action,2026-05-05T10:18:54.836Z,1777976334817,v1
0,low_risk,no_action,0,No action,2026-05-05T10:18:54.836Z,1777976334817,v1
0,low_risk,no_action,0,No action,2026-05-05T10:18:54.836Z,1777976334817,v1
0.01,low_risk,no_action,0,No action,2026-05-05T10:18:54.836Z,1777976334817,v1
0,low_risk,no_action,0,No action,2026-05-05T10:18:54.836Z,1777976334817,v1
0,low_risk,no_action,0,No action,2026-05-05T10:18:54.836Z,1777976334817,v1
0,low_risk,no_action,0,No action,2026-05-05T10:18:54.836Z,1777976334817,v1
0,low_risk,no_action,0,No action,2026-05-05T10:18:54.836Z,1777976334817,v1
0,low_risk,no_action,0,No action,2026-05-05T10:18:54.836Z,1777976334817,v1
0,low_risk,no_action,0,No action,2026-05-05T10:18:54.836Z,1777976334817,v1
0,low_risk,no_action,0,No action,2026-05-05T10:18:54.836Z,1777976334817,v1
0,low_risk,no_action,0,No action,2026-05-05T10:18:54.836Z,1777976334817,v1
1,high_risk,premium_retention_offer,70,Send premium retention offer,2026-05-05T10:18:54.836Z,1777976334817,v1
0,low_risk,no_action,0,No action,2026-05-05T10:18:54.836Z,1777976334817,v1
0,low_risk,no_action,0,No action,2026-05-05T10:18:54.836Z,1777976334817,v1
0,low_risk,no_action,0,No action,2026-05-05T10:18:54.836Z,1777976334817,v1
0,low_risk,no_action,0,No action,2026-05-05T10:18:54.836Z,1777976334817,v1
0,low_risk,no_action,0,No action,2026-05-05T10:18:54.836Z,1777976334817,v1
0,low_risk,no_action,0,No action,2026-05-05T10:18:54.836Z,1777976334817,v1
0,low_risk,no_action,0,No action,2026-05-05T10:18:54.836Z,1777976334817,v1
0,low_risk,no_action,0,No action,2026-05-05T10:18:54.836Z,1777976334817,v1
0,low_risk,no_action,0,No action,2026-05-05T10:18:54.836Z,1777976334817,v1
0.99,high_risk,premium_retention_offer,68.8,Send premium retention offer,2026-05-05T10:18:54.836Z,1777976334817,v1
0,low_risk,no_action,0,No action,2026-05-05T10:18:54.836Z,1777976334817,v1
0,low_risk,no_action,0,No action,2026-05-05T10:18:54.836Z,1777976334817,v1
0,low_risk,no_action,0,No action,2026-05-05T10:18:54.836Z,1777976334817,v1
0,low_risk,no_action,0,No action,2026-05-05T10:18:54.836Z,1777976334817,v1
0,low_risk,no_action,0,No action,2026-05-05T10:18:54.836Z,1777976334817,v1
0,low_risk,no_action,0,No action,2026-05-05T10:18:54.836Z,1777976334817,v1
0.01,low_risk,no_action,0,No action,2026-05-05T10:18:54.836Z,1777976334817,v1
0,low_risk,no_action,0,No action,2026-05-05T10:18:54.836Z,1777976334817,v1
0,low_risk,no_action,0,No action,2026-05-05T10:18:54.836Z,1777976334817,v1
0,low_risk,no_action,0,No action,2026-05-05T10:18:54.836Z,1777976334817,v1
1,high_risk,premium_retention_offer,70,Send premium retention offer,2026-05-05T10:18:54.836Z,1777976334817,v1
0,low_risk,no_action,0,No action,2026-05-05T10:18:54.836Z,1777976334817,v1
0,low_risk,no_action,0,No action,2026-05-05T10:18:54.836Z,1777976334817,v1
0,low_risk,no_action,0,No action,2026-05-05T10:18:54.836Z,1777976334817,v1
0,low_risk,no_action,0,No action,2026-05-05T10:18:54.836Z,1777976334817,v1
0,low_risk,no_action,0,No action,2026-05-05T10:18:54.836Z,1777976334817,v1
0,low_risk,no_action,0,No action,2026-05-05T10:18:54.836Z,1777976334817,v1
0,low_risk,no_action,0,No action,2026-05-05T10:18:54.836Z,1777976334817,v1
0,low_risk,no_action,0,No action,2026-05-05T10:18:54.836Z,1777976334817,v1
0,low_risk,no_action,0,No action,2026-05-05T10:18:54.836Z,1777976334817,v1
1,high_risk,premium_retention_offer,70,Send premium retention offer,2026-05-05T10:18:54.836Z,1777976334817,v1
0,low_risk,no_action,0,No action,2026-05-05T10:18:54.836Z,1777976334817,v1
0,low_risk,no_action,0,No action,2026-05-05T10:18:54.836Z,1777976334817,v1
0,low_risk,no_action,0,No action,2026-05-05T10:18:54.836Z,1777976334817,v1
0.01,low_risk,no_action,0,No action,2026-05-05T10:18:54.836Z,1777976334817,v1
0,low_risk,no_action,0,No action,2026-05-05T10:18:54.836Z,1777976334817,v1
0,low_risk,no_action,0,No action,2026-05-05T10:18:54.836Z,1777976334817,v1
0,low_risk,no_action,0,No action,2026-05-05T10:18:54.836Z,1777976334817,v1
0,low_risk,no_action,0,No action,2026-05-05T10:18:54.836Z,1777976334817,v1
0,low_risk,no_action,0,No action,2026-05-05T10:18:54.836Z,1777976334817,v1
0,low_risk,no_action,0,No action,2026-05-05T10:18:54.836Z,1777976334817,v1
0,low_risk,no_action,0,No action,2026-05-05T10:18:54.836Z,1777976334817,v1
0,low_risk,no_action,0,No action,2026-05-05T10:18:54.836Z,1777976334817,v1
1,high_risk,premium_retention_offer,70,Send premium retention offer,2026-05-05T10:18:54.836Z,1777976334817,v1
0,low_risk,no_action,0,No action,2026-05-05T10:18:54.836Z,1777976334817,v1
0,low_risk,no_action,0,No action,2026-05-05T10:18:54.836Z,1777976334817,v1
0,low_risk,no_action,0,No action,2026-05-05T10:18:54.836Z,1777976334817,v1
0,low_risk,no_action,0,No action,2026-05-05T10:18:54.836Z,1777976334817,v1
0,low_risk,no_action,0,No action,2026-05-05T10:18:54.836Z,1777976334817,v1
0,low_risk,no_action,0,No action,2026-05-05T10:18:54.836Z,1777976334817,v1
0,low_risk,no_action,0,No action,2026-05-05T10:18:54.836Z,1777976334817,v1
0,low_risk,no_action,0,No action,2026-05-05T10:18:54.836Z,1777976334817,v1
0,low_risk,no_action,0,No action,2026-05-05T10:18:54.836Z,1777976334817,v1
0,low_risk,no_action,0,No action,2026-05-05T10:18:54.836Z,1777976334817,v1
0,low_risk,no_action,0,No action,2026-05-05T10:18:54.836Z,1777976334817,v1
0.98,high_risk,premium_retention_offer,67.6,Send premium retention offer,2026-05-05T10:18:54.836Z,1777976334817,v1
0,low_risk,no_action,0,No action,2026-05-05T10:18:54.836Z,1777976334817,v1
0,low_risk,no_action,0,No action,2026-05-05T10:18:54.836Z,1777976334817,v1
1,high_risk,premium_retention_offer,70,Send premium retention offer,2026-05-05T10:18:54.836Z,1777976334817,v1
0,low_risk,no_action,0,No action,2026-05-05T10:18:54.836Z,1777976334817,v1
1,high_risk,premium_retention_offer,70,Send premium retention offer,2026-05-05T10:18:54.836Z,1777976334817,v1
1,high_risk,premium_retention_offer,70,Send premium retention offer,2026-05-05T10:18:54.836Z,1777976334817,v1
0,low_risk,no_action,0,No action,2026-05-05T10:18:54.836Z,1777976334817,v1
0,low_risk,no_action,0,No action,2026-05-05T10:18:54.836Z,1777976334817,v1
0,low_risk,no_action,0,No action,2026-05-05T10:18:54.836Z,1777976334817,v1
1,high_risk,premium_retention_offer,70,Send premium retention offer,2026-05-05T10:18:54.836Z,1777976334817,v1
0,low_risk,no_action,0,No action,2026-05-05T10:18:54.836Z,1777976334817,v1
0.99,high_risk,premium_retention_offer,68.8,Send premium retention offer,2026-05-05T10:18:54.836Z,1777976334817,v1
0,low_risk,no_action,0,No action,2026-05-05T10:18:54.836Z,1777976334817,v1
0,low_risk,no_action,0,No action,2026-05-05T10:18:54.836Z,1777976334817,v1
1,high_risk,premium_retention_offer,70,Send premium retention offer,2026-05-05T10:18:54.836Z,1777976334817,v1
0,low_risk,no_action,0,No action,2026-05-05T10:18:54.836Z,1777976334817,v1
0,low_risk,no_action,0,No action,2026-05-05T10:18:54.836Z,1777976334817,v1
0,low_risk,no_action,0,No action,2026-05-05T10:18:54.836Z,1777976334817,v1
0,low_risk,no_action,0,No action,2026-05-05T10:18:54.836Z,1777976334817,v1
0.01,low_risk,no_action,0,No action,2026-05-05T10:18:54.836Z,1777976334817,v1
1,high_risk,premium_retention_offer,70,Send premium retention offer,2026-05-05T10:18:54.836Z,1777976334817,v1
0,low_risk,no_action,0,No action,2026-05-05T10:18:54.836Z,1777976334817,v1
0,low_risk,no_action,0,No action,2026-05-05T10:18:54.836Z,1777976334817,v1
0,low_risk,no_action,0,No action,2026-05-05T10:18:54.836Z,1777976334817,v1
0,low_risk,no_action,0,No action,2026-05-05T10:18:54.836Z,1777976334817,v1
1,high_risk,premium_retention_offer,70,Send premium retention offer,2026-05-05T10:18:54.836Z,1777976334817,v1
0,low_risk,no_action,0,No action,2026-05-05T10:18:54.836Z,1777976334817,v1
0,low_risk,no_action,0,No action,2026-05-05T10:18:54.836Z,1777976334817,v1
0,low_risk,no_action,0,No action,2026-05-05T10:18:54.836Z,1777976334817,v1
0,low_risk,no_action,0,No action,2026-05-05T10:18:54.836Z,1777976334817,v1
0,low_risk,no_action,0,No action,2026-05-05T10:18:54.836Z,1777976334817,v1
0,low_risk,no_action,0,No action,2026-05-05T10:18:54.836Z,1777976334817,v1
0,low_risk,no_action,0,No action,2026-05-05T10:18:54.836Z,1777976334817,v1
0,low_risk,no_action,0,No action,2026-05-05T10:18:54.836Z,1777976334817,v1
0,low_risk,no_action,0,No action,2026-05-05T10:18:54.836Z,1777976334817,v1
0,low_risk,no_action,0,No action,2026-05-05T10:18:54.836Z,1777976334817,v1
0,low_risk,no_action,0,No action,2026-05-05T10:18:54.836Z,1777976334817,v1
0.01,low_risk,no_action,0,No action,2026-05-05T10:18:54.836Z,1777976334817,v1
0.06,low_risk,no_action,0,No action,2026-05-05T10:18:54.836Z,1777976334817,v1
0,low_risk,no_action,0,No action,2026-05-05T10:18:54.836Z,1777976334817,v1
0,low_risk,no_action,0,No action,2026-05-05T10:18:54.836Z,1777976334817,v1
0.01,low_risk,no_action,0,No action,2026-05-05T10:18:54.836Z,1777976334817,v1
0,low_risk,no_action,0,No action,2026-05-05T10:18:54.836Z,1777976334817,v1
0,low_risk,no_action,0,No action,2026-05-05T10:18:54.836Z,1777976334817,v1
1,high_risk,premium_retention_offer,70,Send premium retention offer,2026-05-05T10:18:54.836Z,1777976334817,v1
1,high_risk,premium_retention_offer,70,Send premium retention offer,2026-05-05T10:18:54.836Z,1777976334817,v1
0,low_risk,no_action,0,No action,2026-05-05T10:18:54.836Z,1777976334817,v1
0.99,high_risk,premium_retention_offer,68.8,Send premium retention offer,2026-05-05T10:18:54.836Z,1777976334817,v1
0,low_risk,no_action,0,No action,2026-05-05T10:18:54.836Z,1777976334817,v1
0.01,low_risk,no_action,0,No action,2026-05-05T10:18:54.836Z,1777976334817,v1
0,low_risk,no_action,0,No action,2026-05-05T10:18:54.836Z,1777976334817,v1
0,low_risk,no_action,0,No action,2026-05-05T10:18:54.836Z,1777976334817,v1
0,low_risk,no_action,0,No action,2026-05-05T10:18:54.836Z,1777976334817,v1
0,low_risk,no_action,0,No action,2026-05-05T10:18:54.836Z,1777976334817,v1
0,low_risk,no_action,0,No action,2026-05-05T10:18:54.836Z,1777976334817,v1
0.98,high_risk,premium_retention_offer,67.6,Send premium retention offer,2026-05-05T10:18:54.836Z,1777976334817,v1
0,low_risk,no_action,0,No action,2026-05-05T10:18:54.836Z,1777976334817,v1
0,low_risk,no_action,0,No action,2026-05-05T10:18:54.836Z,1777976334817,v1
1,high_risk,premium_retention_offer,70,Send premium retention offer,2026-05-05T10:18:54.836Z,1777976334817,v1
0,low_risk,no_action,0,No action,2026-05-05T10:18:54.836Z,1777976334817,v1
0,low_risk,no_action,0,No action,2026-05-05T10:18:54.836Z,1777976334817,v1
0,low_risk,no_action,0,No action,2026-05-05T10:18:54.836Z,1777976334817,v1
0,low_risk,no_action,0,No action,2026-05-05T10:18:54.836Z,1777976334817,v1
1,high_risk,premium_retention_offer,70,Send premium retention offer,2026-05-05T10:18:54.836Z,1777976334817,v1
0.98,high_risk,premium_retention_offer,67.6,Send premium retention offer,2026-05-05T10:18:54.836Z,1777976334817,v1
0,low_risk,no_action,0,No action,2026-05-05T10:18:54.836Z,1777976334817,v1
0,low_risk,no_action,0,No action,2026-05-05T10:18:54.836Z,1777976334817,v1
0,low_risk,no_action,0,No action,2026-05-05T10:18:54.836Z,1777976334817,v1
0,low_risk,no_action,0,No action,2026-05-05T10:18:54.836Z,1777976334817,v1
0.01,low_risk,no_action,0,No action,2026-05-05T10:18:54.836Z,1777976334817,v1
0,low_risk,no_action,0,No action,2026-05-05T10:18:54.836Z,1777976334817,v1
0.01,low_risk,no_action,0,No action,2026-05-05T10:18:54.836Z,1777976334817,v1
1,high_risk,premium_retention_offer,70,Send premium retention offer,2026-05-05T10:18:54.836Z,1777976334817,v1
0.01,low_risk,no_action,0,No action,2026-05-05T10:18:54.836Z,1777976334817,v1
0,low_risk,no_action,0,No action,2026-05-05T10:18:54.836Z,1777976334817,v1
0,low_risk,no_action,0,No action,2026-05-05T10:18:54.836Z,1777976334817,v1
0,low_risk,no_action,0,No action,2026-05-05T10:18:54.836Z,1777976334817,v1
0,low_risk,no_action,0,No action,2026-05-05T10:18:54.836Z,1777976334817,v1
0.01,low_risk,no_action,0,No action,2026-05-05T10:18:54.836Z,1777976334817,v1
0,low_risk,no_action,0,No action,2026-05-05T10:18:54.836Z,1777976334817,v1
0,low_risk,no_action,0,No action,2026-05-05T10:18:54.836Z,1777976334817,v1
1,high_risk,premium_retention_offer,70,Send premium retention offer,2026-05-05T10:18:54.836Z,1777976334817,v1
0,low_risk,no_action,0,No action,2026-05-05T10:18:54.836Z,1777976334817,v1
0,low_risk,no_action,0,No action,2026-05-05T10:18:54.836Z,1777976334817,v1
0,low_risk,no_action,0,No action,2026-05-05T10:18:54.836Z,1777976334817,v1
0,low_risk,no_action,0,No action,2026-05-05T10:18:54.836Z,1777976334817,v1
0,low_risk,no_action,0,No action,2026-05-05T10:18:54.836Z,1777976334817,v1
0,low_risk,no_action,0,No action,2026-05-05T10:18:54.836Z,1777976334817,v1
0,low_risk,no_action,0,No action,2026-05-05T10:18:54.836Z,1777976334817,v1
1,high_risk,premium_retention_offer,70,Send premium retention offer,2026-05-05T10:18:54.836Z,1777976334817,v1
0.01,low_risk,no_action,0,No action,2026-05-05T10:18:54.836Z,1777976334817,v1
0,low_risk,no_action,0,No action,2026-05-05T10:18:54.836Z,1777976334817,v1
0,low_risk,no_action,0,No action,2026-05-05T10:18:54.836Z,1777976334817,v1
1,high_risk,premium_retention_offer,70,Send premium retention offer,2026-05-05T10:18:54.836Z,1777976334817,v1
0,low_risk,no_action,0,No action,2026-05-05T10:18:54.836Z,1777976334817,v1
0.01,low_risk,no_action,0,No action,2026-05-05T10:18:54.836Z,1777976334817,v1
0.04,low_risk,no_action,0,No action,2026-05-05T10:18:54.836Z,1777976334817,v1
0,low_risk,no_action,0,No action,2026-05-05T10:18:54.836Z,1777976334817,v1
0,low_risk,no_action,0,No action,2026-05-05T10:18:54.836Z,1777976334817,v1
0.99,high_risk,premium_retention_offer,68.8,Send premium retention offer,2026-05-05T10:18:54.836Z,1777976334817,v1
0,low_risk,no_action,0,No action,2026-05-05T10:18:54.836Z,1777976334817,v1
0.02,low_risk,no_action,0,No action,2026-05-05T10:18:54.836Z,1777976334817,v1
1,high_risk,premium_retention_offer,70,Send premium retention offer,2026-05-05T10:18:54.836Z,1777976334817,v1
0,low_risk,no_action,0,No action,2026-05-05T10:18:54.836Z,1777976334817,v1
0,low_risk,no_action,0,No action,2026-05-05T10:18:54.836Z,1777976334817,v1
0,low_risk,no_action,0,No action,2026-05-05T10:18:54.836Z,1777976334817,v1
0.01,low_risk,no_action,0,No action,2026-05-05T10:18:54.836Z,1777976334817,v1
0,low_risk,no_action,0,No action,2026-05-05T10:18:54.836Z,1777976334817,v1
0,low_risk,no_action,0,No action,2026-05-05T10:18:54.836Z,1777976334817,v1
0,low_risk,no_action,0,No action,2026-05-05T10:18:54.836Z,1777976334817,v1
0,low_risk,no_action,0,No action,2026-05-05T10:18:54.836Z,1777976334817,v1
0,low_risk,no_action,0,No action,2026-05-05T10:18:54.836Z,1777976334817,v1
0,low_risk,no_action,0,No action,2026-05-05T10:18:54.836Z,1777976334817,v1
0,low_risk,no_action,0,No action,2026-05-05T10:18:54.836Z,1777976334817,v1
0.99,high_risk,premium_retention_offer,68.8,Send premium retention offer,2026-05-05T10:18:54.836Z,1777976334817,v1
0,low_risk,no_action,0,No action,2026-05-05T10:18:54.836Z,1777976334817,v1
0,low_risk,no_action,0,No action,2026-05-05T10:18:54.836Z,1777976334817,v1
0,low_risk,no_action,0,No action,2026-05-05T10:18:54.836Z,1777976334817,v1
0,low_risk,no_action,0,No action,2026-05-05T10:18:54.836Z,1777976334817,v1
0,low_risk,no_action,0,No action,2026-05-05T10:18:54.836Z,1777976334817,v1
0,low_risk,no_action,0,No action,2026-05-05T10:18:54.836Z,1777976334817,v1
0,low_risk,no_action,0,No action,2026-05-05T10:18:54.836Z,1777976334817,v1
0,low_risk,no_action,0,No action,2026-05-05T10:18:54.836Z,1777976334817,v1
0,low_risk,no_action,0,No action,2026-05-05T10:18:54.836Z,1777976334817,v1
0.02,low_risk,no_action,0,No action,2026-05-05T10:18:54.836Z,1777976334817,v1
0,low_risk,no_action,0,No action,2026-05-05T10:18:54.836Z,1777976334817,v1
0.99,high_risk,premium_retention_offer,68.8,Send premium retention offer,2026-05-05T10:18:54.836Z,1777976334817,v1
0,low_risk,no_action,0,No action,2026-05-05T10:18:54.836Z,1777976334817,v1
1,high_risk,premium_retention_offer,70,Send premium retention offer,2026-05-05T10:18:54.836Z,1777976334817,v1
0,low_risk,no_action,0,No action,2026-05-05T10:18:54.836Z,1777976334817,v1
0,low_risk,no_action,0,No action,2026-05-05T10:18:54.836Z,1777976334817,v1
1,high_risk,premium_retention_offer,70,Send premium retention offer,2026-05-05T10:18:54.836Z,1777976334817,v1
0,low_risk,no_action,0,No action,2026-05-05T10:18:54.836Z,1777976334817,v1
0.99,high_risk,premium_retention_offer,68.8,Send premium retention offer,2026-05-05T10:18:54.836Z,1777976334817,v1
0,low_risk,no_action,0,No action,2026-05-05T10:18:54.836Z,1777976334817,v1
0.99,high_risk,premium_retention_offer,68.8,Send premium retention offer,2026-05-05T10:18:54.836Z,1777976334817,v1
0,low_risk,no_action,0,No action,2026-05-05T10:18:54.836Z,1777976334817,v1
0,low_risk,no_action,0,No action,2026-05-05T10:18:54.836Z,1777976334817,v1
0,low_risk,no_action,0,No action,2026-05-05T10:18:54.836Z,1777976334817,v1
1,high_risk,premium_retention_offer,70,Send premium retention offer,2026-05-05T10:18:54.836Z,1777976334817,v1
0,low_risk,no_action,0,No action,2026-05-05T10:18:54.836Z,1777976334817,v1
0,low_risk,no_action,0,No action,2026-05-05T10:18:54.836Z,1777976334817,v1
0,low_risk,no_action,0,No action,2026-05-05T10:18:54.836Z,1777976334817,v1
0.01,low_risk,no_action,0,No action,2026-05-05T10:18:54.836Z,1777976334817,v1
0,low_risk,no_action,0,No action,2026-05-05T10:18:54.836Z,1777976334817,v1
0,low_risk,no_action,0,No action,2026-05-05T10:18:54.836Z,1777976334817,v1
0,low_risk,no_action,0,No action,2026-05-05T10:18:54.836Z,1777976334817,v1
0,low_risk,no_action,0,No action,2026-05-05T10:18:54.836Z,1777976334817,v1
0,low_risk,no_action,0,No action,2026-05-05T10:18:54.836Z,1777976334817,v1
0,low_risk,no_action,0,No action,2026-05-05T10:18:54.836Z,1777976334817,v1
0,low_risk,no_action,0,No action,2026-05-05T10:18:54.836Z,1777976334817,v1
0,low_risk,no_action,0,No action,2026-05-05T10:18:54.836Z,1777976334817,v1
0,low_risk,no_action,0,No action,2026-05-05T10:18:54.836Z,1777976334817,v1
0,low_risk,no_action,0,No action,2026-05-05T10:18:54.836Z,1777976334817,v1
1,high_risk,premium_retention_offer,70,Send premium retention offer,2026-05-05T10:18:54.836Z,1777976334817,v1
0,low_risk,no_action,0,No action,2026-05-05T10:18:54.836Z,1777976334817,v1
0,low_risk,no_action,0,No action,2026-05-05T10:18:54.836Z,1777976334817,v1
0,low_risk,no_action,0,No action,2026-05-05T10:18:54.836Z,1777976334817,v1
0,low_risk,no_action,0,No action,2026-05-05T10:18:54.836Z,1777976334817,v1
0,low_risk,no_action,0,No action,2026-05-05T10:18:54.836Z,1777976334817,v1
0.01,low_risk,no_action,0,No action,2026-05-05T10:18:54.836Z,1777976334817,v1
0.98,high_risk,premium_retention_offer,67.6,Send premium retention offer,2026-05-05T10:18:54.836Z,1777976334817,v1
0,low_risk,no_action,0,No action,2026-05-05T10:18:54.836Z,1777976334817,v1
0,low_risk,no_action,0,No action,2026-05-05T10:18:54.836Z,1777976334817,v1
0,low_risk,no_action,0,No action,2026-05-05T10:18:54.836Z,1777976334817,v1
1,high_risk,premium_retention_offer,70,Send premium retention offer,2026-05-05T10:18:54.836Z,1777976334817,v1
1,high_risk,premium_retention_offer,70,Send premium retention offer,2026-05-05T10:18:54.836Z,1777976334817,v1
0,low_risk,no_action,0,No action,2026-05-05T10:18:54.836Z,1777976334817,v1
0,low_risk,no_action,0,No action,2026-05-05T10:18:54.836Z,1777976334817,v1
0,low_risk,no_action,0,No action,2026-05-05T10:18:54.836Z,1777976334817,v1
1,high_risk,premium_retention_offer,70,Send premium retention offer,2026-05-05T10:18:54.836Z,1777976334817,v1
0,low_risk,no_action,0,No action,2026-05-05T10:18:54.836Z,1777976334817,v1
0,low_risk,no_action,0,No action,2026-05-05T10:18:54.836Z,1777976334817,v1
0,low_risk,no_action,0,No action,2026-05-05T10:18:54.836Z,1777976334817,v1
0,low_risk,no_action,0,No action,2026-05-05T10:18:54.836Z,1777976334817,v1
0.01,low_risk,no_action,0,No action,2026-05-05T10:18:54.836Z,1777976334817,v1
0,low_risk,no_action,0,No action,2026-05-05T10:18:54.836Z,1777976334817,v1
0.97,high_risk,premium_retention_offer,66.4,Send premium retention offer,2026-05-05T10:18:54.836Z,1777976334817,v1
0,low_risk,no_action,0,No action,2026-05-05T10:18:54.836Z,1777976334817,v1
0,low_risk,no_action,0,No action,2026-05-05T10:18:54.836Z,1777976334817,v1
1,high_risk,premium_retention_offer,70,Send premium retention offer,2026-05-05T10:18:54.836Z,1777976334817,v1
0,low_risk,no_action,0,No action,2026-05-05T10:18:54.836Z,1777976334817,v1
0.97,high_risk,premium_retention_offer,66.4,Send premium retention offer,2026-05-05T10:18:54.836Z,1777976334817,v1
0,low_risk,no_action,0,No action,2026-05-05T10:18:54.836Z,1777976334817,v1
0,low_risk,no_action,0,No action,2026-05-05T10:18:54.836Z,1777976334817,v1
0,low_risk,no_action,0,No action,2026-05-05T10:18:54.836Z,1777976334817,v1
0,low_risk,no_action,0,No action,2026-05-05T10:18:54.836Z,1777976334817,v1
0,low_risk,no_action,0,No action,2026-05-05T10:18:54.836Z,1777976334817,v1
0,low_risk,no_action,0,No action,2026-05-05T10:18:54.836Z,1777976334817,v1
0,low_risk,no_action,0,No action,2026-05-05T10:18:54.836Z,1777976334817,v1
0,low_risk,no_action,0,No action,2026-05-05T10:18:54.836Z,1777976334817,v1
0,low_risk,no_action,0,No action,2026-05-05T10:18:54.836Z,1777976334817,v1
0,low_risk,no_action,0,No action,2026-05-05T10:18:54.836Z,1777976334817,v1
0,low_risk,no_action,0,No action,2026-05-05T10:18:54.836Z,1777976334817,v1
0,low_risk,no_action,0,No action,2026-05-05T10:18:54.836Z,1777976334817,v1
0,low_risk,no_action,0,No action,2026-05-05T10:18:54.836Z,1777976334817,v1
0,low_risk,no_action,0,No action,2026-05-05T10:18:54.836Z,1777976334817,v1
0,low_risk,no_action,0,No action,2026-05-05T10:18:54.836Z,1777976334817,v1
0,low_risk,no_action,0,No action,2026-05-05T10:18:54.836Z,1777976334817,v1
0.01,low_risk,no_action,0,No action,2026-05-05T10:18:54.836Z,1777976334817,v1
0,low_risk,no_action,0,No action,2026-05-05T10:18:54.836Z,1777976334817,v1
1,high_risk,premium_retention_offer,70,Send premium retention offer,2026-05-05T10:18:54.836Z,1777976334817,v1
0,low_risk,no_action,0,No action,2026-05-05T10:18:54.836Z,1777976334817,v1
0,low_risk,no_action,0,No action,2026-05-05T10:18:54.836Z,1777976334817,v1
0,low_risk,no_action,0,No action,2026-05-05T10:18:54.836Z,1777976334817,v1
0,low_risk,no_action,0,No action,2026-05-05T10:18:54.836Z,1777976334817,v1
0.01,low_risk,no_action,0,No action,2026-05-05T10:18:54.836Z,1777976334817,v1
0,low_risk,no_action,0,No action,2026-05-05T10:18:54.836Z,1777976334817,v1
0,low_risk,no_action,0,No action,2026-05-05T10:18:54.836Z,1777976334817,v1
0,low_risk,no_action,0,No action,2026-05-05T10:18:54.836Z,1777976334817,v1
0,low_risk,no_action,0,No action,2026-05-05T10:18:54.836Z,1777976334817,v1
0,low_risk,no_action,0,No action,2026-05-05T10:18:54.836Z,1777976334817,v1
0.01,low_risk,no_action,0,No action,2026-05-05T10:18:54.836Z,1777976334817,v1
1,high_risk,premium_retention_offer,70,Send premium retention offer,2026-05-05T10:18:54.836Z,1777976334817,v1
0,low_risk,no_action,0,No action,2026-05-05T10:18:54.836Z,1777976334817,v1
1,high_risk,premium_retention_offer,70,Send premium retention offer,2026-05-05T10:18:54.836Z,1777976334817,v1
0,low_risk,no_action,0,No action,2026-05-05T10:18:54.836Z,1777976334817,v1
0,low_risk,no_action,0,No action,2026-05-05T10:18:54.836Z,1777976334817,v1
0,low_risk,no_action,0,No action,2026-05-05T10:18:54.837Z,1777976334817,v1
0,low_risk,no_action,0,No action,2026-05-05T10:18:54.837Z,1777976334817,v1
0,low_risk,no_action,0,No action,2026-05-05T10:18:54.837Z,1777976334817,v1
0.99,high_risk,premium_retention_offer,68.8,Send premium retention offer,2026-05-05T10:18:54.837Z,1777976334817,v1
0,low_risk,no_action,0,No action,2026-05-05T10:18:54.837Z,1777976334817,v1
0,low_risk,no_action,0,No action,2026-05-05T10:18:54.837Z,1777976334817,v1
1,high_risk,premium_retention_offer,70,Send premium retention offer,2026-05-05T10:18:54.837Z,1777976334817,v1
0,low_risk,no_action,0,No action,2026-05-05T10:18:54.837Z,1777976334817,v1
0,low_risk,no_action,0,No action,2026-05-05T10:18:54.837Z,1777976334817,v1
0.99,high_risk,premium_retention_offer,68.8,Send premium retention offer,2026-05-05T10:18:54.837Z,1777976334817,v1
1,high_risk,premium_retention_offer,70,Send premium retention offer,2026-05-05T10:18:54.837Z,1777976334817,v1
0,low_risk,no_action,0,No action,2026-05-05T10:18:54.837Z,1777976334817,v1
0,low_risk,no_action,0,No action,2026-05-05T10:18:54.837Z,1777976334817,v1
0,low_risk,no_action,0,No action,2026-05-05T10:18:54.837Z,1777976334817,v1
0,low_risk,no_action,0,No action,2026-05-05T10:18:54.837Z,1777976334817,v1
0,low_risk,no_action,0,No action,2026-05-05T10:18:54.837Z,1777976334817,v1
0,low_risk,no_action,0,No action,2026-05-05T10:18:54.837Z,1777976334817,v1
0,low_risk,no_action,0,No action,2026-05-05T10:18:54.837Z,1777976334817,v1
0,low_risk,no_action,0,No action,2026-05-05T10:18:54.837Z,1777976334817,v1
0,low_risk,no_action,0,No action,2026-05-05T10:18:54.837Z,1777976334817,v1
0,low_risk,no_action,0,No action,2026-05-05T10:18:54.837Z,1777976334817,v1
0,low_risk,no_action,0,No action,2026-05-05T10:18:54.837Z,1777976334817,v1
0.01,low_risk,no_action,0,No action,2026-05-05T10:18:54.837Z,1777976334817,v1
0,low_risk,no_action,0,No action,2026-05-05T10:18:54.837Z,1777976334817,v1
0.97,high_risk,premium_retention_offer,66.4,Send premium retention offer,2026-05-05T10:18:54.837Z,1777976334817,v1
1,high_risk,premium_retention_offer,70,Send premium retention offer,2026-05-05T10:18:54.837Z,1777976334817,v1
0.99,high_risk,premium_retention_offer,68.8,Send premium retention offer,2026-05-05T10:18:54.837Z,1777976334817,v1
0,low_risk,no_action,0,No action,2026-05-05T10:18:54.837Z,1777976334817,v1
1,high_risk,premium_retention_offer,70,Send premium retention offer,2026-05-05T10:18:54.837Z,1777976334817,v1
0,low_risk,no_action,0,No action,2026-05-05T10:18:54.837Z,1777976334817,v1
1,high_risk,premium_retention_offer,70,Send premium retention offer,2026-05-05T10:18:54.837Z,1777976334817,v1
0,low_risk,no_action,0,No action,2026-05-05T10:18:54.837Z,1777976334817,v1
0,low_risk,no_action,0,No action,2026-05-05T10:18:54.837Z,1777976334817,v1
0,low_risk,no_action,0,No action,2026-05-05T10:18:54.837Z,1777976334817,v1
0,low_risk,no_action,0,No action,2026-05-05T10:18:54.837Z,1777976334817,v1
0.98,high_risk,premium_retention_offer,67.6,Send premium retention offer,2026-05-05T10:18:54.837Z,1777976334817,v1
0.99,high_risk,premium_retention_offer,68.8,Send premium retention offer,2026-05-05T10:18:54.837Z,1777976334817,v1
0.02,low_risk,no_action,0,No action,2026-05-05T10:18:54.837Z,1777976334817,v1
0,low_risk,no_action,0,No action,2026-05-05T10:18:54.837Z,1777976334817,v1
0,low_risk,no_action,0,No action,2026-05-05T10:18:54.837Z,1777976334817,v1
0,low_risk,no_action,0,No action,2026-05-05T10:18:54.837Z,1777976334817,v1
1,high_risk,premium_retention_offer,70,Send premium retention offer,2026-05-05T10:18:54.837Z,1777976334817,v1
0.96,high_risk,premium_retention_offer,65.2,Send premium retention offer,2026-05-05T10:18:54.837Z,1777976334817,v1
0,low_risk,no_action,0,No action,2026-05-05T10:18:54.837Z,1777976334817,v1
0,low_risk,no_action,0,No action,2026-05-05T10:18:54.837Z,1777976334817,v1
0,low_risk,no_action,0,No action,2026-05-05T10:18:54.837Z,1777976334817,v1
0,low_risk,no_action,0,No action,2026-05-05T10:18:54.837Z,1777976334817,v1
1,high_risk,premium_retention_offer,70,Send premium retention offer,2026-05-05T10:18:54.837Z,1777976334817,v1
0,low_risk,no_action,0,No action,2026-05-05T10:18:54.837Z,1777976334817,v1
0,low_risk,no_action,0,No action,2026-05-05T10:18:54.837Z,1777976334817,v1
0.01,low_risk,no_action,0,No action,2026-05-05T10:18:54.837Z,1777976334817,v1
0,low_risk,no_action,0,No action,2026-05-05T10:18:54.837Z,1777976334817,v1
0,low_risk,no_action,0,No action,2026-05-05T10:18:54.837Z,1777976334817,v1
0,low_risk,no_action,0,No action,2026-05-05T10:18:54.837Z,1777976334817,v1
0.98,high_risk,premium_retention_offer,67.6,Send premium retention offer,2026-05-05T10:18:54.837Z,1777976334817,v1
0,low_risk,no_action,0,No action,2026-05-05T10:18:54.837Z,1777976334817,v1
0,low_risk,no_action,0,No action,2026-05-05T10:18:54.837Z,1777976334817,v1
0.01,low_risk,no_action,0,No action,2026-05-05T10:18:54.837Z,1777976334817,v1
0,low_risk,no_action,0,No action,2026-05-05T10:18:54.837Z,1777976334817,v1
0,low_risk,no_action,0,No action,2026-05-05T10:18:54.837Z,1777976334817,v1
0,low_risk,no_action,0,No action,2026-05-05T10:18:54.837Z,1777976334817,v1
0,low_risk,no_action,0,No action,2026-05-05T10:18:54.837Z,1777976334817,v1
0,low_risk,no_action,0,No action,2026-05-05T10:18:54.837Z,1777976334817,v1
0,low_risk,no_action,0,No action,2026-05-05T10:18:54.837Z,1777976334817,v1
0,low_risk,no_action,0,No action,2026-05-05T10:18:54.837Z,1777976334817,v1
0,low_risk,no_action,0,No action,2026-05-05T10:18:54.837Z,1777976334817,v1
0,low_risk,no_action,0,No action,2026-05-05T10:18:54.837Z,1777976334817,v1
0,low_risk,no_action,0,No action,2026-05-05T10:18:54.837Z,1777976334817,v1
0,low_risk,no_action,0,No action,2026-05-05T10:18:54.837Z,1777976334817,v1
0,low_risk,no_action,0,No action,2026-05-05T10:18:54.837Z,1777976334817,v1
1,high_risk,premium_retention_offer,70,Send premium retention offer,2026-05-05T10:18:54.837Z,1777976334817,v1
0,low_risk,no_action,0,No action,2026-05-05T10:18:54.837Z,1777976334817,v1
1,high_risk,premium_retention_offer,70,Send premium retention offer,2026-05-05T10:18:54.837Z,1777976334817,v1
0,low_risk,no_action,0,No action,2026-05-05T10:18:54.837Z,1777976334817,v1
0,low_risk,no_action,0,No action,2026-05-05T10:18:54.837Z,1777976334817,v1
0,low_risk,no_action,0,No action,2026-05-05T10:18:54.837Z,1777976334817,v1
0,low_risk,no_action,0,No action,2026-05-05T10:18:54.837Z,1777976334817,v1
0,low_risk,no_action,0,No action,2026-05-05T10:18:54.837Z,1777976334817,v1
0,low_risk,no_action,0,No action,2026-05-05T10:18:54.837Z,1777976334817,v1
0,low_risk,no_action,0,No action,2026-05-05T10:18:54.837Z,1777976334817,v1
0.01,low_risk,no_action,0,No action,2026-05-05T10:18:54.837Z,1777976334817,v1
0,low_risk,no_action,0,No action,2026-05-05T10:18:54.837Z,1777976334817,v1
0,low_risk,no_action,0,No action,2026-05-05T10:18:54.837Z,1777976334817,v1
0.98,high_risk,premium_retention_offer,67.6,Send premium retention offer,2026-05-05T10:18:54.837Z,1777976334817,v1
0,low_risk,no_action,0,No action,2026-05-05T10:18:54.837Z,1777976334817,v1
0.99,high_risk,premium_retention_offer,68.8,Send premium retention offer,2026-05-05T10:18:54.837Z,1777976334817,v1
0,low_risk,no_action,0,No action,2026-05-05T10:18:54.837Z,1777976334817,v1
0,low_risk,no_action,0,No action,2026-05-05T10:18:54.837Z,1777976334817,v1
0,low_risk,no_action,0,No action,2026-05-05T10:18:54.837Z,1777976334817,v1
0,low_risk,no_action,0,No action,2026-05-05T10:18:54.837Z,1777976334817,v1
0,low_risk,no_action,0,No action,2026-05-05T10:18:54.837Z,1777976334817,v1
0,low_risk,no_action,0,No action,2026-05-05T10:18:54.837Z,1777976334817,v1
0,low_risk,no_action,0,No action,2026-05-05T10:18:54.837Z,1777976334817,v1
0,low_risk,no_action,0,No action,2026-05-05T10:18:54.837Z,1777976334817,v1
1,high_risk,premium_retention_offer,70,Send premium retention offer,2026-05-05T10:18:54.837Z,1777976334817,v1
1,high_risk,premium_retention_offer,70,Send premium retention offer,2026-05-05T10:18:54.837Z,1777976334817,v1
0,low_risk,no_action,0,No action,2026-05-05T10:18:54.837Z,1777976334817,v1
0,low_risk,no_action,0,No action,2026-05-05T10:18:54.837Z,1777976334817,v1
0,low_risk,no_action,0,No action,2026-05-05T10:18:54.837Z,1777976334817,v1
0,low_risk,no_action,0,No action,2026-05-05T10:18:54.837Z,1777976334817,v1
0,low_risk,no_action,0,No action,2026-05-05T10:18:54.837Z,1777976334817,v1
0,low_risk,no_action,0,No action,2026-05-05T10:18:54.837Z,1777976334817,v1
0,low_risk,no_action,0,No action,2026-05-05T10:18:54.837Z,1777976334817,v1
0,low_risk,no_action,0,No action,2026-05-05T10:18:54.837Z,1777976334817,v1
0,low_risk,no_action,0,No action,2026-05-05T10:18:54.837Z,1777976334817,v1
1,high_risk,premium_retention_offer,70,Send premium retention offer,2026-05-05T10:18:54.837Z,1777976334817,v1
1,high_risk,premium_retention_offer,70,Send premium retention offer,2026-05-05T10:18:54.837Z,1777976334817,v1
0,low_risk,no_action,0,No action,2026-05-05T10:18:54.837Z,1777976334817,v1
1,high_risk,premium_retention_offer,70,Send premium retention offer,2026-05-05T10:18:54.837Z,1777976334817,v1
0,low_risk,no_action,0,No action,2026-05-05T10:18:54.837Z,1777976334817,v1
0,low_risk,no_action,0,No action,2026-05-05T10:18:54.837Z,1777976334817,v1
0,low_risk,no_action,0,No action,2026-05-05T10:18:54.837Z,1777976334817,v1
0,low_risk,no_action,0,No action,2026-05-05T10:18:54.837Z,1777976334817,v1
0,low_risk,no_action,0,No action,2026-05-05T10:18:54.837Z,1777976334817,v1
0,low_risk,no_action,0,No action,2026-05-05T10:18:54.837Z,1777976334817,v1
0,low_risk,no_action,0,No action,2026-05-05T10:18:54.837Z,1777976334817,v1
0.97,high_risk,premium_retention_offer,66.4,Send premium retention offer,2026-05-05T10:18:54.837Z,1777976334817,v1
0.01,low_risk,no_action,0,No action,2026-05-05T10:18:54.837Z,1777976334817,v1
0.02,low_risk,no_action,0,No action,2026-05-05T10:18:54.837Z,1777976334817,v1
0,low_risk,no_action,0,No action,2026-05-05T10:18:54.837Z,1777976334817,v1
0,low_risk,no_action,0,No action,2026-05-05T10:18:54.837Z,1777976334817,v1
0,low_risk,no_action,0,No action,2026-05-05T10:18:54.837Z,1777976334817,v1
1,high_risk,premium_retention_offer,70,Send premium retention offer,2026-05-05T10:18:54.837Z,1777976334817,v1
0,low_risk,no_action,0,No action,2026-05-05T10:18:54.837Z,1777976334817,v1
0,low_risk,no_action,0,No action,2026-05-05T10:18:54.837Z,1777976334817,v1
0,low_risk,no_action,0,No action,2026-05-05T10:18:54.837Z,1777976334817,v1
0,low_risk,no_action,0,No action,2026-05-05T10:18:54.837Z,1777976334817,v1
0,low_risk,no_action,0,No action,2026-05-05T10:18:54.837Z,1777976334817,v1
0,low_risk,no_action,0,No action,2026-05-05T10:18:54.837Z,1777976334817,v1
0,low_risk,no_action,0,No action,2026-05-05T10:18:54.837Z,1777976334817,v1
0,low_risk,no_action,0,No action,2026-05-05T10:18:54.837Z,1777976334817,v1
0,low_risk,no_action,0,No action,2026-05-05T10:18:54.837Z,1777976334817,v1
0,low_risk,no_action,0,No action,2026-05-05T10:18:54.837Z,1777976334817,v1
0,low_risk,no_action,0,No action,2026-05-05T10:18:54.837Z,1777976334817,v1
0,low_risk,no_action,0,No action,2026-05-05T10:18:54.837Z,1777976334817,v1
0,low_risk,no_action,0,No action,2026-05-05T10:18:54.837Z,1777976334817,v1
0,low_risk,no_action,0,No action,2026-05-05T10:18:54.837Z,1777976334817,v1
0,low_risk,no_action,0,No action,2026-05-05T10:18:54.837Z,1777976334817,v1
0,low_risk,no_action,0,No action,2026-05-05T10:18:54.837Z,1777976334817,v1
0,low_risk,no_action,0,No action,2026-05-05T10:18:54.837Z,1777976334817,v1
0,low_risk,no_action,0,No action,2026-05-05T10:18:54.837Z,1777976334817,v1
0,low_risk,no_action,0,No action,2026-05-05T10:18:54.837Z,1777976334817,v1
0,low_risk,no_action,0,No action,2026-05-05T10:18:54.837Z,1777976334817,v1
0.02,low_risk,no_action,0,No action,2026-05-05T10:18:54.837Z,1777976334817,v1
0,low_risk,no_action,0,No action,2026-05-05T10:18:54.837Z,1777976334817,v1
0,low_risk,no_action,0,No action,2026-05-05T10:18:54.837Z,1777976334817,v1
0,low_risk,no_action,0,No action,2026-05-05T10:18:54.837Z,1777976334817,v1
0.99,high_risk,premium_retention_offer,68.8,Send premium retention offer,2026-05-05T10:18:54.837Z,1777976334817,v1
0,low_risk,no_action,0,No action,2026-05-05T10:18:54.837Z,1777976334817,v1
0,low_risk,no_action,0,No action,2026-05-05T10:18:54.837Z,1777976334817,v1
0,low_risk,no_action,0,No action,2026-05-05T10:18:54.837Z,1777976334817,v1
0,low_risk,no_action,0,No action,2026-05-05T10:18:54.837Z,1777976334817,v1
0,low_risk,no_action,0,No action,2026-05-05T10:18:54.837Z,1777976334817,v1
0,low_risk,no_action,0,No action,2026-05-05T10:18:54.837Z,1777976334817,v1
0.01,low_risk,no_action,0,No action,2026-05-05T10:18:54.837Z,1777976334817,v1
0,low_risk,no_action,0,No action,2026-05-05T10:18:54.837Z,1777976334817,v1
0,low_risk,no_action,0,No action,2026-05-05T10:18:54.837Z,1777976334817,v1
0.02,low_risk,no_action,0,No action,2026-05-05T10:18:54.837Z,1777976334817,v1
0,low_risk,no_action,0,No action,2026-05-05T10:18:54.837Z,1777976334817,v1
0.03,low_risk,no_action,0,No action,2026-05-05T10:18:54.837Z,1777976334817,v1
0.98,high_risk,premium_retention_offer,67.6,Send premium retention offer,2026-05-05T10:18:54.837Z,1777976334817,v1
0,low_risk,no_action,0,No action,2026-05-05T10:18:54.837Z,1777976334817,v1
0,low_risk,no_action,0,No action,2026-05-05T10:18:54.837Z,1777976334817,v1
1,high_risk,premium_retention_offer,70,Send premium retention offer,2026-05-05T10:18:54.837Z,1777976334817,v1
0,low_risk,no_action,0,No action,2026-05-05T10:18:54.837Z,1777976334817,v1
0,low_risk,no_action,0,No action,2026-05-05T10:18:54.837Z,1777976334817,v1
0,low_risk,no_action,0,No action,2026-05-05T10:18:54.837Z,1777976334817,v1
1,high_risk,premium_retention_offer,70,Send premium retention offer,2026-05-05T10:18:54.837Z,1777976334817,v1
0.02,low_risk,no_action,0,No action,2026-05-05T10:18:54.837Z,1777976334817,v1
0,low_risk,no_action,0,No action,2026-05-05T10:18:54.837Z,1777976334817,v1
0,low_risk,no_action,0,No action,2026-05-05T10:18:54.837Z,1777976334817,v1
0,low_risk,no_action,0,No action,2026-05-05T10:18:54.837Z,1777976334817,v1
0,low_risk,no_action,0,No action,2026-05-05T10:18:54.837Z,1777976334817,v1
0,low_risk,no_action,0,No action,2026-05-05T10:18:54.837Z,1777976334817,v1
0,low_risk,no_action,0,No action,2026-05-05T10:18:54.837Z,1777976334817,v1
0,low_risk,no_action,0,No action,2026-05-05T10:18:54.837Z,1777976334817,v1
0,low_risk,no_action,0,No action,2026-05-05T10:18:54.837Z,1777976334817,v1
0,low_risk,no_action,0,No action,2026-05-05T10:18:54.837Z,1777976334817,v1
0,low_risk,no_action,0,No action,2026-05-05T10:18:54.837Z,1777976334817,v1
0,low_risk,no_action,0,No action,2026-05-05T10:18:54.837Z,1777976334817,v1
0,low_risk,no_action,0,No action,2026-05-05T10:18:54.837Z,1777976334817,v1
0,low_risk,no_action,0,No action,2026-05-05T10:18:54.837Z,1777976334817,v1
0,low_risk,no_action,0,No action,2026-05-05T10:18:54.837Z,1777976334817,v1
0,low_risk,no_action,0,No action,2026-05-05T10:18:54.837Z,1777976334817,v1
0,low_risk,no_action,0,No action,2026-05-05T10:18:54.837Z,1777976334817,v1
0,low_risk,no_action,0,No action,2026-05-05T10:18:54.837Z,1777976334817,v1
1,high_risk,premium_retention_offer,70,Send premium retention offer,2026-05-05T10:18:54.837Z,1777976334817,v1
0,low_risk,no_action,0,No action,2026-05-05T10:18:54.837Z,1777976334817,v1
0.99,high_risk,premium_retention_offer,68.8,Send premium retention offer,2026-05-05T10:18:54.837Z,1777976334817,v1
1,high_risk,premium_retention_offer,70,Send premium retention offer,2026-05-05T10:18:54.837Z,1777976334817,v1
0.01,low_risk,no_action,0,No action,2026-05-05T10:18:54.837Z,1777976334817,v1
0,low_risk,no_action,0,No action,2026-05-05T10:18:54.837Z,1777976334817,v1
0,low_risk,no_action,0,No action,2026-05-05T10:18:54.837Z,1777976334817,v1
0,low_risk,no_action,0,No action,2026-05-05T10:18:54.837Z,1777976334817,v1
0,low_risk,no_action,0,No action,2026-05-05T10:18:54.837Z,1777976334817,v1
1,high_risk,premium_retention_offer,70,Send premium retention offer,2026-05-05T10:18:54.837Z,1777976334817,v1
0.01,low_risk,no_action,0,No action,2026-05-05T10:18:54.837Z,1777976334817,v1
1,high_risk,premium_retention_offer,70,Send premium retention offer,2026-05-05T10:18:54.837Z,1777976334817,v1
1,high_risk,premium_retention_offer,70,Send premium retention offer,2026-05-05T10:18:54.837Z,1777976334817,v1
0,low_risk,no_action,0,No action,2026-05-05T10:18:54.837Z,1777976334817,v1
0.01,low_risk,no_action,0,No action,2026-05-05T10:18:54.837Z,1777976334817,v1
0.01,low_risk,no_action,0,No action,2026-05-05T10:18:54.837Z,1777976334817,v1
0,low_risk,no_action,0,No action,2026-05-05T10:18:54.837Z,1777976334817,v1
0,low_risk,no_action,0,No action,2026-05-05T10:18:54.837Z,1777976334817,v1
0,low_risk,no_action,0,No action,2026-05-05T10:18:54.837Z,1777976334817,v1
0.98,high_risk,premium_retention_offer,67.6,Send premium retention offer,2026-05-05T10:18:54.837Z,1777976334817,v1
0,low_risk,no_action,0,No action,2026-05-05T10:18:54.837Z,1777976334817,v1
0,low_risk,no_action,0,No action,2026-05-05T10:18:54.837Z,1777976334817,v1
1,high_risk,premium_retention_offer,70,Send premium retention offer,2026-05-05T10:18:54.837Z,1777976334817,v1
0.01,low_risk,no_action,0,No action,2026-05-05T10:18:54.837Z,1777976334817,v1
0,low_risk,no_action,0,No action,2026-05-05T10:18:54.837Z,1777976334817,v1
0,low_risk,no_action,0,No action,2026-05-05T10:18:54.837Z,1777976334817,v1
0,low_risk,no_action,0,No action,2026-05-05T10:18:54.837Z,1777976334817,v1
0,low_risk,no_action,0,No action,2026-05-05T10:18:54.837Z,1777976334817,v1
1,high_risk,premium_retention_offer,70,Send premium retention offer,2026-05-05T10:18:54.837Z,1777976334817,v1
0,low_risk,no_action,0,No action,2026-05-05T10:18:54.837Z,1777976334817,v1
0,low_risk,no_action,0,No action,2026-05-05T10:18:54.837Z,1777976334817,v1
0.97,high_risk,premium_retention_offer,66.4,Send premium retention offer,2026-05-05T10:18:54.837Z,1777976334817,v1
0.95,high_risk,premium_retention_offer,64,Send premium retention offer,2026-05-05T10:18:54.837Z,1777976334817,v1
0,low_risk,no_action,0,No action,2026-05-05T10:18:54.837Z,1777976334817,v1
1,high_risk,premium_retention_offer,70,Send premium retention offer,2026-05-05T10:18:54.837Z,1777976334817,v1
0,low_risk,no_action,0,No action,2026-05-05T10:18:54.837Z,1777976334817,v1
0,low_risk,no_action,0,No action,2026-05-05T10:18:54.837Z,1777976334817,v1
0,low_risk,no_action,0,No action,2026-05-05T10:18:54.837Z,1777976334817,v1
0,low_risk,no_action,0,No action,2026-05-05T10:18:54.837Z,1777976334817,v1
0,low_risk,no_action,0,No action,2026-05-05T10:18:54.837Z,1777976334817,v1
1,high_risk,premium_retention_offer,70,Send premium retention offer,2026-05-05T10:18:54.837Z,1777976334817,v1
0,low_risk,no_action,0,No action,2026-05-05T10:18:54.837Z,1777976334817,v1
0,low_risk,no_action,0,No action,2026-05-05T10:18:54.837Z,1777976334817,v1
0,low_risk,no_action,0,No action,2026-05-05T10:18:54.837Z,1777976334817,v1
0,low_risk,no_action,0,No action,2026-05-05T10:18:54.837Z,1777976334817,v1
0,low_risk,no_action,0,No action,2026-05-05T10:18:54.837Z,1777976334817,v1
0,low_risk,no_action,0,No action,2026-05-05T10:18:54.837Z,1777976334817,v1
0,low_risk,no_action,0,No action,2026-05-05T10:18:54.837Z,1777976334817,v1
0,low_risk,no_action,0,No action,2026-05-05T10:18:54.837Z,1777976334817,v1
0,low_risk,no_action,0,No action,2026-05-05T10:18:54.837Z,1777976334817,v1
0,low_risk,no_action,0,No action,2026-05-05T10:18:54.837Z,1777976334817,v1
0,low_risk,no_action,0,No action,2026-05-05T10:18:54.837Z,1777976334817,v1
1,high_risk,premium_retention_offer,70,Send premium retention offer,2026-05-05T10:18:54.837Z,1777976334817,v1
0,low_risk,no_action,0,No action,2026-05-05T10:18:54.837Z,1777976334817,v1
1,high_risk,premium_retention_offer,70,Send premium retention offer,2026-05-05T10:18:54.837Z,1777976334817,v1
0,low_risk,no_action,0,No action,2026-05-05T10:18:54.837Z,1777976334817,v1
0,low_risk,no_action,0,No action,2026-05-05T10:18:54.837Z,1777976334817,v1
0,low_risk,no_action,0,No action,2026-05-05T10:18:54.837Z,1777976334817,v1
0,low_risk,no_action,0,No action,2026-05-05T10:18:54.837Z,1777976334817,v1
0,low_risk,no_action,0,No action,2026-05-05T10:18:54.837Z,1777976334817,v1
0,low_risk,no_action,0,No action,2026-05-05T10:18:54.837Z,1777976334817,v1
0,low_risk,no_action,0,No action,2026-05-05T10:18:54.837Z,1777976334817,v1
0,low_risk,no_action,0,No action,2026-05-05T10:18:54.837Z,1777976334817,v1
0,low_risk,no_action,0,No action,2026-05-05T10:18:54.837Z,1777976334817,v1
0.01,low_risk,no_action,0,No action,2026-05-05T10:18:54.837Z,1777976334817,v1
1,high_risk,premium_retention_offer,70,Send premium retention offer,2026-05-05T10:18:54.837Z,1777976334817,v1
0,low_risk,no_action,0,No action,2026-05-05T10:18:54.837Z,1777976334817,v1
0,low_risk,no_action,0,No action,2026-05-05T10:18:54.837Z,1777976334817,v1
1,high_risk,premium_retention_offer,70,Send premium retention offer,2026-05-05T10:18:54.837Z,1777976334817,v1
0,low_risk,no_action,0,No action,2026-05-05T10:18:54.837Z,1777976334817,v1
0,low_risk,no_action,0,No action,2026-05-05T10:18:54.837Z,1777976334817,v1
0,low_risk,no_action,0,No action,2026-05-05T10:18:54.837Z,1777976334817,v1
0,low_risk,no_action,0,No action,2026-05-05T10:18:54.837Z,1777976334817,v1
0,low_risk,no_action,0,No action,2026-05-05T10:18:54.837Z,1777976334817,v1
0,low_risk,no_action,0,No action,2026-05-05T10:18:54.837Z,1777976334817,v1
1,high_risk,premium_retention_offer,70,Send premium retention offer,2026-05-05T10:18:54.837Z,1777976334817,v1
0,low_risk,no_action,0,No action,2026-05-05T10:18:54.837Z,1777976334817,v1
0,low_risk,no_action,0,No action,2026-05-05T10:18:54.837Z,1777976334817,v1
0,low_risk,no_action,0,No action,2026-05-05T10:18:54.837Z,1777976334817,v1
0,low_risk,no_action,0,No action,2026-05-05T10:18:54.837Z,1777976334817,v1
0,low_risk,no_action,0,No action,2026-05-05T10:18:54.837Z,1777976334817,v1
0,low_risk,no_action,0,No action,2026-05-05T10:18:54.837Z,1777976334817,v1
0,low_risk,no_action,0,No action,2026-05-05T10:18:54.837Z,1777976334817,v1
1,high_risk,premium_retention_offer,70,Send premium retention offer,2026-05-05T10:18:54.837Z,1777976334817,v1
0.98,high_risk,premium_retention_offer,67.6,Send premium retention offer,2026-05-05T10:18:54.837Z,1777976334817,v1
0,low_risk,no_action,0,No action,2026-05-05T10:18:54.837Z,1777976334817,v1
0,low_risk,no_action,0,No action,2026-05-05T10:18:54.837Z,1777976334817,v1
0,low_risk,no_action,0,No action,2026-05-05T10:18:54.837Z,1777976334817,v1
0,low_risk,no_action,0,No action,2026-05-05T10:18:54.837Z,1777976334817,v1
0,low_risk,no_action,0,No action,2026-05-05T10:18:54.837Z,1777976334817,v1
0,low_risk,no_action,0,No action,2026-05-05T10:18:54.837Z,1777976334817,v1
0,low_risk,no_action,0,No action,2026-05-05T10:18:54.837Z,1777976334817,v1
0,low_risk,no_action,0,No action,2026-05-05T10:18:54.837Z,1777976334817,v1
0.98,high_risk,premium_retention_offer,67.6,Send premium retention offer,2026-05-05T10:18:54.837Z,1777976334817,v1
0,low_risk,no_action,0,No action,2026-05-05T10:18:54.837Z,1777976334817,v1
0,low_risk,no_action,0,No action,2026-05-05T10:18:54.837Z,1777976334817,v1
0,low_risk,no_action,0,No action,2026-05-05T10:18:54.837Z,1777976334817,v1
0,low_risk,no_action,0,No action,2026-05-05T10:18:54.837Z,1777976334817,v1
0,low_risk,no_action,0,No action,2026-05-05T10:18:54.837Z,1777976334817,v1
0,low_risk,no_action,0,No action,2026-05-05T10:18:54.837Z,1777976334817,v1
0,low_risk,no_action,0,No action,2026-05-05T10:18:54.837Z,1777976334817,v1
0,low_risk,no_action,0,No action,2026-05-05T10:18:54.837Z,1777976334817,v1
0,low_risk,no_action,0,No action,2026-05-05T10:18:54.837Z,1777976334817,v1
1,high_risk,premium_retention_offer,70,Send premium retention offer,2026-05-05T10:18:54.837Z,1777976334817,v1
0,low_risk,no_action,0,No action,2026-05-05T10:18:54.837Z,1777976334817,v1
0,low_risk,no_action,0,No action,2026-05-05T10:18:54.837Z,1777976334817,v1
0,low_risk,no_action,0,No action,2026-05-05T10:18:54.837Z,1777976334817,v1
0,low_risk,no_action,0,No action,2026-05-05T10:18:54.837Z,1777976334817,v1
0,low_risk,no_action,0,No action,2026-05-05T10:18:54.837Z,1777976334817,v1
1,high_risk,premium_retention_offer,70,Send premium retention offer,2026-05-05T10:18:54.837Z,1777976334817,v1
0,low_risk,no_action,0,No action,2026-05-05T10:18:54.837Z,1777976334817,v1
0,low_risk,no_action,0,No action,2026-05-05T10:18:54.837Z,1777976334817,v1
0,low_risk,no_action,0,No action,2026-05-05T10:18:54.837Z,1777976334817,v1
0,low_risk,no_action,0,No action,2026-05-05T10:18:54.837Z,1777976334817,v1
0,low_risk,no_action,0,No action,2026-05-05T10:18:54.837Z,1777976334817,v1
1,high_risk,premium_retention_offer,70,Send premium retention offer,2026-05-05T10:18:54.837Z,1777976334817,v1
1,high_risk,premium_retention_offer,70,Send premium retention offer,2026-05-05T10:18:54.837Z,1777976334817,v1
0,low_risk,no_action,0,No action,2026-05-05T10:18:54.837Z,1777976334817,v1
1,high_risk,premium_retention_offer,70,Send premium retention offer,2026-05-05T10:18:54.837Z,1777976334817,v1
0,low_risk,no_action,0,No action,2026-05-05T10:18:54.837Z,1777976334817,v1
0,low_risk,no_action,0,No action,2026-05-05T10:18:54.837Z,1777976334817,v1
0,low_risk,no_action,0,No action,2026-05-05T10:18:54.837Z,1777976334817,v1
0.99,high_risk,premium_retention_offer,68.8,Send premium retention offer,2026-05-05T10:18:54.837Z,1777976334817,v1
0.01,low_risk,no_action,0,No action,2026-05-05T10:18:54.837Z,1777976334817,v1
0,low_risk,no_action,0,No action,2026-05-05T10:18:54.837Z,1777976334817,v1
0,low_risk,no_action,0,No action,2026-05-05T10:18:54.837Z,1777976334817,v1
0,low_risk,no_action,0,No action,2026-05-05T10:18:54.837Z,1777976334817,v1
0,low_risk,no_action,0,No action,2026-05-05T10:18:54.837Z,1777976334817,v1
0,low_risk,no_action,0,No action,2026-05-05T10:18:54.837Z,1777976334817,v1
0,low_risk,no_action,0,No action,2026-05-05T10:18:54.837Z,1777976334817,v1
0,low_risk,no_action,0,No action,2026-05-05T10:18:54.837Z,1777976334817,v1
0,low_risk,no_action,0,No action,2026-05-05T10:18:54.837Z,1777976334817,v1
0,low_risk,no_action,0,No action,2026-05-05T10:18:54.837Z,1777976334817,v1
0,low_risk,no_action,0,No action,2026-05-05T10:18:54.837Z,1777976334817,v1
0,low_risk,no_action,0,No action,2026-05-05T10:18:54.837Z,1777976334817,v1
0,low_risk,no_action,0,No action,2026-05-05T10:18:54.837Z,1777976334817,v1
1,high_risk,premium_retention_offer,70,Send premium retention offer,2026-05-05T10:18:54.837Z,1777976334817,v1
0.01,low_risk,no_action,0,No action,2026-05-05T10:18:54.837Z,1777976334817,v1
0,low_risk,no_action,0,No action,2026-05-05T10:18:54.837Z,1777976334817,v1
0,low_risk,no_action,0,No action,2026-05-05T10:18:54.837Z,1777976334817,v1
1,high_risk,premium_retention_offer,70,Send premium retention offer,2026-05-05T10:18:54.837Z,1777976334817,v1
0,low_risk,no_action,0,No action,2026-05-05T10:18:54.837Z,1777976334817,v1
1,high_risk,premium_retention_offer,70,Send premium retention offer,2026-05-05T10:18:54.837Z,1777976334817,v1
1,high_risk,premium_retention_offer,70,Send premium retention offer,2026-05-05T10:18:54.837Z,1777976334817,v1
0.01,low_risk,no_action,0,No action,2026-05-05T10:18:54.837Z,1777976334817,v1
0,low_risk,no_action,0,No action,2026-05-05T10:18:54.837Z,1777976334817,v1
0,low_risk,no_action,0,No action,2026-05-05T10:18:54.837Z,1777976334817,v1
1,high_risk,premium_retention_offer,70,Send premium retention offer,2026-05-05T10:18:54.837Z,1777976334817,v1
0,low_risk,no_action,0,No action,2026-05-05T10:18:54.837Z,1777976334817,v1
0,low_risk,no_action,0,No action,2026-05-05T10:18:54.837Z,1777976334817,v1
0.01,low_risk,no_action,0,No action,2026-05-05T10:18:54.837Z,1777976334817,v1
0,low_risk,no_action,0,No action,2026-05-05T10:18:54.837Z,1777976334817,v1
0.01,low_risk,no_action,0,No action,2026-05-05T10:18:54.837Z,1777976334817,v1
0,low_risk,no_action,0,No action,2026-05-05T10:18:54.837Z,1777976334817,v1
0,low_risk,no_action,0,No action,2026-05-05T10:18:54.837Z,1777976334817,v1
0,low_risk,no_action,0,No action,2026-05-05T10:18:54.837Z,1777976334817,v1
0,low_risk,no_action,0,No action,2026-05-05T10:18:54.837Z,1777976334817,v1
0,low_risk,no_action,0,No action,2026-05-05T10:18:54.837Z,1777976334817,v1
0,low_risk,no_action,0,No action,2026-05-05T10:18:54.837Z,1777976334817,v1
0,low_risk,no_action,0,No action,2026-05-05T10:18:54.837Z,1777976334817,v1
0,low_risk,no_action,0,No action,2026-05-05T10:18:54.837Z,1777976334817,v1
0.99,high_risk,premium_retention_offer,68.8,Send premium retention offer,2026-05-05T10:18:54.837Z,1777976334817,v1
0,low_risk,no_action,0,No action,2026-05-05T10:18:54.837Z,1777976334817,v1
1,high_risk,premium_retention_offer,70,Send premium retention offer,2026-05-05T10:18:54.837Z,1777976334817,v1
0,low_risk,no_action,0,No action,2026-05-05T10:18:54.837Z,1777976334817,v1
0,low_risk,no_action,0,No action,2026-05-05T10:18:54.837Z,1777976334817,v1
1,high_risk,premium_retention_offer,70,Send premium retention offer,2026-05-05T10:18:54.837Z,1777976334817,v1
0.01,low_risk,no_action,0,No action,2026-05-05T10:18:54.837Z,1777976334817,v1
1,high_risk,premium_retention_offer,70,Send premium retention offer,2026-05-05T10:18:54.837Z,1777976334817,v1
0,low_risk,no_action,0,No action,2026-05-05T10:18:54.837Z,1777976334817,v1
0,low_risk,no_action,0,No action,2026-05-05T10:18:54.837Z,1777976334817,v1
0,low_risk,no_action,0,No action,2026-05-05T10:18:54.837Z,1777976334817,v1
0,low_risk,no_action,0,No action,2026-05-05T10:18:54.837Z,1777976334817,v1
0,low_risk,no_action,0,No action,2026-05-05T10:18:54.837Z,1777976334817,v1
0,low_risk,no_action,0,No action,2026-05-05T10:18:54.837Z,1777976334817,v1
0,low_risk,no_action,0,No action,2026-05-05T10:18:54.837Z,1777976334817,v1
0,low_risk,no_action,0,No action,2026-05-05T10:18:54.837Z,1777976334817,v1
0,low_risk,no_action,0,No action,2026-05-05T10:18:54.837Z,1777976334817,v1
0,low_risk,no_action,0,No action,2026-05-05T10:18:54.837Z,1777976334817,v1
1,high_risk,premium_retention_offer,70,Send premium retention offer,2026-05-05T10:18:54.837Z,1777976334817,v1
0,low_risk,no_action,0,No action,2026-05-05T10:18:54.837Z,1777976334817,v1
0,low_risk,no_action,0,No action,2026-05-05T10:18:54.837Z,1777976334817,v1
0.99,high_risk,premium_retention_offer,68.8,Send premium retention offer,2026-05-05T10:18:54.837Z,1777976334817,v1
0,low_risk,no_action,0,No action,2026-05-05T10:18:54.837Z,1777976334817,v1
0,low_risk,no_action,0,No action,2026-05-05T10:18:54.837Z,1777976334817,v1
0,low_risk,no_action,0,No action,2026-05-05T10:18:54.837Z,1777976334817,v1
0,low_risk,no_action,0,No action,2026-05-05T10:18:54.837Z,1777976334817,v1
0,low_risk,no_action,0,No action,2026-05-05T10:18:54.837Z,1777976334817,v1
0,low_risk,no_action,0,No action,2026-05-05T10:18:54.837Z,1777976334817,v1
1,high_risk,premium_retention_offer,70,Send premium retention offer,2026-05-05T10:18:54.837Z,1777976334817,v1
0,low_risk,no_action,0,No action,2026-05-05T10:18:54.837Z,1777976334817,v1
0,low_risk,no_action,0,No action,2026-05-05T10:18:54.837Z,1777976334817,v1
0,low_risk,no_action,0,No action,2026-05-05T10:18:54.837Z,1777976334817,v1
0,low_risk,no_action,0,No action,2026-05-05T10:18:54.837Z,1777976334817,v1
1,high_risk,premium_retention_offer,70,Send premium retention offer,2026-05-05T10:18:54.837Z,1777976334817,v1
0,low_risk,no_action,0,No action,2026-05-05T10:18:54.837Z,1777976334817,v1
0,low_risk,no_action,0,No action,2026-05-05T10:18:54.837Z,1777976334817,v1
0,low_risk,no_action,0,No action,2026-05-05T10:18:54.837Z,1777976334817,v1
0,low_risk,no_action,0,No action,2026-05-05T10:18:54.837Z,1777976334817,v1
0,low_risk,no_action,0,No action,2026-05-05T10:18:54.837Z,1777976334817,v1
0,low_risk,no_action,0,No action,2026-05-05T10:18:54.837Z,1777976334817,v1
1,high_risk,premium_retention_offer,70,Send premium retention offer,2026-05-05T10:18:54.837Z,1777976334817,v1
0.02,low_risk,no_action,0,No action,2026-05-05T10:18:54.837Z,1777976334817,v1
0,low_risk,no_action,0,No action,2026-05-05T10:18:54.837Z,1777976334817,v1
0.99,high_risk,premium_retention_offer,68.8,Send premium retention offer,2026-05-05T10:18:54.837Z,1777976334817,v1
0,low_risk,no_action,0,No action,2026-05-05T10:18:54.837Z,1777976334817,v1
0,low_risk,no_action,0,No action,2026-05-05T10:18:54.837Z,1777976334817,v1
0,low_risk,no_action,0,No action,2026-05-05T10:18:54.837Z,1777976334817,v1
1,high_risk,premium_retention_offer,70,Send premium retention offer,2026-05-05T10:18:54.837Z,1777976334817,v1
0,low_risk,no_action,0,No action,2026-05-05T10:18:54.837Z,1777976334817,v1
0,low_risk,no_action,0,No action,2026-05-05T10:18:54.837Z,1777976334817,v1
0,low_risk,no_action,0,No action,2026-05-05T10:18:54.837Z,1777976334817,v1
0,low_risk,no_action,0,No action,2026-05-05T10:18:54.837Z,1777976334817,v1
0,low_risk,no_action,0,No action,2026-05-05T10:18:54.838Z,1777976334817,v1
0,low_risk,no_action,0,No action,2026-05-05T10:18:54.838Z,1777976334817,v1
0,low_risk,no_action,0,No action,2026-05-05T10:18:54.838Z,1777976334817,v1
0,low_risk,no_action,0,No action,2026-05-05T10:18:54.838Z,1777976334817,v1
0.03,low_risk,no_action,0,No action,2026-05-05T10:18:54.838Z,1777976334817,v1
0.99,high_risk,premium_retention_offer,68.8,Send premium retention offer,2026-05-05T10:18:54.838Z,1777976334817,v1
0,low_risk,no_action,0,No action,2026-05-05T10:18:54.838Z,1777976334817,v1
0,low_risk,no_action,0,No action,2026-05-05T10:18:54.838Z,1777976334817,v1
0,low_risk,no_action,0,No action,2026-05-05T10:18:54.838Z,1777976334817,v1
0,low_risk,no_action,0,No action,2026-05-05T10:18:54.838Z,1777976334817,v1
0,low_risk,no_action,0,No action,2026-05-05T10:18:54.838Z,1777976334817,v1
0,low_risk,no_action,0,No action,2026-05-05T10:18:54.838Z,1777976334817,v1
0,low_risk,no_action,0,No action,2026-05-05T10:18:54.838Z,1777976334817,v1
0,low_risk,no_action,0,No action,2026-05-05T10:18:54.838Z,1777976334817,v1
0,low_risk,no_action,0,No action,2026-05-05T10:18:54.838Z,1777976334817,v1
0.01,low_risk,no_action,0,No action,2026-05-05T10:18:54.838Z,1777976334817,v1
0,low_risk,no_action,0,No action,2026-05-05T10:18:54.838Z,1777976334817,v1
0,low_risk,no_action,0,No action,2026-05-05T10:18:54.838Z,1777976334817,v1
0.98,high_risk,premium_retention_offer,67.6,Send premium retention offer,2026-05-05T10:18:54.838Z,1777976334817,v1
0,low_risk,no_action,0,No action,2026-05-05T10:18:54.838Z,1777976334817,v1
0,low_risk,no_action,0,No action,2026-05-05T10:18:54.838Z,1777976334817,v1
0,low_risk,no_action,0,No action,2026-05-05T10:18:54.838Z,1777976334817,v1
0,low_risk,no_action,0,No action,2026-05-05T10:18:54.838Z,1777976334817,v1
0,low_risk,no_action,0,No action,2026-05-05T10:18:54.838Z,1777976334817,v1
0,low_risk,no_action,0,No action,2026-05-05T10:18:54.838Z,1777976334817,v1
0.01,low_risk,no_action,0,No action,2026-05-05T10:18:54.838Z,1777976334817,v1
0,low_risk,no_action,0,No action,2026-05-05T10:18:54.838Z,1777976334817,v1
1,high_risk,premium_retention_offer,70,Send premium retention offer,2026-05-05T10:18:54.838Z,1777976334817,v1
0,low_risk,no_action,0,No action,2026-05-05T10:18:54.838Z,1777976334817,v1
0.01,low_risk,no_action,0,No action,2026-05-05T10:18:54.838Z,1777976334817,v1
0.01,low_risk,no_action,0,No action,2026-05-05T10:18:54.838Z,1777976334817,v1
0.99,high_risk,premium_retention_offer,68.8,Send premium retention offer,2026-05-05T10:18:54.838Z,1777976334817,v1
0,low_risk,no_action,0,No action,2026-05-05T10:18:54.838Z,1777976334817,v1
1,high_risk,premium_retention_offer,70,Send premium retention offer,2026-05-05T10:18:54.838Z,1777976334817,v1
0,low_risk,no_action,0,No action,2026-05-05T10:18:54.838Z,1777976334817,v1
0,low_risk,no_action,0,No action,2026-05-05T10:18:54.838Z,1777976334817,v1
0,low_risk,no_action,0,No action,2026-05-05T10:18:54.838Z,1777976334817,v1
0,low_risk,no_action,0,No action,2026-05-05T10:18:54.838Z,1777976334817,v1
0,low_risk,no_action,0,No action,2026-05-05T10:18:54.838Z,1777976334817,v1
0,low_risk,no_action,0,No action,2026-05-05T10:18:54.841Z,1777976334817,v1
0,low_risk,no_action,0,No action,2026-05-05T10:18:54.841Z,1777976334817,v1
0,low_risk,no_action,0,No action,2026-05-05T10:18:54.841Z,1777976334817,v1
0,low_risk,no_action,0,No action,2026-05-05T10:18:54.841Z,1777976334817,v1
0,low_risk,no_action,0,No action,2026-05-05T10:18:54.841Z,1777976334817,v1
0,low_risk,no_action,0,No action,2026-05-05T10:18:54.841Z,1777976334817,v1
0,low_risk,no_action,0,No action,2026-05-05T10:18:54.841Z,1777976334817,v1
0.96,high_risk,premium_retention_offer,65.2,Send premium retention offer,2026-05-05T10:18:54.841Z,1777976334817,v1
0,low_risk,no_action,0,No action,2026-05-05T10:18:54.841Z,1777976334817,v1
0.46,low_medium,no_action,0,No action,2026-05-05T10:18:54.841Z,1777976334817,v1
0.68,medium_risk,email_campaign,25.6,Send email campaign,2026-05-05T10:18:54.841Z,1777976334817,v1
0.06,low_risk,no_action,0,No action,2026-05-05T10:18:54.841Z,1777976334817,v1
0,low_risk,no_action,0,No action,2026-05-05T10:18:54.841Z,1777976334817,v1
1,high_risk,premium_retention_offer,70,Send premium retention offer,2026-05-05T10:18:54.841Z,1777976334817,v1
0.98,high_risk,premium_retention_offer,67.6,Send premium retention offer,2026-05-05T10:18:54.841Z,1777976334817,v1
0,low_risk,no_action,0,No action,2026-05-05T10:18:54.841Z,1777976334817,v1
0.33,low_medium,no_action,0,No action,2026-05-05T10:18:54.841Z,1777976334817,v1
0.98,high_risk,premium_retention_offer,67.6,Send premium retention offer,2026-05-05T10:18:54.841Z,1777976334817,v1
0,low_risk,no_action,0,No action,2026-05-05T10:18:54.841Z,1777976334817,v1
0.01,low_risk,no_action,0,No action,2026-05-05T10:18:54.841Z,1777976334817,v1
0,low_risk,no_action,0,No action,2026-05-05T10:18:54.841Z,1777976334817,v1
0,low_risk,no_action,0,No action,2026-05-05T10:18:54.841Z,1777976334817,v1
0,low_risk,no_action,0,No action,2026-05-05T10:18:54.841Z,1777976334817,v1
1,high_risk,premium_retention_offer,70,Send premium retention offer,2026-05-05T10:18:54.841Z,1777976334817,v1
0,low_risk,no_action,0,No action,2026-05-05T10:18:54.841Z,1777976334817,v1
0,low_risk,no_action,0,No action,2026-05-05T10:18:54.841Z,1777976334817,v1
0,low_risk,no_action,0,No action,2026-05-05T10:18:54.841Z,1777976334817,v1
0,low_risk,no_action,0,No action,2026-05-05T10:18:54.841Z,1777976334817,v1
0,low_risk,no_action,0,No action,2026-05-05T10:18:54.841Z,1777976334817,v1
1,high_risk,premium_retention_offer,70,Send premium retention offer,2026-05-05T10:18:54.841Z,1777976334817,v1
1,high_risk,premium_retention_offer,70,Send premium retention offer,2026-05-05T10:18:54.841Z,1777976334817,v1
0,low_risk,no_action,0,No action,2026-05-05T10:18:54.841Z,1777976334817,v1